component_id,Value_0h,Value_24h,Value_96h,Value_168h,lot_id,is_defective,activation_energy_ev,acceleration_factor,lot_mean_168h,lot_std_168h,zscore_168h,flag_zscore,iqr_lower,iqr_upper,flag_iqr,if_score,flag_isoforest,flag_module_a,anomaly_score,predicted_168h,predicted_slope,flag_module_b,final_flag,explanation
C_00001,10.979,10.946,11.104,10.989,LOT_000,False,0.272,14.3,11.951775000000001,3.819698454251364,-0.25205523722125817,False,9.380500000000001,12.610499999999998,False,0.20234933793861587,False,False,17.0,11.40464,0.0031850013732910177,False,False,No issues detected.
C_00002,10.951,10.801,11.263,11.118,LOT_000,False,0.353,31.4,11.951775000000001,3.819698454251364,-0.21828293777274507,False,9.380500000000001,12.610499999999998,False,0.1967890705061412,False,False,17.0,11.241239,0.003057212458716497,False,False,No issues detected.
C_00003,10.587,10.411,10.509,10.637,LOT_000,False,0.343,28.5,11.951775000000001,3.819698454251364,-0.34420910858464304,False,9.380500000000001,12.610499999999998,False,0.20976462060985834,False,False,17.4,10.842279,0.0029949960708618192,False,False,No issues detected.
C_00004,11.047,10.657,10.847,10.939,LOT_000,False,0.367,36.0,11.951775000000001,3.819698454251364,-0.26514527576719366,False,9.380500000000001,12.610499999999998,False,0.1950013187431029,False,False,17.5,11.07122,0.0028765305413140188,False,False,No issues detected.
C_00005,10.885,11.334,11.529,11.611,LOT_000,False,0.345,29.3,11.951775000000001,3.819698454251364,-0.08921515770982251,False,9.380500000000001,12.610499999999998,False,0.14073270764722967,False,False,18.7,11.483251,0.0010364626248677597,False,False,No issues detected.
C_00006,10.693,10.679,10.949,10.948,LOT_000,False,0.355,32.0,11.951775000000001,3.819698454251364,-0.2627890688289252,False,9.380500000000001,12.610499999999998,False,0.2209123054143941,False,False,16.1,11.181448,0.0034892221026950393,False,False,No issues detected.
C_00007,10.657,10.696,10.88,11.338,LOT_000,False,0.292,17.3,11.951775000000001,3.819698454251364,-0.16068676817062988,False,9.380500000000001,12.610499999999998,False,0.2027440315616763,False,False,16.2,11.224046,0.003666984399159751,False,False,No issues detected.
C_00008,11.004,11.166,11.292,11.382,LOT_000,False,0.283,15.9,11.951775000000001,3.819698454251364,-0.14916753425020665,False,9.380500000000001,12.610499999999998,False,0.17866184384216927,False,False,17.3,11.496038,0.0022919335895114448,False,False,No issues detected.
C_00009,9.821,14.571,21.323,26.511,LOT_000,True,0.73,1257.4,11.951775000000001,3.819698454251364,3.8116163289789093,True,9.380500000000001,12.610499999999998,True,-0.14436683929195326,True,True,64.0,26.705896,0.0842701137330797,True,True,"[Module A] Flagged because 168h leakage is 3.8 standard deviations from its lot's mean (26.51uA vs lot mean 11.95uA); and 168h leakage (26.51uA) falls outside the lot's normal IQR range [9.38, 12.61]uA; and the combination of readings across all four checkpoints is unusual relative to its lot (multivariate outlier). [Module B] The strongest driver was delta_24h (4.750), which pushed the predicted 168h value up by 12.85uA relative to baseline."
C_00010,10.93,10.84,11.165,11.04,LOT_000,False,0.333,25.9,11.951775000000001,3.819698454251364,-0.23870339790440454,False,9.380500000000001,12.610499999999998,False,0.20427307800175404,False,False,16.8,11.265221,0.002952921125623916,False,False,No issues detected.
C_00011,10.033,12.506,15.976,18.435,LOT_000,True,0.658,622.7,11.951775000000001,3.819698454251364,1.6973133030394325,False,9.380500000000001,12.610499999999998,True,-0.09126396771064071,True,True,43.7,19.322649,0.047337840292188856,True,True,"[Module A] Flagged because 168h leakage (18.43uA) falls outside the lot's normal IQR range [9.38, 12.61]uA; and the combination of readings across all four checkpoints is unusual relative to its lot (multivariate outlier). [Module B] The strongest driver was delta_24h (2.473), which pushed the predicted 168h value up by 6.93uA relative to baseline."
C_00012,9.957,10.11,10.284,10.459,LOT_000,False,0.333,25.9,11.951775000000001,3.819698454251364,-0.39080964580817307,False,9.380500000000001,12.610499999999998,False,0.17969839259666676,False,False,19.3,10.611776,0.003484557999504941,False,False,No issues detected.
C_00013,9.733,10.055,9.88,10.134,LOT_000,False,0.335,26.4,11.951775000000001,3.819698454251364,-0.47589489635675264,False,9.380500000000001,12.610499999999998,False,0.1469730732283726,False,False,21.6,10.394579,0.0023581870396931987,False,False,No issues detected.
C_00014,10.243,10.357,10.407,10.394,LOT_000,False,0.384,42.5,11.951775000000001,3.819698454251364,-0.4078266959178889,False,9.380500000000001,12.610499999999998,False,0.1954512276573579,False,False,18.6,10.773593,0.0028930065896776037,False,False,No issues detected.
C_00015,10.358,10.119,10.148,10.525,LOT_000,False,0.359,33.5,11.951775000000001,3.819698454251364,-0.37353079492753827,False,9.380500000000001,12.610499999999998,False,0.17275464137671998,False,False,19.5,10.6547,0.003720140828026667,False,False,No issues detected.
C_00016,11.539,15.875,23.005,28.06,LOT_000,True,0.729,1247.6,11.951775000000001,3.819698454251364,4.217145723131986,True,9.380500000000001,12.610499999999998,True,-0.1791705785430998,True,True,69.1,28.213486,0.08568392859564887,True,True,"[Module A] Flagged because 168h leakage is 4.2 standard deviations from its lot's mean (28.06uA vs lot mean 11.95uA); and 168h leakage (28.06uA) falls outside the lot's normal IQR range [9.38, 12.61]uA; and the combination of readings across all four checkpoints is unusual relative to its lot (multivariate outlier). [Module B] The strongest driver was delta_24h (4.336), which pushed the predicted 168h value up by 12.48uA relative to baseline."
C_00017,9.23,9.444,9.879,10.112,LOT_000,False,0.375,39.3,11.951775000000001,3.819698454251364,-0.48165451331696424,False,9.380500000000001,12.610499999999998,False,0.0861159446282398,False,False,24.7,9.908441,0.00322528187433878,False,False,No issues detected.
C_00018,11.659,12.412,12.389,12.661,LOT_000,False,0.367,36.0,11.951775000000001,3.819698454251364,0.1856756517548194,False,9.380500000000001,12.610499999999998,True,0.02999872655014324,False,True,25.0,12.855645,0.0030808693038092663,False,True,"[Module A] Flagged because 168h leakage (12.66uA) falls outside the lot's normal IQR range [9.38, 12.61]uA."
C_00019,10.245,10.261,10.407,10.855,LOT_000,False,0.393,46.5,11.951775000000001,3.819698454251364,-0.28713654052436494,False,9.380500000000001,12.610499999999998,False,0.20586357037934666,False,False,17.1,10.741502,0.0033368181122673934,False,False,No issues detected.
C_00020,10.747,10.693,10.914,11.228,LOT_000,False,0.421,61.1,11.951775000000001,3.819698454251364,-0.1894848529716875,False,9.380500000000001,12.610499999999998,False,0.21556720979362115,False,False,15.8,11.218998,0.0036527635786268472,False,False,No issues detected.
C_00021,11.478,12.012,12.033,12.015,LOT_000,False,0.317,22.2,11.951775000000001,3.819698454251364,0.01655235374133503,False,9.380500000000001,12.610499999999998,False,0.07553899852072388,False,False,21.4,12.148046,0.0009447606934441429,False,False,No issues detected.
C_00022,9.714,9.829,10.296,10.706,LOT_000,False,0.368,36.5,11.951775000000001,3.819698454251364,-0.32614485539125254,False,9.380500000000001,12.610499999999998,False,0.1444222380642124,False,False,20.5,10.282424,0.0031487775908576074,False,False,No issues detected.
C_00023,10.337,10.336,10.831,10.826,LOT_000,False,0.361,34.2,11.951775000000001,3.819698454251364,-0.2947287628810074,False,9.380500000000001,12.610499999999998,False,0.20950254454848194,False,False,17.0,10.821522,0.0033716788821750196,False,False,No issues detected.
C_00024,10.826,10.912,10.615,10.647,LOT_000,False,0.301,19.0,11.951775000000001,3.819698454251364,-0.341591100875456,False,9.380500000000001,12.610499999999998,False,0.18262545769539335,False,False,18.7,11.404386,0.0034193442132737844,False,False,No issues detected.
C_00025,9.601,9.76,9.848,10.032,LOT_000,False,0.314,21.6,11.951775000000001,3.819698454251364,-0.5025985749904608,False,9.380500000000001,12.610499999999998,False,0.13291479202476708,False,False,22.5,10.173114,0.0028688459926181384,False,False,No issues detected.
C_00026,10.412,10.39,10.517,10.737,LOT_000,False,0.376,39.4,11.951775000000001,3.819698454251364,-0.31802903149277245,False,9.380500000000001,12.610499999999998,False,0.21840904022823637,False,False,16.7,10.821522,0.002996678882175018,False,False,No issues detected.
C_00027,10.829,10.934,11.324,11.295,LOT_000,False,0.297,18.2,11.951775000000001,3.819698454251364,-0.17194420132013408,False,9.380500000000001,12.610499999999998,False,0.19404335630991898,False,False,16.7,11.404386,0.0032665664354960175,False,False,No issues detected.
C_00028,10.319,10.388,10.246,10.573,LOT_000,False,0.322,23.3,11.951775000000001,3.819698454251364,-0.3609643579234403,False,9.380500000000001,12.610499999999998,False,0.20253937943730033,False,False,17.9,10.818598,0.002990262455410428,False,False,No issues detected.
C_00029,11.863,11.896,12.55,13.092,LOT_000,False,0.425,63.8,11.951775000000001,3.819698454251364,0.2985117840207823,False,9.380500000000001,12.610499999999998,True,-0.0018130762037799064,True,True,27.6,12.49078,0.004130415810479053,False,True,"[Module A] Flagged because 168h leakage (13.09uA) falls outside the lot's normal IQR range [9.38, 12.61]uA; and the combination of readings across all four checkpoints is unusual relative to its lot (multivariate outlier)."
C_00030,9.88,9.786,10.012,10.03,LOT_000,False,0.324,23.7,11.951775000000001,3.819698454251364,-0.5031221765322984,False,9.380500000000001,12.610499999999998,False,0.13865184918276563,False,False,22.3,10.205694,0.002914543045891659,False,False,No issues detected.
C_00031,9.034,9.127,9.753,10.011,LOT_000,False,0.291,17.3,11.951775000000001,3.819698454251364,-0.5080963911797538,False,9.380500000000001,12.610499999999998,False,0.03210770314743239,False,False,27.6,9.690216,0.003911222669813363,False,False,No issues detected.
C_00032,9.937,10.23,10.641,10.721,LOT_000,False,0.364,35.0,11.951775000000001,3.819698454251364,-0.32221784382747176,False,9.380500000000001,12.610499999999998,False,0.1818981045276118,False,False,18.6,10.643617,0.0028723380300733747,False,False,No issues detected.
C_00033,10.228,10.393,10.321,10.598,LOT_000,False,0.295,17.9,11.951775000000001,3.819698454251364,-0.35441933865047254,False,9.380500000000001,12.610499999999998,False,0.20601796382892618,False,False,17.7,10.750739,0.002484299288855654,False,False,No issues detected.
C_00034,10.462,10.451,10.867,10.925,LOT_000,False,0.364,35.1,11.951775000000001,3.819698454251364,-0.2688104865600554,False,9.380500000000001,12.610499999999998,False,0.2147090486091559,False,False,16.5,10.875422,0.0029473716947767434,False,False,No issues detected.
C_00035,11.092,11.754,11.741,11.936,LOT_000,False,0.365,35.6,11.951775000000001,3.819698454251364,-0.004129907161242974,False,9.380500000000001,12.610499999999998,False,0.10934303265705941,False,False,19.6,11.96642,0.001475140094757083,False,False,No issues detected.
C_00036,10.839,11.167,11.357,11.454,LOT_000,False,0.368,36.6,11.951775000000001,3.819698454251364,-0.1303178787440595,False,9.380500000000001,12.610499999999998,False,0.1824639603846233,False,False,17.0,11.496038,0.0022849891450670043,False,False,No issues detected.
C_00037,9.685,10.296,10.572,10.736,LOT_000,False,0.356,32.5,11.951775000000001,3.819698454251364,-0.31829083226369104,False,9.380500000000001,12.610499999999998,False,0.1677193823669732,False,False,19.3,10.607239,0.002161380343967018,False,False,No issues detected.
C_00038,8.989,9.549,9.493,9.663,LOT_000,False,0.363,34.8,11.951775000000001,3.819698454251364,-0.5992030594594636,False,9.380500000000001,12.610499999999998,False,0.013295892161052425,False,False,29.3,9.766287,0.0015089364581637949,False,False,No issues detected.
C_00039,10.51,10.609,10.762,11.247,LOT_000,False,0.402,50.9,11.951775000000001,3.819698454251364,-0.184510638324232,False,9.380500000000001,12.610499999999998,False,0.190192616891654,False,False,17.0,10.988263,0.0026337717374165853,False,False,No issues detected.
C_00040,10.729,11.212,10.904,11.451,LOT_000,False,0.338,27.3,11.951775000000001,3.819698454251364,-0.13110328105681565,False,9.380500000000001,12.610499999999998,False,0.17503353520505438,False,False,17.3,11.371113,0.0011049501630995026,False,False,No issues detected.
C_00041,10.824,10.788,11.244,11.921,LOT_001,False,0.379,40.7,11.115675,4.332485609708743,0.18588059431642032,False,8.631124999999997,11.890125000000005,True,-0.0025297807011191997,True,True,26.7,11.39499,0.004215208106570772,False,True,"[Module A] Flagged because 168h leakage (11.92uA) falls outside the lot's normal IQR range [8.63, 11.89]uA; and the combination of readings across all four checkpoints is unusual relative to its lot (multivariate outlier)."
C_00042,9.134,9.314,9.618,9.866,LOT_001,False,0.309,20.6,11.115675,4.332485609708743,-0.2884429661346321,False,8.631124999999997,11.890125000000005,False,0.1747101728406691,False,False,18.7,9.861294,0.0038006513383653426,False,False,No issues detected.
C_00043,8.498,8.83,8.41,8.809,LOT_001,False,0.362,34.5,11.115675,4.332485609708743,-0.532413770707266,False,8.631124999999997,11.890125000000005,False,0.030526496721610785,False,False,27.9,8.975472,0.0010102253490024138,False,False,No issues detected.
C_00044,8.994,8.954,9.524,9.815,LOT_001,False,0.409,54.5,11.115675,4.332485609708743,-0.30021449975166553,False,8.631124999999997,11.890125000000005,False,0.14955054866470124,False,False,20.0,9.423742,0.003262099266052242,False,False,No issues detected.
C_00045,9.879,10.018,10.338,10.622,LOT_001,False,0.361,34.0,11.115675,4.332485609708743,-0.11394729134096018,False,8.631124999999997,11.890125000000005,False,0.22177067387156102,False,False,14.9,10.386611,0.0025597985055711486,False,False,No issues detected.
C_00046,9.538,9.964,10.439,10.542,LOT_001,False,0.409,54.6,11.115675,4.332485609708743,-0.13241244211277733,False,8.631124999999997,11.890125000000005,False,0.20251677715074212,False,False,16.0,10.343428,0.0026349142922295434,False,False,No issues detected.
C_00047,10.752,10.403,10.297,11.238,LOT_001,False,0.384,42.6,11.115675,4.332485609708743,0.02823436960203163,False,8.631124999999997,11.890125000000005,False,0.08215410074767304,False,False,21.1,10.964718,0.0039008185068766243,False,False,No issues detected.
C_00048,9.588,9.747,10.255,10.762,LOT_001,False,0.402,51.1,11.115675,4.332485609708743,-0.08163327749028007,False,8.631124999999997,11.890125000000005,False,0.20526256860677466,False,False,15.4,10.1753025,0.00297432295481364,False,False,No issues detected.
C_00049,9.944,9.921,10.232,10.375,LOT_001,False,0.293,17.6,11.115675,4.332485609708743,-0.17095844434894553,False,8.631124999999997,11.890125000000005,False,0.2247186972735326,False,False,15.2,10.441998,0.0036180383894178648,False,False,No issues detected.
C_00050,9.426,9.6,9.551,9.787,LOT_001,False,0.356,32.3,11.115675,4.332485609708743,-0.30667730252180125,False,8.631124999999997,11.890125000000005,False,0.19926504809437234,False,False,17.6,10.013242,0.0028697344991895912,False,False,No issues detected.
C_00051,10.198,10.346,10.722,10.28,LOT_001,False,0.334,26.2,11.115675,4.332485609708743,-0.19288581089047852,False,8.631124999999997,11.890125000000005,False,0.1877649767771436,False,False,17.2,10.741879,0.0027491629388597272,False,False,No issues detected.
C_00052,9.036,8.894,9.045,9.253,LOT_001,False,0.257,12.3,11.115675,4.332485609708743,-0.4299321839236807,False,8.631124999999997,11.890125000000005,False,0.10275100549995475,False,False,23.4,9.431903,0.0037354367044236917,False,False,No issues detected.
C_00053,9.568,9.835,10.002,10.373,LOT_001,False,0.404,52.0,11.115675,4.332485609708743,-0.17142007311824112,False,8.631124999999997,11.890125000000005,False,0.22355298637243987,False,False,15.3,10.233702,0.00276876184675428,False,False,No issues detected.
C_00054,10.323,10.296,11.017,11.203,LOT_001,False,0.419,60.0,11.115675,4.332485609708743,0.020155866139361604,False,8.631124999999997,11.890125000000005,False,0.14376705692971004,False,False,18.0,10.890109,0.00412575737635295,False,False,No issues detected.
C_00055,10.095,10.28,10.656,10.643,LOT_001,False,0.326,24.2,11.115675,4.332485609708743,-0.109100189263358,False,8.631124999999997,11.890125000000005,False,0.20835743156316588,False,False,15.5,10.744666,0.0032268479135301423,False,False,No issues detected.
C_00056,9.689,10.405,10.448,10.979,LOT_001,False,0.403,51.3,11.115675,4.332485609708743,-0.0315465560217264,False,8.631124999999997,11.890125000000005,False,0.18269190321808104,False,False,16.1,10.862029,0.003173813025156661,False,False,No issues detected.
C_00057,10.097,9.851,10.09,10.435,LOT_001,False,0.364,35.1,11.115675,4.332485609708743,-0.15710958127008257,False,8.631124999999997,11.890125000000005,False,0.2137584418563513,False,False,15.6,10.342619,0.0034140204323662594,False,False,No issues detected.
C_00058,9.8,9.776,9.873,10.21,LOT_001,False,0.349,30.3,11.115675,4.332485609708743,-0.20904281781581815,False,8.631124999999997,11.890125000000005,False,0.22301295890379824,False,False,15.6,10.210048,0.0030142202907138416,False,False,No issues detected.
C_00059,9.415,16.669,27.319,35.48,LOT_001,True,0.768,1819.0,11.115675,4.332485609708743,5.623636682231917,True,8.631124999999997,11.890125000000005,True,-0.23738901725806838,True,True,83.7,35.638428,0.13173213704427084,True,True,"[Module A] Flagged because 168h leakage is 5.6 standard deviations from its lot's mean (35.48uA vs lot mean 11.12uA); and 168h leakage (35.48uA) falls outside the lot's normal IQR range [8.63, 11.89]uA; and the combination of readings across all four checkpoints is unusual relative to its lot (multivariate outlier). [Module B] The strongest driver was delta_24h (7.254), which pushed the predicted 168h value up by 18.21uA relative to baseline."
C_00060,9.903,10.252,10.957,10.611,LOT_001,False,0.336,26.8,11.115675,4.332485609708743,-0.11648624957208485,False,8.631124999999997,11.890125000000005,False,0.19735682011793731,False,False,16.1,10.63183,0.0026377098295423673,False,False,No issues detected.
C_00061,9.791,9.832,10.317,10.251,LOT_001,False,0.373,38.4,11.115675,4.332485609708743,-0.1995794280452622,False,8.631124999999997,11.890125000000005,False,0.22820393812080664,False,False,15.3,10.327187,0.003438795725504552,False,False,No issues detected.
C_00062,10.205,10.255,10.686,10.743,LOT_001,False,0.377,39.7,11.115675,4.332485609708743,-0.08601875079858667,False,8.631124999999997,11.890125000000005,False,0.20079042120955332,False,False,15.7,10.665985,0.002854063245985238,False,False,No issues detected.
C_00063,8.437,9.04,9.122,8.963,LOT_001,False,0.337,26.9,11.115675,4.332485609708743,-0.49686835547151803,False,8.631124999999997,11.890125000000005,False,0.06216061479427415,False,False,26.0,9.000893,-0.00027157889472113124,False,False,No issues detected.
C_00064,8.103,8.036,8.344,8.126,LOT_001,False,0.328,24.8,11.115675,4.332485609708743,-0.6900599954216546,False,8.631124999999997,11.890125000000005,True,-0.07854197378001271,True,True,34.7,8.446175,0.002848434872097442,False,True,"[Module A] Flagged because 168h leakage (8.13uA) falls outside the lot's normal IQR range [8.63, 11.89]uA; and the combination of readings across all four checkpoints is unusual relative to its lot (multivariate outlier)."
C_00065,9.897,10.077,9.99,10.437,LOT_001,False,0.347,29.6,11.115675,4.332485609708743,-0.1566479525007874,False,8.631124999999997,11.890125000000005,False,0.22153615286814993,False,False,15.2,10.411823,0.0023251616160074873,False,False,No issues detected.
C_00066,9.167,9.554,9.357,9.814,LOT_001,False,0.314,21.6,11.115675,4.332485609708743,-0.30044531413631315,False,8.631124999999997,11.890125000000005,False,0.17081961121469047,False,False,19.0,9.922748,0.002560747305552163,False,False,No issues detected.
C_00067,9.736,10.055,10.574,10.431,LOT_001,False,0.413,56.5,11.115675,4.332485609708743,-0.15803283880867375,False,8.631124999999997,11.890125000000005,False,0.2127579809132264,False,False,15.7,10.386935,0.002305105792151559,False,False,No issues detected.
C_00068,9.307,9.329,9.788,10.214,LOT_001,False,0.396,48.0,11.115675,4.332485609708743,-0.20811956027722742,False,8.631124999999997,11.890125000000005,False,0.18258804986692562,False,False,17.6,9.937731,0.004227297147115067,False,False,No issues detected.
C_00069,9.429,9.866,10.022,10.093,LOT_001,False,0.344,28.8,11.115675,4.332485609708743,-0.23604810081960093,False,8.631124999999997,11.890125000000005,False,0.22163112995797252,False,False,15.9,10.142478,0.0019199860360887338,False,False,No issues detected.
C_00070,9.884,10.082,10.468,10.759,LOT_001,False,0.431,67.9,11.115675,4.332485609708743,-0.08232572064422324,False,8.631124999999997,11.890125000000005,False,0.2188640758540749,False,False,14.7,10.544606,0.003212543116675478,False,False,No issues detected.
C_00071,9.533,9.565,9.541,9.956,LOT_001,False,0.314,21.6,11.115675,4.332485609708743,-0.26766967151633786,False,8.631124999999997,11.890125000000005,False,0.203963207092148,False,False,17.0,10.038384,0.003287391927507192,False,False,No issues detected.
C_00072,9.714,9.494,9.909,10.085,LOT_001,False,0.324,23.7,11.115675,4.332485609708743,-0.23789461589678243,False,8.631124999999997,11.890125000000005,False,0.21423617718739352,False,False,16.3,10.003098,0.003535399542914498,False,False,No issues detected.
C_00073,10.129,9.907,10.144,9.682,LOT_001,False,0.292,17.3,11.115675,4.332485609708743,-0.33091281290981134,False,8.631124999999997,11.890125000000005,False,0.17612390765265462,False,False,19.0,10.454473,0.003801892651451958,False,False,No issues detected.
C_00074,9.982,9.449,9.631,9.924,LOT_001,False,0.307,20.1,11.115675,4.332485609708743,-0.2750557318250647,False,8.631124999999997,11.890125000000005,False,0.18367672953709274,False,False,18.1,10.1238365,0.0046863647037082255,False,False,No issues detected.
C_00075,8.755,8.958,9.323,9.463,LOT_001,False,0.36,33.8,11.115675,4.332485609708743,-0.381461163147661,False,8.631124999999997,11.890125000000005,False,0.11732838027627923,False,False,22.3,9.263832,0.0021238339742024725,False,False,No issues detected.
C_00076,9.798,10.229,9.949,10.021,LOT_001,False,0.279,15.3,11.115675,4.332485609708743,-0.25266673651423616,False,8.631124999999997,11.890125000000005,False,0.2028235217324854,False,False,17.0,10.5990095,0.0025695105128818144,False,False,No issues detected.
C_00077,10.328,10.161,10.658,10.498,LOT_001,False,0.368,36.5,11.115675,4.332485609708743,-0.14256827503727684,False,8.631124999999997,11.890125000000005,False,0.18132584619861652,False,False,17.1,10.674289,0.00356450520621406,False,False,No issues detected.
C_00078,9.343,9.262,9.765,9.504,LOT_001,False,0.299,18.5,11.115675,4.332485609708743,-0.3719977733771046,False,8.631124999999997,11.890125000000005,False,0.1694393480305944,False,False,19.6,9.747379,0.0033706896040174663,False,False,No issues detected.
C_00079,9.823,12.742,17.556,20.443,LOT_001,True,0.678,758.4,11.115675,4.332485609708743,2.1528807802842405,False,8.631124999999997,11.890125000000005,True,-0.13713195227693076,True,True,49.8,21.515474,0.06092690499623616,True,True,"[Module A] Flagged because 168h leakage (20.44uA) falls outside the lot's normal IQR range [8.63, 11.89]uA; and the combination of readings across all four checkpoints is unusual relative to its lot (multivariate outlier). [Module B] The strongest driver was delta_24h (2.919), which pushed the predicted 168h value up by 8.61uA relative to baseline."
C_00080,10.301,11.011,11.575,12.016,LOT_001,False,0.452,83.0,11.115675,4.332485609708743,0.2078079608579533,False,8.631124999999997,11.890125000000005,True,0.01855172514154102,False,True,25.8,11.720126,0.004924487166934549,False,True,"[Module A] Flagged because 168h leakage (12.02uA) falls outside the lot's normal IQR range [8.63, 11.89]uA."
C_00081,7.914,7.94,8.097,8.303,LOT_002,False,0.378,40.2,9.384625,1.9538638863898534,-0.5535825742695482,False,7.610125000000003,10.393124999999998,False,0.11407623422255819,False,False,23.9,8.307802,0.002554181946648489,False,False,No issues detected.
C_00082,7.941,8.336,8.057,8.382,LOT_002,False,0.281,15.6,9.384625,1.9538638863898534,-0.5131498703589564,False,7.610125000000003,10.393124999999998,False,0.1190609438588427,False,False,23.3,8.6337805,0.002067919996049667,False,False,No issues detected.
C_00083,9.001,9.28,9.116,8.947,LOT_002,False,0.363,34.7,9.384625,1.9538638863898534,-0.22397926644142985,False,7.610125000000003,10.393124999999998,False,0.19902726347973732,False,False,16.9,9.376653,0.0006711994277106435,False,False,No issues detected.
C_00084,7.915,8.002,8.431,8.326,LOT_002,False,0.336,26.8,9.384625,1.9538638863898534,-0.5418110275614012,False,7.610125000000003,10.393124999999998,False,0.12410533727551504,False,False,23.3,8.331774,0.002290095541212289,False,False,No issues detected.
C_00085,8.833,9.313,9.333,9.775,LOT_002,False,0.361,34.1,9.384625,1.9538638863898534,0.19979641505186677,False,7.610125000000003,10.393124999999998,False,0.1745063100919486,False,False,17.9,9.543384,0.001599886099497473,False,False,No issues detected.
C_00086,8.976,9.164,8.94,9.018,LOT_002,False,0.343,28.7,9.384625,1.9538638863898534,-0.18764101355975757,False,7.610125000000003,10.393124999999998,False,0.2101514845016626,False,False,16.1,9.358364,0.0013497507307264562,False,False,No issues detected.
C_00087,8.998,9.288,9.373,9.718,LOT_002,False,0.41,55.0,9.384625,1.9538638863898534,0.17062345147080632,False,7.610125000000003,10.393124999999998,False,0.19458938167277873,False,False,16.7,9.577135,0.0020078825420803475,False,False,No issues detected.
C_00088,8.075,8.137,8.318,8.578,LOT_002,False,0.319,22.5,9.384625,1.9538638863898534,-0.4128358201503986,False,7.610125000000003,10.393124999999998,False,0.16247794569221824,False,False,20.3,8.490307,0.002453519821166989,False,False,No issues detected.
C_00089,7.969,10.046,12.752,14.318,LOT_002,True,0.698,919.4,9.384625,1.9538638863898534,2.5249327931002283,False,7.610125000000003,10.393124999999998,True,-0.10796170556106088,True,True,51.4,13.268599,0.022379156642489968,True,True,"[Module A] Flagged because 168h leakage (14.32uA) falls outside the lot's normal IQR range [7.61, 10.39]uA; and the combination of readings across all four checkpoints is unusual relative to its lot (multivariate outlier). [Module B] The strongest driver was delta_24h (2.077), which pushed the predicted 168h value up by 3.35uA relative to baseline."
C_00090,8.655,8.734,8.695,8.728,LOT_002,False,0.378,40.3,9.384625,1.9538638863898534,-0.3360648633581346,False,7.610125000000003,10.393124999999998,False,0.21207166601176608,False,False,17.2,8.902577,0.001170676390329997,False,False,No issues detected.
C_00091,8.673,8.145,8.338,8.476,LOT_002,False,0.309,20.5,9.384625,1.9538638863898534,-0.4650400707691372,False,7.610125000000003,10.393124999999998,False,0.1651140963846895,False,False,20.6,8.601661,0.0031712550587124325,False,False,No issues detected.
C_00092,8.614,8.99,9.041,9.21,LOT_002,False,0.381,41.3,9.384625,1.9538638863898534,-0.08937418886565986,False,7.610125000000003,10.393124999999998,False,0.19557758581539875,False,False,16.0,9.035258,0.0003142937024434393,False,False,No issues detected.
C_00093,8.951,8.605,8.592,9.231,LOT_002,False,0.356,32.6,9.384625,1.9538638863898534,-0.07862625491474343,False,7.610125000000003,10.393124999999998,False,0.19436894504863506,False,False,15.9,9.103514,0.0034619008170233803,False,False,No issues detected.
C_00094,8.285,8.459,8.289,8.172,LOT_002,False,0.276,14.8,9.384625,1.9538638863898534,-0.6206292098681252,False,7.610125000000003,10.393124999999998,False,0.1450828649730148,False,False,22.9,8.704125,0.0017022597524854897,False,False,No issues detected.
C_00095,9.025,9.05,9.022,8.724,LOT_002,False,0.338,27.2,9.384625,1.9538638863898534,-0.3381120888725948,False,7.610125000000003,10.393124999999998,False,0.190967854064863,False,False,18.3,9.140787,0.0006304661432901969,False,False,No issues detected.
C_00096,9.111,9.223,9.316,9.34,LOT_002,False,0.368,36.4,9.384625,1.9538638863898534,-0.02283935964569843,False,7.610125000000003,10.393124999999998,False,0.18741842672811043,False,False,15.8,9.394366,0.0011900435023837568,False,False,No issues detected.
C_00097,9.0,9.076,9.093,8.957,LOT_002,False,0.328,24.6,9.384625,1.9538638863898534,-0.21886120265527814,False,7.610125000000003,10.393124999999998,False,0.2154422806356996,False,False,16.1,9.314447,0.0016558847427368129,False,False,No issues detected.
C_00098,8.739,8.771,8.643,8.934,LOT_002,False,0.358,33.1,9.384625,1.9538638863898534,-0.23063274936342598,False,7.610125000000003,10.393124999999998,False,0.22370392919065024,False,False,15.7,8.992487,0.0015381038453843804,False,False,No issues detected.
C_00099,9.646,13.033,17.079,19.718,LOT_002,True,0.731,1273.1,9.384625,1.9538638863898534,5.288687237621724,True,7.610125000000003,10.393124999999998,True,-0.21534832226781464,True,True,79.8,20.140657,0.04935873211754693,True,True,"[Module A] Flagged because 168h leakage is 5.3 standard deviations from its lot's mean (19.72uA vs lot mean 9.38uA); and 168h leakage (19.72uA) falls outside the lot's normal IQR range [7.61, 10.39]uA; and the combination of readings across all four checkpoints is unusual relative to its lot (multivariate outlier). [Module B] The strongest driver was delta_24h (3.387), which pushed the predicted 168h value up by 9.04uA relative to baseline."
C_00100,8.341,8.026,8.355,8.577,LOT_002,False,0.3,18.8,9.384625,1.9538638863898534,-0.4133476265290134,False,7.610125000000003,10.393124999999998,False,0.15830963059404696,False,False,20.5,8.433594,0.002830512152777779,False,False,No issues detected.
C_00101,8.998,9.349,9.461,9.701,LOT_002,False,0.352,31.1,9.384625,1.9538638863898534,0.16192274303435003,False,7.610125000000003,10.393124999999998,False,0.17471726811024274,False,False,17.6,9.587285,0.0016547572347852906,False,False,No issues detected.
C_00102,8.633,8.609,8.602,8.784,LOT_002,False,0.3,18.8,9.384625,1.9538638863898534,-0.307403706155689,False,7.610125000000003,10.393124999999998,False,0.21880421642096243,False,False,16.6,8.931988,0.0022429705725775825,False,False,No issues detected.
C_00103,8.378,8.469,8.335,8.515,LOT_002,False,0.362,34.6,9.384625,1.9538638863898534,-0.44507962200314877,False,7.610125000000003,10.393124999999998,False,0.1837193994325389,False,False,19.5,8.74224,0.0018974996672736315,False,False,No issues detected.
C_00104,8.065,8.099,8.116,8.359,LOT_002,False,0.265,13.4,9.384625,1.9538638863898534,-0.5249214170671034,False,7.610125000000003,10.393124999999998,False,0.15077879732454025,False,False,21.8,8.425829,0.0022696453730265288,False,False,No issues detected.
C_00105,8.802,8.876,9.017,9.233,LOT_002,False,0.412,56.4,9.384625,1.9538638863898534,-0.0776026421575129,False,7.610125000000003,10.393124999999998,False,0.2120237729827294,False,False,15.0,9.146106,0.001875734488169356,False,False,No issues detected.
C_00106,9.626,10.042,9.789,9.903,LOT_002,False,0.337,26.8,9.384625,1.9538638863898534,0.2653076315145986,False,7.610125000000003,10.393124999999998,False,0.026190328433505883,False,False,25.9,10.100221,0.00040431027942233744,False,False,No issues detected.
C_00107,10.516,10.373,10.503,10.899,LOT_002,False,0.384,42.7,9.384625,1.9538638863898534,0.7750667846152293,False,7.610125000000003,10.393124999999998,True,-0.08585873072359762,True,True,35.8,10.821265,0.0031129529211256285,False,True,"[Module A] Flagged because 168h leakage (10.90uA) falls outside the lot's normal IQR range [7.61, 10.39]uA; and the combination of readings across all four checkpoints is unusual relative to its lot (multivariate outlier)."
C_00108,8.884,8.544,9.094,8.867,LOT_002,False,0.351,30.8,9.384625,1.9538638863898534,-0.26492377673063633,False,7.610125000000003,10.393124999999998,False,0.19520846793604424,False,False,17.4,8.959157,0.0028830346531338127,False,False,No issues detected.
C_00109,8.777,8.481,8.737,8.771,LOT_002,False,0.353,31.6,9.384625,1.9538638863898534,-0.31405718907768515,False,7.610125000000003,10.393124999999998,False,0.21586766304223493,False,False,16.8,8.902092,0.0029242498609754783,False,False,No issues detected.
C_00110,8.82,8.536,8.596,8.988,LOT_002,False,0.31,20.6,9.384625,1.9538638863898534,-0.2029952049182109,False,7.610125000000003,10.393124999999998,False,0.21843627616789646,False,False,15.8,8.957094,0.002924265225728356,False,False,No issues detected.
C_00111,8.773,8.504,8.596,8.679,LOT_002,False,0.349,30.3,9.384625,1.9538638863898534,-0.3611433759102739,False,7.610125000000003,10.393124999999998,False,0.20949067506035984,False,False,17.5,8.912772,0.0028386956850687695,False,False,No issues detected.
C_00112,8.994,9.223,9.354,9.437,LOT_002,False,0.333,25.9,9.384625,1.9538638863898534,0.026805859079965237,False,7.610125000000003,10.393124999999998,False,0.20337770077608835,False,False,15.1,9.395464,0.0011976662741766983,False,False,No issues detected.
C_00113,8.355,8.704,8.506,8.933,LOT_002,False,0.392,46.2,9.384625,1.9538638863898534,-0.2311445557420408,False,7.610125000000003,10.393124999999998,False,0.18418692691490118,False,False,17.7,8.864392,0.0011138352817959213,False,False,No issues detected.
C_00114,8.941,8.71,8.722,9.086,LOT_002,False,0.414,57.0,9.384625,1.9538638863898534,-0.15283817981393152,False,7.610125000000003,10.393124999999998,False,0.2193990293599547,False,False,15.3,9.101451,0.0027184091673956917,False,False,No issues detected.
C_00115,8.17,8.525,8.659,8.778,LOT_002,False,0.366,35.8,9.384625,1.9538638863898534,-0.3104745444273797,False,7.610125000000003,10.393124999999998,False,0.16946079450077006,False,False,19.1,8.691231,0.0011543803744845896,False,False,No issues detected.
C_00116,9.21,9.434,9.351,9.459,LOT_002,False,0.275,14.7,9.384625,1.9538638863898534,0.03806559940949738,False,7.610125000000003,10.393124999999998,False,0.14819079393408296,False,False,17.9,9.583913,0.001041061454349099,False,False,No issues detected.
C_00117,8.589,8.669,8.855,9.054,LOT_002,False,0.367,36.0,9.384625,1.9538638863898534,-0.16921598392961446,False,7.610125000000003,10.393124999999998,False,0.20438727362628673,False,False,16.2,8.912914,0.0016938491397433778,False,False,No issues detected.
C_00118,8.809,9.088,9.191,9.155,LOT_002,False,0.374,38.6,9.384625,1.9538638863898534,-0.11752353968949066,False,7.610125000000003,10.393124999999998,False,0.20391803778618162,False,False,15.8,9.338618,0.001740404711829297,False,False,No issues detected.
C_00119,8.856,9.109,8.681,9.378,LOT_002,False,0.398,49.0,9.384625,1.9538638863898534,-0.0033907172583248087,False,7.610125000000003,10.393124999999998,False,0.1899784318645968,False,False,15.5,9.394661,0.001983756595187717,False,False,No issues detected.
C_00120,7.587,7.751,8.186,7.974,LOT_002,False,0.368,36.5,9.384625,1.9538638863898534,-0.7219668728339136,False,7.610125000000003,10.393124999999998,False,-0.0035714084227508325,True,True,31.2,8.063263,0.0021684926350911435,False,True,[Module A] Flagged because the combination of readings across all four checkpoints is unusual relative to its lot (multivariate outlier).
C_00121,13.892,14.118,14.084,14.652,LOT_003,False,0.355,32.2,13.817699999999999,2.6650387037166445,0.3130536148823999,False,11.120750000000003,15.598749999999997,False,0.04206869689629944,False,False,25.5,14.03297,-0.0005904831356472462,False,False,No issues detected.
C_00122,13.367,13.634,14.033,13.827,LOT_003,False,0.351,31.0,13.817699999999999,2.6650387037166445,0.003489630370857918,False,11.120750000000003,15.598749999999997,False,0.1295054202707525,False,False,18.6,14.01517,0.002647014564938013,False,False,No issues detected.
C_00123,13.653,13.825,13.558,14.245,LOT_003,False,0.334,26.1,13.817699999999999,2.6650387037166445,0.16033538252337237,False,11.120750000000003,15.598749999999997,False,0.09632144343507354,False,False,21.5,14.109749,0.0019774225023057776,False,False,No issues detected.
C_00124,13.063,13.131,13.466,14.113,LOT_003,False,0.375,39.2,13.817699999999999,2.6650387037166445,0.11080514500152575,False,11.120750000000003,15.598749999999997,False,0.14777330287913448,False,False,18.5,13.9615555,0.005767746395534938,False,False,No issues detected.
C_00125,14.157,14.6,14.954,15.37,LOT_003,False,0.403,51.2,13.817699999999999,2.6650387037166445,0.5824680886754755,False,11.120750000000003,15.598749999999997,False,-0.10071326853787244,True,True,34.9,15.241134,0.0044523172908359126,False,True,[Module A] Flagged because the combination of readings across all four checkpoints is unusual relative to its lot (multivariate outlier).
C_00126,12.807,12.779,13.082,13.332,LOT_003,False,0.321,23.0,13.817699999999999,2.6650387037166445,-0.18224876033606716,False,11.120750000000003,15.598749999999997,False,0.1461909452675973,False,False,19.2,13.237658,0.003185121854146322,False,False,No issues detected.
C_00127,13.65,13.345,13.384,13.812,LOT_003,False,0.365,35.5,13.817699999999999,2.6650387037166445,-0.0021388057111703367,False,11.120750000000003,15.598749999999997,False,0.12588535806955137,False,False,18.7,13.8813925,0.0037249477704366005,False,False,No issues detected.
C_00128,12.889,12.968,13.209,13.423,LOT_003,False,0.339,27.5,13.817699999999999,2.6650387037166445,-0.14810291477176396,False,11.120750000000003,15.598749999999997,False,0.15691277207164323,False,False,18.4,13.370739,0.002796798494127062,False,False,No issues detected.
C_00129,11.094,11.225,11.686,11.893,LOT_003,False,0.335,26.6,13.817699999999999,2.6650387037166445,-0.7222033951386239,False,11.120750000000003,15.598749999999997,False,-0.04315266689306041,True,True,33.2,11.852647,0.004358658525678849,False,True,[Module A] Flagged because the combination of readings across all four checkpoints is unusual relative to its lot (multivariate outlier).
C_00130,12.31,12.76,12.719,13.316,LOT_003,False,0.369,37.0,13.817699999999999,2.6650387037166445,-0.18825242549023039,False,11.120750000000003,15.598749999999997,False,0.11657499184921671,False,False,20.7,13.205438,0.0030933170848422595,False,False,No issues detected.
C_00131,11.989,12.03,12.412,12.803,LOT_003,False,0.389,44.8,13.817699999999999,2.6650387037166445,-0.38074493949558935,False,11.120750000000003,15.598749999999997,False,0.07989472088303701,False,False,24.2,12.595759,0.00392888466517131,False,False,No issues detected.
C_00132,11.915,12.201,13.106,12.458,LOT_003,False,0.368,36.3,13.817699999999999,2.6650387037166445,-0.5101989693822345,False,11.120750000000003,15.598749999999997,False,0.06283361908049695,False,False,26.1,12.740465,0.0037462858623928457,False,False,No issues detected.
C_00133,12.92,12.969,13.713,13.481,LOT_003,False,0.366,36.0,13.817699999999999,2.6650387037166445,-0.12633962858792225,False,11.120750000000003,15.598749999999997,False,0.15432924714217466,False,False,18.3,13.577052,0.004222584141625302,False,False,No issues detected.
C_00134,12.312,12.717,12.613,12.791,LOT_003,False,0.348,29.9,13.817699999999999,2.6650387037166445,-0.385247688361212,False,11.120750000000003,15.598749999999997,False,0.101404095020174,False,False,23.1,13.102922,0.0026800169414944084,False,False,No issues detected.
C_00135,12.574,12.936,13.456,12.719,LOT_003,False,0.286,16.4,13.817699999999999,2.6650387037166445,-0.41226418155494693,False,11.120750000000003,15.598749999999997,False,0.10504208273812382,False,False,23.2,13.162847,0.0015753233697679311,False,False,No issues detected.
C_00136,12.893,13.088,13.252,13.228,LOT_003,False,0.344,28.9,13.817699999999999,2.6650387037166445,-0.2212725838381286,False,11.120750000000003,15.598749999999997,False,0.14087127166138763,False,False,19.8,13.408394,0.002224957360161681,False,False,No issues detected.
C_00137,13.191,13.568,13.684,13.678,LOT_003,False,0.339,27.5,13.817699999999999,2.6650387037166445,-0.052419501377286966,False,11.120750000000003,15.598749999999997,False,0.13850524403654085,False,False,18.5,14.235481,0.004635286543104387,False,False,No issues detected.
C_00138,12.887,13.302,13.843,14.152,LOT_003,False,0.413,56.8,13.817699999999999,2.6650387037166445,0.12543907881479854,False,11.120750000000003,15.598749999999997,False,0.13339490918500868,False,False,19.4,13.711995,0.0028471883667839926,False,False,No issues detected.
C_00139,12.732,17.004,24.316,29.417,LOT_003,True,0.662,644.0,13.817699999999999,2.6650387037166445,5.85331086495867,True,11.120750000000003,15.598749999999997,True,-0.28095457046268657,True,True,87.8,29.400635,0.08608774142795138,True,True,"[Module A] Flagged because 168h leakage is 5.9 standard deviations from its lot's mean (29.42uA vs lot mean 13.82uA); and 168h leakage (29.42uA) falls outside the lot's normal IQR range [11.12, 15.60]uA; and the combination of readings across all four checkpoints is unusual relative to its lot (multivariate outlier). [Module B] The strongest driver was delta_24h (4.272), which pushed the predicted 168h value up by 12.85uA relative to baseline."
C_00140,12.51,12.626,13.089,12.869,LOT_003,False,0.304,19.5,13.817699999999999,2.6650387037166445,-0.3559798207346664,False,11.120750000000003,15.598749999999997,False,0.12048738065035974,False,False,21.9,13.282135,0.0045564931233724,False,False,No issues detected.
C_00141,11.76,12.064,12.374,12.583,LOT_003,False,0.368,36.5,13.817699999999999,2.6650387037166445,-0.4632953353653342,False,11.120750000000003,15.598749999999997,False,0.07820317788349795,False,False,25.0,12.524705,0.0031993398136562767,False,False,No issues detected.
C_00142,12.391,12.724,12.903,13.646,LOT_003,False,0.34,27.8,13.817699999999999,2.6650387037166445,-0.06442683168561346,False,11.120750000000003,15.598749999999997,False,0.11656105606424211,False,False,19.7,13.124709,0.002782702287038166,False,False,No issues detected.
C_00143,13.648,13.882,14.693,13.853,LOT_003,False,0.352,31.4,13.817699999999999,2.6650387037166445,0.013245586246373115,False,11.120750000000003,15.598749999999997,False,0.06141809201732018,False,False,22.0,14.00988,0.0008880560133192297,False,False,No issues detected.
C_00144,12.394,12.345,12.955,13.162,LOT_003,False,0.351,30.8,13.817699999999999,2.6650387037166445,-0.24603770259905158,False,11.120750000000003,15.598749999999997,False,0.11640223693803053,False,False,21.2,12.999516,0.004545246760050452,False,False,No issues detected.
C_00145,13.612,13.672,14.001,14.672,LOT_003,False,0.361,34.1,13.817699999999999,2.6650387037166445,0.32055819632510446,False,11.120750000000003,15.598749999999997,False,0.09468795487761028,False,False,22.9,14.336449,0.004614226871066619,False,False,No issues detected.
C_00146,11.553,11.369,11.665,11.829,LOT_003,False,0.303,19.2,13.817699999999999,2.6650387037166445,-0.7462180557552769,False,11.120750000000003,15.598749999999997,False,-0.0022096524906054515,True,True,31.3,11.899908,0.003686861568027074,False,True,[Module A] Flagged because the combination of readings across all four checkpoints is unusual relative to its lot (multivariate outlier).
C_00147,13.74,13.681,14.438,14.386,LOT_003,False,0.334,26.1,13.817699999999999,2.6650387037166445,0.21324268169443597,False,11.120750000000003,15.598749999999997,False,0.07271811607750672,False,False,23.1,14.196947,0.0035829659567938967,False,False,No issues detected.
C_00148,11.557,11.687,11.481,12.13,LOT_003,False,0.32,22.7,13.817699999999999,2.6650387037166445,-0.6332741050425809,False,11.120750000000003,15.598749999999997,False,0.016204118264440348,False,False,29.5,12.175415,0.003391771104600699,False,False,No issues detected.
C_00149,13.09,13.445,13.797,13.82,LOT_003,False,0.35,30.5,13.817699999999999,2.6650387037166445,0.0008630268659116211,False,11.120750000000003,15.598749999999997,False,0.15529219231429803,False,False,17.2,13.999153,0.003848285675048826,False,False,No issues detected.
C_00150,13.979,14.144,13.543,13.824,LOT_003,False,0.34,27.7,13.817699999999999,2.6650387037166445,0.002363943154452267,False,11.120750000000003,15.598749999999997,False,0.04513665407202522,False,False,22.8,14.132985,-7.649225658840692e-05,False,False,No issues detected.
C_00151,11.986,11.96,11.992,12.111,LOT_003,False,0.297,18.3,13.817699999999999,2.6650387037166445,-0.6404034574131497,False,11.120750000000003,15.598749999999997,False,0.059110557327947955,False,False,27.4,12.348476,0.0026977528466118647,False,False,No issues detected.
C_00152,12.235,12.3,13.023,13.397,LOT_003,False,0.441,74.7,13.817699999999999,2.6650387037166445,-0.15785887064727916,False,11.120750000000003,15.598749999999997,False,0.10041784581046231,False,False,21.3,13.139017,0.005826507674323183,False,False,No issues detected.
C_00153,11.364,12.034,11.851,12.268,LOT_003,False,0.278,15.1,13.817699999999999,2.6650387037166445,-0.5814924930879228,False,11.120750000000003,15.598749999999997,False,0.03716244134568514,False,False,28.0,12.502172,0.0032511977089775884,False,False,No issues detected.
C_00154,13.481,13.264,13.779,13.945,LOT_003,False,0.314,21.5,13.817699999999999,2.6650387037166445,0.047766660882811965,False,11.120750000000003,15.598749999999997,False,0.14426329033250496,False,False,18.2,13.905237,0.004453036096360953,False,False,No issues detected.
C_00155,11.296,11.962,12.192,12.061,LOT_003,False,0.303,19.3,13.817699999999999,2.6650387037166445,-0.6591649110199101,False,11.120750000000003,15.598749999999997,False,0.02989585101933312,False,False,29.0,12.190157,0.0015844231711493616,False,False,No issues detected.
C_00156,13.461,13.081,14.143,13.838,LOT_003,False,0.375,39.0,13.817699999999999,2.6650387037166445,0.007617150164344859,False,11.120750000000003,15.598749999999997,False,0.11346716049973071,False,False,19.4,13.708098,0.004354850080278188,False,False,No issues detected.
C_00157,12.7,12.513,13.431,13.782,LOT_003,False,0.334,26.1,13.817699999999999,2.6650387037166445,-0.01339567787522618,False,11.120750000000003,15.598749999999997,False,0.12348394300852894,False,False,18.9,13.343211,0.00576535537507799,False,False,No issues detected.
C_00158,13.122,13.044,13.722,13.316,LOT_003,False,0.321,23.1,13.817699999999999,2.6650387037166445,-0.18825242549023039,False,11.120750000000003,15.598749999999997,False,0.1364230583221558,False,False,19.7,13.46182,0.0029015253384908008,False,False,No issues detected.
C_00159,12.753,12.986,13.212,13.911,LOT_003,False,0.382,41.8,13.817699999999999,2.6650387037166445,0.03500887243021481,False,11.120750000000003,15.598749999999997,False,0.15513495938381483,False,False,17.5,13.157334,0.0011898217201232865,False,False,No issues detected.
C_00160,13.045,13.611,13.956,14.595,LOT_003,False,0.411,55.8,13.817699999999999,2.6650387037166445,0.29166555777069386,False,11.120750000000003,15.598749999999997,False,0.10352265595159399,False,False,22.3,14.281955,0.0046594080924987746,False,False,No issues detected.
C_00161,8.79,9.517,9.718,10.01,LOT_004,False,0.398,48.8,11.079225,5.275216182166353,-0.20268837580811805,False,7.725874999999998,12.156875000000003,False,0.16999690242210586,False,False,18.2,9.939395,0.002933298269907637,False,False,No issues detected.
C_00162,9.299,9.464,9.915,9.931,LOT_004,False,0.43,67.0,11.079225,5.275216182166353,-0.21766406538593513,False,7.725874999999998,12.156875000000003,False,0.20942880349046739,False,False,16.3,9.854984,0.0027151686350504528,False,False,No issues detected.
C_00163,9.525,9.639,9.959,9.635,LOT_004,False,0.287,16.5,11.079225,5.275216182166353,-0.27377550988003396,False,7.725874999999998,12.156875000000003,False,0.19126871101605813,False,False,17.7,9.958567,0.0022192129558987134,False,False,No issues detected.
C_00164,9.507,10.07,9.499,10.129,LOT_004,False,0.34,27.8,11.079225,5.275216182166353,-0.18013005859596345,False,7.725874999999998,12.156875000000003,False,0.15965556339146492,False,False,18.5,10.2782545,0.0014462118678622755,False,False,No issues detected.
C_00165,9.838,10.182,9.94,10.17,LOT_004,False,0.323,23.5,11.079225,5.275216182166353,-0.17235786527076724,False,7.725874999999998,12.156875000000003,False,0.16260468315582743,False,False,18.3,10.434806,0.0017555963198343887,False,False,No issues detected.
C_00166,9.939,9.736,10.256,10.529,LOT_004,False,0.32,22.7,11.079225,5.275216182166353,-0.10430378225258638,False,7.725874999999998,12.156875000000003,False,0.16302055108221747,False,False,17.7,10.32549,0.004093680540720617,False,False,No issues detected.
C_00167,8.08,8.317,8.806,8.827,LOT_004,False,0.345,29.2,11.079225,5.275216182166353,-0.4269445880936555,False,7.725874999999998,12.156875000000003,False,0.04763706604058093,False,False,26.2,8.772103,0.003160439650217691,False,False,No issues detected.
C_00168,10.875,10.445,10.599,11.061,LOT_004,False,0.369,36.8,11.079225,5.275216182166353,-0.0034548347158949756,False,7.725874999999998,12.156875000000003,False,-0.004131615597229077,True,True,25.2,11.085195,0.004445795747968884,False,True,[Module A] Flagged because the combination of readings across all four checkpoints is unusual relative to its lot (multivariate outlier).
C_00169,9.046,11.714,16.552,19.832,LOT_004,True,0.664,658.5,11.079225,5.275216182166353,1.6592258398035042,False,7.725874999999998,12.156875000000003,True,-0.1133003525334535,True,True,44.5,18.468227,0.046904356850518115,True,True,"[Module A] Flagged because 168h leakage (19.83uA) falls outside the lot's normal IQR range [7.73, 12.16]uA; and the combination of readings across all four checkpoints is unusual relative to its lot (multivariate outlier). [Module B] The strongest driver was delta_24h (2.668), which pushed the predicted 168h value up by 6.62uA relative to baseline."
C_00170,9.732,12.323,15.798,18.498,LOT_004,True,0.655,602.6,11.079225,5.275216182166353,1.406345208198342,False,7.725874999999998,12.156875000000003,True,-0.10067493167995323,True,True,41.8,18.88904,0.04559749995337592,True,True,"[Module A] Flagged because 168h leakage (18.50uA) falls outside the lot's normal IQR range [7.73, 12.16]uA; and the combination of readings across all four checkpoints is unusual relative to its lot (multivariate outlier). [Module B] The strongest driver was delta_24h (2.591), which pushed the predicted 168h value up by 6.97uA relative to baseline."
C_00171,9.218,8.848,9.492,9.4,LOT_004,False,0.34,27.7,11.079225,5.275216182166353,-0.31832344723176786,False,7.725874999999998,12.156875000000003,False,0.16434294683651007,False,False,19.4,9.485011,0.004423688199785015,False,False,No issues detected.
C_00172,8.819,8.602,9.344,9.527,LOT_004,False,0.403,51.5,11.079225,5.275216182166353,-0.29424860449274587,False,7.725874999999998,12.156875000000003,False,0.1568517761833753,False,False,19.6,9.243469,0.004454647488064234,False,False,No issues detected.
C_00173,9.3,9.467,9.918,10.049,LOT_004,False,0.365,35.3,11.079225,5.275216182166353,-0.19529531386463886,False,7.725874999999998,12.156875000000003,False,0.20626795027474593,False,False,16.3,9.854984,0.0026943353017171187,False,False,No issues detected.
C_00174,9.121,9.443,9.197,9.592,LOT_004,False,0.343,28.7,11.079225,5.275216182166353,-0.2819268345869469,False,7.725874999999998,12.156875000000003,False,0.173068922034055,False,False,18.7,9.791506,0.0024201792611016192,False,False,No issues detected.
C_00175,8.988,8.768,9.743,9.755,LOT_004,False,0.409,54.6,11.079225,5.275216182166353,-0.2510276269770207,False,7.725874999999998,12.156875000000003,False,0.1711448277434524,False,False,18.5,9.3251295,0.0038689549234178283,False,False,No issues detected.
C_00176,9.539,9.633,9.69,9.759,LOT_004,False,0.294,17.6,11.079225,5.275216182166353,-0.25026936421358703,False,7.725874999999998,12.156875000000003,False,0.19917632661772283,False,False,17.1,9.958567,0.0022608796225653816,False,False,No issues detected.
C_00177,9.52,9.513,10.28,9.769,LOT_004,False,0.376,39.5,11.079225,5.275216182166353,-0.24837370730500263,False,7.725874999999998,12.156875000000003,False,0.17993734269860429,False,False,18.1,9.906108,0.00272991598976983,False,False,No issues detected.
C_00178,10.242,10.329,10.286,10.349,LOT_004,False,0.316,21.9,11.079225,5.275216182166353,-0.13842560660710598,False,7.725874999999998,12.156875000000003,False,0.1320266787301655,False,False,19.6,10.658801,0.002290285269419348,False,False,No issues detected.
C_00179,9.325,9.884,10.267,10.494,LOT_004,False,0.406,53.0,11.079225,5.275216182166353,-0.1109385814326319,False,7.725874999999998,12.156875000000003,False,0.1619946937010544,False,False,17.8,10.200793,0.00219995323816935,False,False,No issues detected.
C_00180,8.831,9.252,9.319,9.35,LOT_004,False,0.313,21.3,11.079225,5.275216182166353,-0.32780173177469013,False,7.725874999999998,12.156875000000003,False,0.17635073566644655,False,False,18.9,9.506282,0.001765846199459495,False,False,No issues detected.
C_00181,8.648,8.524,9.292,9.236,LOT_004,False,0.395,47.5,11.079225,5.275216182166353,-0.3494122205325524,False,7.725874999999998,12.156875000000003,False,0.14599324506009648,False,False,20.6,9.061465,0.0037323976622687504,False,False,No issues detected.
C_00182,10.45,18.462,31.277,40.787,LOT_004,True,0.753,1575.1,11.079225,5.275216182166353,5.631574891742166,True,7.725874999999998,12.156875000000003,True,-0.266721230129508,True,True,85.3,40.514317,0.153141087214152,True,True,"[Module A] Flagged because 168h leakage is 5.6 standard deviations from its lot's mean (40.79uA vs lot mean 11.08uA); and 168h leakage (40.79uA) falls outside the lot's normal IQR range [7.73, 12.16]uA; and the combination of readings across all four checkpoints is unusual relative to its lot (multivariate outlier). [Module B] The strongest driver was delta_24h (8.012), which pushed the predicted 168h value up by 18.60uA relative to baseline."
C_00183,10.116,10.598,10.532,10.824,LOT_004,False,0.345,29.3,11.079225,5.275216182166353,-0.04838190344934586,False,7.725874999999998,12.156875000000003,False,0.10231369016678721,False,False,20.3,10.748057,0.001042065037621387,False,False,No issues detected.
C_00184,8.812,8.73,8.958,9.13,LOT_004,False,0.368,36.6,11.079225,5.275216182166353,-0.36950618376354727,False,7.725874999999998,12.156875000000003,False,0.15061952237705273,False,False,20.5,9.163974,0.0030137070020039847,False,False,No issues detected.
C_00185,8.919,9.507,9.832,10.499,LOT_004,False,0.395,47.5,11.079225,5.275216182166353,-0.10999075297833953,False,7.725874999999998,12.156875000000003,False,0.15014508711768282,False,False,18.4,9.704258,0.0013698469797770205,False,False,No issues detected.
C_00186,9.165,9.313,9.716,10.075,LOT_004,False,0.418,59.7,11.079225,5.275216182166353,-0.19036660590231938,False,7.725874999999998,12.156875000000003,False,0.1976261758569613,False,False,16.7,9.806968,0.0034303314950731023,False,False,No issues detected.
C_00187,9.804,9.721,9.951,9.921,LOT_004,False,0.295,17.9,11.079225,5.275216182166353,-0.2195597222945195,False,7.725874999999998,12.156875000000003,False,0.18516043578866753,False,False,17.6,10.093464,0.002586554845174153,False,False,No issues detected.
C_00188,8.874,9.297,9.087,9.301,LOT_004,False,0.306,19.9,11.079225,5.275216182166353,-0.3370904506267537,False,7.725874999999998,12.156875000000003,False,0.1611776965766507,False,False,19.8,9.687953,0.00271495135625203,False,False,No issues detected.
C_00189,10.118,9.749,10.407,11.002,LOT_004,False,0.363,34.8,11.079225,5.275216182166353,-0.014639210476542945,False,7.725874999999998,12.156875000000003,False,0.11858733968309565,False,False,19.2,10.424108,0.004688246885935461,False,False,No issues detected.
C_00190,8.946,9.155,9.746,9.756,LOT_004,False,0.372,37.9,11.079225,5.275216182166353,-0.2508380612861624,False,7.725874999999998,12.156875000000003,False,0.19012223256274224,False,False,17.6,9.531497,0.0026145625114440962,False,False,No issues detected.
C_00191,8.604,9.126,9.235,9.269,LOT_004,False,0.273,14.4,11.079225,5.275216182166353,-0.34315655273422385,False,7.725874999999998,12.156875000000003,False,0.15059168435839992,False,False,20.3,9.343439,0.001509993765089251,False,False,No issues detected.
C_00192,10.07,10.184,10.334,10.62,LOT_004,False,0.343,28.6,11.079225,5.275216182166353,-0.08705330438446825,False,7.725874999999998,12.156875000000003,False,0.1540386117203616,False,False,18.0,10.529513,0.002399398326873784,False,False,No issues detected.
C_00193,10.048,10.308,10.979,10.734,LOT_004,False,0.312,21.0,11.079225,5.275216182166353,-0.06544281562660566,False,7.725874999999998,12.156875000000003,False,0.10037652093874538,False,False,20.5,10.664964,0.0024789147377014173,False,False,No issues detected.
C_00194,9.368,9.202,9.585,9.991,LOT_004,False,0.346,29.4,11.079225,5.275216182166353,-0.2062901239344285,False,7.725874999999998,12.156875000000003,False,0.19323163642979652,False,False,17.1,9.79602,0.004125135792626276,False,False,No issues detected.
C_00195,8.346,8.27,8.544,8.641,LOT_004,False,0.321,23.1,11.079225,5.275216182166353,-0.46220380659332577,False,7.725874999999998,12.156875000000003,False,0.030298514379679897,False,False,27.3,8.745594,0.003302736282348636,False,False,No issues detected.
C_00196,9.758,9.707,9.857,10.06,LOT_004,False,0.344,28.9,11.079225,5.275216182166353,-0.1932100912651958,False,7.725874999999998,12.156875000000003,False,0.18819750309923644,False,False,17.2,10.032367,0.0022594913376702153,False,False,No issues detected.
C_00197,8.358,8.76,8.913,9.158,LOT_004,False,0.356,32.6,11.079225,5.275216182166353,-0.3641983444195111,False,7.725874999999998,12.156875000000003,False,0.11215060910248181,False,False,22.4,8.954025,0.0013473976982964425,False,False,No issues detected.
C_00198,8.645,8.159,8.693,8.912,LOT_004,False,0.3,18.7,11.079225,5.275216182166353,-0.4108315043706877,False,7.725874999999998,12.156875000000003,False,0.07576941321160252,False,False,24.6,8.829692,0.004657582547929547,False,False,No issues detected.
C_00199,9.276,9.234,10.017,9.765,LOT_004,False,0.322,23.3,11.079225,5.275216182166353,-0.24913197006843632,False,7.725874999999998,12.156875000000003,False,0.18848604138189207,False,False,17.7,9.671034,0.003034957355923123,False,False,No issues detected.
C_00200,8.384,8.641,8.762,8.822,LOT_004,False,0.294,17.6,11.079225,5.275216182166353,-0.42789241654794785,False,7.725874999999998,12.156875000000003,False,0.10472317283957366,False,False,23.3,8.9599285,0.0022147813373141817,False,False,No issues detected.
C_00201,9.961,10.351,10.905,10.88,LOT_005,False,0.395,47.7,10.860575,1.8087185985082759,0.010739647403427276,False,8.712,12.175999999999998,False,0.18074007615074994,False,False,16.1,10.721031,0.0025696610344780758,False,False,No issues detected.
C_00202,10.101,10.229,10.364,10.289,LOT_005,False,0.335,26.4,10.860575,1.8087185985082759,-0.31601101490934097,False,8.712,12.175999999999998,False,0.2186989001065866,False,False,16.7,10.651228,0.0029321385489569827,False,False,No issues detected.
C_00203,11.901,12.285,12.236,12.464,LOT_005,False,0.279,15.3,10.860575,1.8087185985082759,0.8864977677137891,False,8.712,12.175999999999998,True,-0.06383074932523747,True,True,35.6,12.700349,0.0028843670421176476,False,True,"[Module A] Flagged because 168h leakage (12.46uA) falls outside the lot's normal IQR range [8.71, 12.18]uA; and the combination of readings across all four checkpoints is unusual relative to its lot (multivariate outlier)."
C_00204,10.736,10.661,11.038,10.723,LOT_005,False,0.395,47.7,10.860575,1.8087185985082759,-0.07606213598592049,False,8.712,12.175999999999998,False,0.16593660995599907,False,False,17.3,10.956043,0.002048911412556969,False,False,No issues detected.
C_00205,10.601,10.122,10.835,10.737,LOT_005,False,0.349,30.4,10.860575,1.8087185985082759,-0.06832184956903634,False,8.712,12.175999999999998,False,0.1832788024966978,False,False,16.4,10.630922,0.003534182760450576,False,False,No issues detected.
C_00206,9.292,9.623,9.381,9.784,LOT_005,False,0.37,37.3,10.860575,1.8087185985082759,-0.5952142035183889,False,8.712,12.175999999999998,False,0.12687319797924812,False,False,23.6,9.97635,0.0024538182682461254,False,False,No issues detected.
C_00207,10.897,11.4,11.382,11.281,LOT_005,False,0.343,28.6,10.860575,1.8087185985082759,0.23244356548704784,False,8.712,12.175999999999998,False,0.10131300545647692,False,False,21.9,11.471379,0.0004956894450717478,False,False,No issues detected.
C_00208,9.459,9.465,10.043,9.505,LOT_005,False,0.366,35.6,10.860575,1.8087185985082759,-0.749467054254873,False,8.712,12.175999999999998,False,0.12825540863782453,False,False,24.8,9.947289,0.0033492324087354883,False,False,No issues detected.
C_00209,11.447,11.568,11.854,11.787,LOT_005,False,0.398,48.8,10.860575,1.8087185985082759,0.5121996316973025,False,8.712,12.175999999999998,False,0.013817383892003599,False,False,28.6,11.859407,0.0020236626731024877,False,False,No issues detected.
C_00210,9.258,9.096,9.706,9.678,LOT_005,False,0.355,32.3,10.860575,1.8087185985082759,-0.6538192292462287,False,8.712,12.175999999999998,False,0.10264647992666542,False,False,25.3,9.63252,0.003725831402672661,False,False,No issues detected.
C_00211,10.004,10.422,10.122,10.436,LOT_005,False,0.29,17.0,10.860575,1.8087185985082759,-0.23473800753205346,False,8.712,12.175999999999998,False,0.2004525545405001,False,False,16.9,10.745225,0.0022446177270677315,False,False,No issues detected.
C_00212,10.328,10.222,10.405,10.683,LOT_005,False,0.344,29.0,10.860575,1.8087185985082759,-0.09817724003416246,False,8.712,12.175999999999998,False,0.21855067760680147,False,False,14.9,10.77484,0.003839169131384959,False,False,No issues detected.
C_00213,10.173,10.668,10.498,10.711,LOT_005,False,0.331,25.5,10.860575,1.8087185985082759,-0.08269666720039318,False,8.712,12.175999999999998,False,0.20617565900661616,False,False,15.4,10.96312,0.0020494476424323237,False,False,No issues detected.
C_00214,8.771,8.996,9.261,9.141,LOT_005,False,0.359,33.6,10.860575,1.8087185985082759,-0.9507145010938708,False,8.712,12.175999999999998,False,0.02115847869893872,False,False,31.9,9.233244,0.0016475273768107065,False,False,No issues detected.
C_00215,8.702,9.013,9.028,9.137,LOT_005,False,0.376,39.3,10.860575,1.8087185985082759,-0.9529260114986947,False,8.712,12.175999999999998,False,-0.00188418871254592,True,True,33.0,9.114851,0.0007072985967000332,False,True,[Module A] Flagged because the combination of readings across all four checkpoints is unusual relative to its lot (multivariate outlier).
C_00216,9.335,9.959,9.984,9.913,LOT_005,False,0.392,46.1,10.860575,1.8087185985082759,-0.5238929929628104,False,8.712,12.175999999999998,False,0.1523665668633304,False,False,21.7,10.394027,0.003021019140879316,False,False,No issues detected.
C_00217,9.942,10.062,10.165,10.019,LOT_005,False,0.353,31.5,10.860575,1.8087185985082759,-0.4652879672349706,False,8.712,12.175999999999998,False,0.2107832064573591,False,False,18.3,10.364588,0.002101304054260258,False,False,No issues detected.
C_00218,10.673,10.936,10.906,11.367,LOT_005,False,0.295,17.9,10.860575,1.8087185985082759,0.2799910391907672,False,8.712,12.175999999999998,False,0.15891289466202801,False,False,19.4,11.243739,0.0021370772785610625,False,False,No issues detected.
C_00219,9.367,9.672,9.695,10.081,LOT_005,False,0.377,39.8,10.860575,1.8087185985082759,-0.4310095559601967,False,8.712,12.175999999999998,False,0.15205587608505655,False,False,21.0,9.971608,0.0020806122355990896,False,False,No issues detected.
C_00220,10.122,10.109,10.426,10.61,LOT_005,False,0.324,23.7,10.860575,1.8087185985082759,-0.13853730492220337,False,8.712,12.175999999999998,False,0.2265478726673592,False,False,14.8,10.586412,0.003315364095899794,False,False,No issues detected.
C_00221,10.2,10.181,10.272,10.523,LOT_005,False,0.303,19.3,10.860575,1.8087185985082759,-0.1866376562271284,False,8.712,12.175999999999998,False,0.22413034947363125,False,False,15.3,10.586412,0.0028153640958997997,False,False,No issues detected.
C_00222,10.709,10.903,10.713,11.436,LOT_005,False,0.313,21.4,10.860575,1.8087185985082759,0.31813959367398315,False,8.712,12.175999999999998,False,0.15523324423194912,False,False,19.9,11.266189,0.002522143205006914,False,False,No issues detected.
C_00223,10.235,10.84,10.786,10.695,LOT_005,False,0.296,18.1,10.860575,1.8087185985082759,-0.09154270881968977,False,8.712,12.175999999999998,False,0.18316994966031597,False,False,16.6,10.924855,0.0005892724461025672,False,False,No issues detected.
C_00224,9.894,9.501,10.035,10.291,LOT_005,False,0.378,40.1,10.860575,1.8087185985082759,-0.3149052597069285,False,8.712,12.175999999999998,False,0.17612346433963783,False,False,18.8,10.0057955,0.003505524158477787,False,False,No issues detected.
C_00225,9.901,10.338,10.499,10.649,LOT_005,False,0.361,34.1,10.860575,1.8087185985082759,-0.1169750784751681,False,8.712,12.175999999999998,False,0.2191940882628226,False,False,15.0,10.583697,0.001706231382158073,False,False,No issues detected.
C_00226,9.952,10.029,10.256,9.942,LOT_005,False,0.348,30.1,10.860575,1.8087185985082759,-0.5078595425278354,False,8.712,12.175999999999998,False,0.20592950369495977,False,False,18.9,10.361212,0.0023070262273152675,False,False,No issues detected.
C_00227,9.884,9.995,10.606,10.653,LOT_005,False,0.352,31.1,10.860575,1.8087185985082759,-0.11476356807034321,False,8.712,12.175999999999998,False,0.19703665557281858,False,False,16.1,10.364876,0.002568581899007167,False,False,No issues detected.
C_00228,10.098,10.095,9.915,10.625,LOT_005,False,0.377,39.7,10.860575,1.8087185985082759,-0.1302441409041125,False,8.712,12.175999999999998,False,0.20009078099757532,False,False,16.1,10.586412,0.003412586318122012,False,False,No issues detected.
C_00229,10.868,11.092,10.669,10.876,LOT_005,False,0.315,21.7,10.860575,1.8087185985082759,0.00852813699860239,False,8.712,12.175999999999998,False,0.14948470327341856,False,False,17.6,11.42832,0.0023355550765991172,False,False,No issues detected.
C_00230,10.441,10.409,10.526,10.49,LOT_005,False,0.305,19.8,10.860575,1.8087185985082759,-0.20488261706692731,False,8.712,12.175999999999998,False,0.20264919232562822,False,False,16.6,10.846854,0.003040654235415984,False,False,No issues detected.
C_00231,9.901,9.513,9.644,9.57,LOT_005,False,0.327,24.3,10.860575,1.8087185985082759,-0.713530010176481,False,8.712,12.175999999999998,False,0.12671716356096707,False,False,24.6,9.993815,0.003338995986514622,False,False,No issues detected.
C_00232,9.473,9.722,9.726,9.987,LOT_005,False,0.335,26.3,10.860575,1.8087185985082759,-0.4829800504735638,False,8.712,12.175999999999998,False,0.16517777339239592,False,False,20.8,10.009963,0.0019997433026631706,False,False,No issues detected.
C_00233,9.937,12.717,17.179,19.7,LOT_005,True,0.694,884.9,10.860575,1.8087185985082759,4.8871200900406695,True,8.712,12.175999999999998,True,-0.17694372796356928,True,True,74.6,19.710052,0.04856286451551649,True,True,"[Module A] Flagged because 168h leakage is 4.9 standard deviations from its lot's mean (19.70uA vs lot mean 10.86uA); and 168h leakage (19.70uA) falls outside the lot's normal IQR range [8.71, 12.18]uA; and the combination of readings across all four checkpoints is unusual relative to its lot (multivariate outlier). [Module B] The strongest driver was delta_24h (2.780), which pushed the predicted 168h value up by 7.14uA relative to baseline."
C_00234,10.873,11.18,11.098,11.334,LOT_005,False,0.362,34.3,10.860575,1.8087185985082759,0.26174607835096725,False,8.712,12.175999999999998,False,0.13773056801261374,False,False,20.3,11.42832,0.001724443965488012,False,False,No issues detected.
C_00235,9.728,9.658,10.273,10.562,LOT_005,False,0.325,24.1,10.860575,1.8087185985082759,-0.16507542978009312,False,8.712,12.175999999999998,False,0.17419195740875154,False,False,17.7,10.087445,0.002982258743709992,False,False,No issues detected.
C_00236,9.198,9.425,9.192,9.727,LOT_005,False,0.379,40.7,10.860575,1.8087185985082759,-0.6267282267871332,False,8.712,12.175999999999998,False,0.09864797750168519,False,False,25.3,9.832672,0.002831056382921002,False,False,No issues detected.
C_00237,10.623,10.307,10.312,10.155,LOT_005,False,0.288,16.6,10.860575,1.8087185985082759,-0.39009661347095004,False,8.712,12.175999999999998,False,0.167692236037691,False,False,19.9,10.7486,0.0030666667090521894,False,False,No issues detected.
C_00238,9.838,11.52,13.962,15.936,LOT_005,True,0.646,551.4,10.860575,1.8087185985082759,2.806088799101148,False,8.712,12.175999999999998,True,-0.07627304695893455,True,True,52.2,11.545378,0.00017623424530029594,False,True,"[Module A] Flagged because 168h leakage (15.94uA) falls outside the lot's normal IQR range [8.71, 12.18]uA; and the combination of readings across all four checkpoints is unusual relative to its lot (multivariate outlier)."
C_00239,10.213,10.382,10.445,10.763,LOT_005,False,0.375,39.0,10.860575,1.8087185985082759,-0.053947031937679496,False,8.712,12.175999999999998,False,0.22073088913919992,False,False,14.4,10.696078,0.0021810993088616287,False,False,No issues detected.
C_00240,10.853,10.099,10.802,11.283,LOT_005,False,0.372,38.0,10.860575,1.8087185985082759,0.2335493206894593,False,8.712,12.175999999999998,False,0.13476736266081474,False,False,20.2,10.821273,0.005015783680809867,False,False,No issues detected.
C_00241,10.201,10.036,10.27,10.266,LOT_006,False,0.273,14.4,11.410925,4.971857246684609,-0.23028114911454323,False,8.333875,12.038874999999999,False,0.15356466400154456,False,False,19.2,10.462915,0.0029646904203626872,False,False,No issues detected.
C_00242,9.869,10.373,9.959,10.643,LOT_006,False,0.281,15.6,11.410925,4.971857246684609,-0.15445435415750855,False,8.333875,12.038874999999999,False,0.12388561370463896,False,False,20.1,10.607514,0.0016285720931159171,False,False,No issues detected.
C_00243,8.721,9.065,8.989,8.943,LOT_006,False,0.323,23.5,11.410925,4.971857246684609,-0.49637889375156363,False,8.333875,12.038874999999999,False,0.03762133815222779,False,False,27.3,9.1289835,0.00044432984458075975,False,False,No issues detected.
C_00244,8.429,9.009,8.818,8.959,LOT_006,False,0.32,22.8,11.410925,4.971857246684609,-0.4931607804377372,False,8.333875,12.038874999999999,False,0.010053733901729367,False,False,28.6,9.02796,0.00013166544172498677,False,False,No issues detected.
C_00245,9.41,9.171,9.587,9.721,LOT_006,False,0.359,33.3,11.410925,4.971857246684609,-0.3398981338667549,False,8.333875,12.038874999999999,False,0.16146260991455008,False,False,19.8,9.714518,0.003774427731831873,False,False,No issues detected.
C_00246,9.114,9.448,9.58,9.657,LOT_006,False,0.339,27.5,11.410925,4.971857246684609,-0.3527705871220605,False,8.333875,12.038874999999999,False,0.1678960493305185,False,False,19.5,9.871444,0.002940581586625838,False,False,No issues detected.
C_00247,10.1,10.545,10.134,10.715,LOT_006,False,0.341,27.9,11.410925,4.971857246684609,-0.13997284424528994,False,8.333875,12.038874999999999,False,0.11596723365637973,False,False,20.4,10.83767,0.0020324328210618767,False,False,No issues detected.
C_00248,9.778,9.887,10.413,10.674,LOT_006,False,0.413,56.7,11.410925,4.971857246684609,-0.14821925961197016,False,8.333875,12.038874999999999,False,0.1519748894047524,False,False,18.6,10.291907,0.002811856322818329,False,False,No issues detected.
C_00249,9.3,9.334,9.892,10.097,LOT_006,False,0.358,33.1,11.410925,4.971857246684609,-0.26427247099183465,False,8.333875,12.038874999999999,False,0.16175430976795846,False,False,19.1,9.94129,0.004217290984259714,False,False,No issues detected.
C_00250,10.238,14.481,21.445,27.44,LOT_006,True,0.703,966.1,11.410925,4.971857246684609,3.223961229113867,True,8.333875,12.038874999999999,True,-0.15771880664055382,True,True,59.8,27.129725,0.08783836460113525,True,True,"[Module A] Flagged because 168h leakage is 3.2 standard deviations from its lot's mean (27.44uA vs lot mean 11.41uA); and 168h leakage (27.44uA) falls outside the lot's normal IQR range [8.33, 12.04]uA; and the combination of readings across all four checkpoints is unusual relative to its lot (multivariate outlier). [Module B] The strongest driver was delta_24h (4.243), which pushed the predicted 168h value up by 10.19uA relative to baseline."
C_00251,8.975,13.731,20.505,25.71,LOT_006,True,0.715,1087.6,11.410925,4.971857246684609,2.876002727056388,False,8.333875,12.038874999999999,True,-0.15512305656154146,True,True,56.7,25.721474,0.08326717842949762,True,True,"[Module A] Flagged because 168h leakage (25.71uA) falls outside the lot's normal IQR range [8.33, 12.04]uA; and the combination of readings across all four checkpoints is unusual relative to its lot (multivariate outlier). [Module B] The strongest driver was delta_24h (4.756), which pushed the predicted 168h value up by 12.37uA relative to baseline."
C_00252,10.112,10.072,10.545,10.377,LOT_006,False,0.299,18.7,11.410925,4.971857246684609,-0.20795548799987243,False,8.333875,12.038874999999999,False,0.14630776460826972,False,False,19.4,10.509106,0.003035456127590609,False,False,No issues detected.
C_00253,9.241,9.269,9.729,9.914,LOT_006,False,0.373,38.4,11.410925,4.971857246684609,-0.30107964201872406,False,8.333875,12.038874999999999,False,0.16978029020426433,False,False,19.0,9.709428,0.0030585266219245056,False,False,No issues detected.
C_00254,8.806,8.851,9.433,9.324,LOT_006,False,0.373,38.2,11.410925,4.971857246684609,-0.4197475704660725,False,8.333875,12.038874999999999,False,0.05451745838896915,False,False,25.8,9.240277,0.0027033145162794264,False,False,No issues detected.
C_00255,9.303,9.707,9.545,9.95,LOT_006,False,0.355,32.0,11.410925,4.971857246684609,-0.29383888706261474,False,8.333875,12.038874999999999,False,0.1687841185610081,False,False,19.0,9.991059,0.001972634050581185,False,False,No issues detected.
C_00256,9.724,10.097,10.91,11.25,LOT_006,False,0.427,64.8,11.410925,4.971857246684609,-0.03236718031421971,False,8.333875,12.038874999999999,False,0.05811499295819256,False,False,22.4,10.561296,0.003224280993143721,False,False,No issues detected.
C_00257,9.179,9.654,9.485,9.738,LOT_006,False,0.381,41.3,11.410925,4.971857246684609,-0.3364788884708145,False,8.333875,12.038874999999999,False,0.17238709130036417,False,False,19.2,9.917372,0.0018289704852634012,False,False,No issues detected.
C_00258,8.326,8.969,8.883,9.026,LOT_006,False,0.326,24.2,11.410925,4.971857246684609,-0.47968493093608916,False,8.333875,12.038874999999999,False,0.0035794584040929056,False,False,28.8,9.055483,0.0006005754470825236,False,False,No issues detected.
C_00259,9.621,9.658,9.918,9.937,LOT_006,False,0.389,44.6,11.410925,4.971857246684609,-0.29645360413009864,False,8.333875,12.038874999999999,False,0.18656749092963876,False,False,18.1,10.071401,0.0028708377944098615,False,False,No issues detected.
C_00260,9.462,9.606,9.396,9.792,LOT_006,False,0.352,31.3,11.410925,4.971857246684609,-0.32561775603665033,False,8.333875,12.038874999999999,False,0.1592662414402411,False,False,19.8,10.032264,0.0029601649708218053,False,False,No issues detected.
C_00261,10.044,10.088,10.068,10.111,LOT_006,False,0.304,19.5,11.410925,4.971857246684609,-0.26145662184223634,False,8.333875,12.038874999999999,False,0.16688169410447612,False,False,18.8,10.67224,0.004057224008772114,False,False,No issues detected.
C_00262,9.915,10.212,10.33,10.669,LOT_006,False,0.358,33.0,11.410925,4.971857246684609,-0.1492249200225407,False,8.333875,12.038874999999999,False,0.14932077062175336,False,False,18.8,10.638719,0.0029633236461215568,False,False,No issues detected.
C_00263,9.202,8.911,9.208,9.568,LOT_006,False,0.278,15.1,11.410925,4.971857246684609,-0.37067134243021993,False,8.333875,12.038874999999999,False,0.10937790128945579,False,False,22.6,9.417517,0.003517477141486277,False,False,No issues detected.
C_00264,9.175,9.606,10.036,10.362,LOT_006,False,0.406,53.0,11.410925,4.971857246684609,-0.2109724692315848,False,8.333875,12.038874999999999,False,0.14703739010110184,False,False,19.4,9.951863,0.0024018283949957964,False,False,No issues detected.
C_00265,9.746,9.918,10.206,10.52,LOT_006,False,0.37,37.1,11.410925,4.971857246684609,-0.1791936002575492,False,8.333875,12.038874999999999,False,0.169068512898296,False,False,18.0,10.390599,0.0032819392416212345,False,False,No issues detected.
C_00266,9.639,9.776,10.318,9.91,LOT_006,False,0.318,22.3,11.410925,4.971857246684609,-0.30188417034718057,False,8.333875,12.038874999999999,False,0.16692064074745444,False,False,19.2,10.144128,0.0025564433733622246,False,False,No issues detected.
C_00267,10.159,10.466,10.503,10.801,LOT_006,False,0.354,31.8,11.410925,4.971857246684609,-0.12267548518347299,False,8.333875,12.038874999999999,False,0.11192952722709204,False,False,20.4,10.795283,0.0022866897053188794,False,False,No issues detected.
C_00268,10.089,10.204,11.085,10.825,LOT_006,False,0.363,34.7,11.410925,4.971857246684609,-0.11784831521273356,False,8.333875,12.038874999999999,False,0.08286248182457495,False,False,21.8,10.713946,0.00354129404491848,False,False,No issues detected.
C_00269,9.151,9.337,9.458,9.724,LOT_006,False,0.312,21.2,11.410925,4.971857246684609,-0.3392947376204124,False,8.333875,12.038874999999999,False,0.17601497574417202,False,False,19.0,9.861294,0.0036409291161431222,False,False,No issues detected.
C_00270,9.058,8.982,9.461,9.368,LOT_006,False,0.359,33.4,11.410925,4.971857246684609,-0.41089775885304974,False,8.333875,12.038874999999999,False,0.11335427188998026,False,False,22.8,9.437182,0.00316098907258776,False,False,No issues detected.
C_00271,9.184,9.512,10.142,9.587,LOT_006,False,0.402,50.9,11.410925,4.971857246684609,-0.3668498328700511,False,8.333875,12.038874999999999,False,0.1458960560772704,False,False,20.8,9.882942,0.002575987497965492,False,False,No issues detected.
C_00272,9.208,9.131,9.569,9.633,LOT_006,False,0.316,22.0,11.410925,4.971857246684609,-0.3575977570928003,False,8.333875,12.038874999999999,False,0.16541782659432058,False,False,19.7,9.698992,0.003944387329949272,False,False,No issues detected.
C_00273,10.333,10.141,10.022,10.421,LOT_006,False,0.374,38.8,11.410925,4.971857246684609,-0.19910567638685012,False,8.333875,12.038874999999999,False,0.11374704882007214,False,False,21.0,10.655039,0.0035697141223483614,False,False,No issues detected.
C_00274,10.017,9.86,10.097,9.934,LOT_006,False,0.345,29.2,11.410925,4.971857246684609,-0.2970570003764411,False,8.333875,12.038874999999999,False,0.16392685077984936,False,False,19.3,10.328222,0.003251543574863014,False,False,No issues detected.
C_00275,9.606,9.78,9.958,10.014,LOT_006,False,0.357,32.8,11.410925,4.971857246684609,-0.2809664338073091,False,8.333875,12.038874999999999,False,0.18432886382652708,False,False,18.1,10.1469145,0.0025480172369215267,False,False,No issues detected.
C_00276,9.723,9.602,9.802,10.15,LOT_006,False,0.354,31.7,11.410925,4.971857246684609,-0.25361247063978454,False,8.333875,12.038874999999999,False,0.1637013125266763,False,False,18.9,10.258174,0.004556763490041095,False,False,No issues detected.
C_00277,9.611,15.506,24.48,31.944,LOT_006,True,0.728,1228.6,11.410925,4.971857246684609,4.129860126955998,True,8.333875,12.038874999999999,True,-0.2085087596935844,True,True,69.8,32.02317,0.11470257271660698,True,True,"[Module A] Flagged because 168h leakage is 4.1 standard deviations from its lot's mean (31.94uA vs lot mean 11.41uA); and 168h leakage (31.94uA) falls outside the lot's normal IQR range [8.33, 12.04]uA; and the combination of readings across all four checkpoints is unusual relative to its lot (multivariate outlier). [Module B] The strongest driver was delta_24h (5.895), which pushed the predicted 168h value up by 16.79uA relative to baseline."
C_00278,9.58,9.528,9.874,9.847,LOT_006,False,0.324,23.8,11.410925,4.971857246684609,-0.3145554915203721,False,8.333875,12.038874999999999,False,0.17981563127934908,False,False,18.6,10.05749,0.003677016311221649,False,False,No issues detected.
C_00279,10.181,9.946,10.21,10.078,LOT_006,False,0.356,32.5,11.410925,4.971857246684609,-0.2680939805520035,False,8.333875,12.038874999999999,False,0.1475325148773709,False,False,19.9,10.449966,0.003499766879611547,False,False,No issues detected.
C_00280,10.525,10.609,10.592,10.838,LOT_006,False,0.313,21.3,11.410925,4.971857246684609,-0.11523359814524962,False,8.333875,12.038874999999999,False,-0.0004881079641945174,True,True,26.0,11.043798,0.003019433657328288,False,True,[Module A] Flagged because the combination of readings across all four checkpoints is unusual relative to its lot (multivariate outlier).
C_00281,11.741,12.128,12.591,13.114,LOT_007,False,0.37,37.1,12.426224999999999,3.096505039701604,0.22211331523176844,False,9.217875,14.890875000000001,False,0.1344831126766502,False,False,20.1,12.847341,0.0049954207208421485,False,False,No issues detected.
C_00282,11.653,11.351,12.026,12.259,LOT_007,False,0.377,39.9,12.426224999999999,3.096505039701604,-0.05400443333885648,False,9.217875,14.890875000000001,False,0.14459086044659636,False,False,18.2,11.910491,0.003885354095035123,False,False,No issues detected.
C_00283,11.887,11.867,12.122,12.269,LOT_007,False,0.255,12.1,12.426224999999999,3.096505039701604,-0.05077498598715333,False,9.217875,14.890875000000001,False,0.1478582505883912,False,False,18.0,12.388202,0.0036194563441806307,False,False,No issues detected.
C_00284,11.422,11.163,11.685,11.849,LOT_007,False,0.276,14.9,12.426224999999999,3.096505039701604,-0.1864117747586883,False,9.217875,14.890875000000001,False,0.14847514507867754,False,False,19.1,11.75673,0.004123125553131102,False,False,No issues detected.
C_00285,9.263,9.068,9.789,9.651,LOT_007,False,0.299,18.6,12.426224999999999,3.096505039701604,-0.8962443026630549,False,9.217875,14.890875000000001,False,-0.13784657194078442,True,True,39.4,9.721496,0.004538164085812041,False,True,[Module A] Flagged because the combination of readings across all four checkpoints is unusual relative to its lot (multivariate outlier).
C_00286,11.829,12.397,12.414,12.065,LOT_007,False,0.368,36.6,12.426224999999999,3.096505039701604,-0.1166557119618991,False,9.217875,14.890875000000001,False,0.11016657253345008,False,False,20.5,12.539842,0.000991955916086831,False,False,No issues detected.
C_00287,12.547,12.748,13.568,13.073,LOT_007,False,0.398,49.0,12.426224999999999,3.096505039701604,0.20887258108978515,False,9.217875,14.890875000000001,False,0.010815092209187194,False,False,26.2,13.063767,0.002192829396989615,False,False,No issues detected.
C_00288,10.642,11.304,11.706,11.681,LOT_007,False,0.33,25.3,12.426224999999999,3.096505039701604,-0.24066649026730264,False,9.217875,14.890875000000001,False,0.13754198780742294,False,False,20.1,11.510026,0.001430735958947074,False,False,No issues detected.
C_00289,11.674,11.793,12.435,12.435,LOT_007,False,0.402,50.7,12.426224999999999,3.096505039701604,0.0028338400511201366,False,9.217875,14.890875000000001,False,0.1431229586268542,False,False,17.9,12.175294,0.0026548189057244245,False,False,No issues detected.
C_00290,12.252,11.806,12.197,12.568,LOT_007,False,0.338,27.4,12.426224999999999,3.096505039701604,0.0457854898287726,False,9.217875,14.890875000000001,False,0.11605487570346434,False,False,19.6,12.378642,0.003976681126488585,False,False,No issues detected.
C_00291,10.974,11.879,11.674,11.936,LOT_007,False,0.255,12.1,12.426224999999999,3.096505039701604,-0.15831558279887042,False,9.217875,14.890875000000001,False,0.14148208707933713,False,False,19.2,12.021056,0.0009865012168884307,False,False,No issues detected.
C_00292,10.304,10.567,11.356,11.13,LOT_007,False,0.36,33.9,12.426224999999999,3.096505039701604,-0.4186090393461492,False,9.217875,14.890875000000001,False,0.07551944898007412,False,False,24.7,11.044609,0.0033167296515570735,False,False,No issues detected.
C_00293,11.561,12.323,13.065,13.02,LOT_007,False,0.409,54.6,12.426224999999999,3.096505039701604,0.19175651012575787,False,9.217875,14.890875000000001,False,0.09288375415203748,False,False,22.0,12.73524,0.0028627776569790284,False,False,No issues detected.
C_00294,11.142,11.412,11.711,12.102,LOT_007,False,0.41,55.1,12.426224999999999,3.096505039701604,-0.10470675676059694,False,9.217875,14.890875000000001,False,0.17018133751698916,False,False,17.4,11.9076605,0.00344208669662475,False,False,No issues detected.
C_00295,10.211,10.423,10.648,10.308,LOT_007,False,0.356,32.5,12.426224999999999,3.096505039701604,-0.6840696116561537,False,9.217875,14.890875000000001,False,0.03780614008255101,False,False,28.8,10.861481,0.00304500495062934,False,False,No issues detected.
C_00296,12.07,12.118,12.651,13.543,LOT_007,False,0.451,82.4,12.426224999999999,3.096505039701604,0.36065660661983584,False,9.217875,14.890875000000001,False,0.08490111948479606,False,False,23.8,13.022652,0.006282303280300562,False,False,No issues detected.
C_00297,11.231,10.896,11.783,11.68,LOT_007,False,0.345,29.3,12.426224999999999,3.096505039701604,-0.24098943500247277,False,9.217875,14.890875000000001,False,0.1323162924944789,False,False,20.4,11.536973,0.004451201385921897,False,False,No issues detected.
C_00298,11.066,11.445,11.957,11.842,LOT_007,False,0.339,27.5,12.426224999999999,3.096505039701604,-0.18867238790488045,False,9.217875,14.890875000000001,False,0.16549742275023693,False,False,18.3,11.805043,0.0025003001425001337,False,False,No issues detected.
C_00299,11.467,12.373,12.24,13.04,LOT_007,False,0.395,47.5,12.426224999999999,3.096505039701604,0.19821540482916414,False,9.217875,14.890875000000001,False,0.11678252608821887,False,False,20.8,13.265955,0.006201076189676925,False,False,No issues detected.
C_00300,10.539,10.924,10.898,11.353,LOT_007,False,0.332,25.8,12.426224999999999,3.096505039701604,-0.34659236340316785,False,9.217875,14.890875000000001,False,0.10791024413139938,False,False,22.5,11.421705,0.0034562864303588903,False,False,No issues detected.
C_00301,11.059,11.016,10.733,11.259,LOT_007,False,0.315,21.8,12.426224999999999,3.096505039701604,-0.37694916850917787,False,9.217875,14.890875000000001,False,0.10301919997608128,False,False,23.0,11.618045,0.004180867036183675,False,False,No issues detected.
C_00302,12.839,12.994,12.616,12.759,LOT_007,False,0.282,15.7,12.426224999999999,3.096505039701604,0.10746793424630421,False,9.217875,14.890875000000001,False,-0.0033973611590570885,True,True,26.1,12.916793,-0.0005361606280008936,False,True,[Module A] Flagged because the combination of readings across all four checkpoints is unusual relative to its lot (multivariate outlier).
C_00303,10.179,9.853,10.065,10.35,LOT_007,False,0.276,14.8,12.426224999999999,3.096505039701604,-0.6705059327790003,False,9.217875,14.890875000000001,False,0.010222010729897368,False,False,30.1,10.392288,0.003745057000054255,False,False,No issues detected.
C_00304,10.741,11.449,11.227,11.653,LOT_007,False,0.349,30.4,12.426224999999999,3.096505039701604,-0.2497089428520712,False,9.217875,14.890875000000001,False,0.1392096438364766,False,False,20.1,11.602929,0.0010689521895514604,False,False,No issues detected.
C_00305,11.031,10.887,11.091,11.322,LOT_007,False,0.311,20.8,12.426224999999999,3.096505039701604,-0.35660365019344803,False,9.217875,14.890875000000001,False,0.12239402786648002,False,False,21.9,11.310133,0.002938423474629717,False,False,No issues detected.
C_00306,11.894,12.102,12.763,13.055,LOT_007,False,0.383,42.2,12.426224999999999,3.096505039701604,0.20305957585671916,False,9.217875,14.890875000000001,False,0.12066348201157628,False,False,20.7,12.638599,0.0037263846927218947,False,False,No issues detected.
C_00307,11.106,11.425,11.962,11.859,LOT_007,False,0.372,37.8,12.426224999999999,3.096505039701604,-0.18318232740698515,False,9.217875,14.890875000000001,False,0.17093028461879745,False,False,18.0,11.853232,0.002973835998111296,False,False,No issues detected.
C_00308,10.124,10.006,10.251,10.349,LOT_007,False,0.3,18.7,12.426224999999999,3.096505039701604,-0.6708288775141704,False,9.217875,14.890875000000001,False,0.019628974893696083,False,False,29.6,10.521432,0.0035793883535597043,False,False,No issues detected.
C_00309,12.272,12.505,13.059,13.402,LOT_007,False,0.376,39.7,12.426224999999999,3.096505039701604,0.31512139896082053,False,9.217875,14.890875000000001,False,0.06752324263453202,False,False,24.2,13.099811,0.004130629168616395,False,False,No issues detected.
C_00310,11.676,11.51,12.11,11.581,LOT_007,False,0.269,13.8,12.426224999999999,3.096505039701604,-0.27296096378433465,False,9.217875,14.890875000000001,False,0.1296807353147792,False,False,20.8,11.916951,0.002826049857669408,False,False,No issues detected.
C_00311,11.475,11.797,12.163,12.034,LOT_007,False,0.346,29.4,12.426224999999999,3.096505039701604,-0.12666699875217868,False,9.217875,14.890875000000001,False,0.16137161820536922,False,False,18.0,12.349031,0.003833551724751786,False,False,No issues detected.
C_00312,11.232,11.674,11.477,11.263,LOT_007,False,0.381,41.3,12.426224999999999,3.096505039701604,-0.37565738956849676,False,9.217875,14.890875000000001,False,0.11380221004951463,False,False,22.4,11.634215,-0.00027628225750392984,False,False,No issues detected.
C_00313,12.572,12.644,13.148,13.322,LOT_007,False,0.372,38.0,12.426224999999999,3.096505039701604,0.2892858201471948,False,9.217875,14.890875000000001,False,0.043471381755758376,False,False,25.2,12.977918,0.002318872716691758,False,False,No issues detected.
C_00314,11.581,12.348,12.361,12.777,LOT_007,False,0.386,43.6,12.426224999999999,3.096505039701604,0.11328093947936965,False,9.217875,14.890875000000001,False,0.13438562268811916,False,False,19.2,12.73524,0.002689166545867915,False,False,No issues detected.
C_00315,11.194,15.691,24.064,30.669,LOT_007,True,0.7,941.0,12.426224999999999,3.096505039701604,5.89140814114676,True,9.217875,14.890875000000001,True,-0.2824294556501806,True,True,88.2,27.98054,0.08534402306874593,True,True,"[Module A] Flagged because 168h leakage is 5.9 standard deviations from its lot's mean (30.67uA vs lot mean 12.43uA); and 168h leakage (30.67uA) falls outside the lot's normal IQR range [9.22, 14.89]uA; and the combination of readings across all four checkpoints is unusual relative to its lot (multivariate outlier). [Module B] The strongest driver was delta_24h (4.497), which pushed the predicted 168h value up by 12.91uA relative to baseline."
C_00316,12.298,12.172,12.251,12.378,LOT_007,False,0.341,28.2,12.426224999999999,3.096505039701604,-0.015574009853588307,False,9.217875,14.890875000000001,False,0.11187988826506379,False,False,19.5,12.789357,0.0042872026761372846,False,False,No issues detected.
C_00317,11.156,11.37,11.677,12.238,LOT_007,False,0.396,48.0,12.426224999999999,3.096505039701604,-0.06078627277743349,False,9.217875,14.890875000000001,False,0.16372265497170235,False,False,17.3,11.9076605,0.003733753363291428,False,False,No issues detected.
C_00318,10.458,10.641,10.808,11.281,LOT_007,False,0.375,38.9,12.426224999999999,3.096505039701604,-0.3698443843354307,False,9.217875,14.890875000000001,False,0.09641165387565392,False,False,23.3,11.051268,0.002849080721537272,False,False,No issues detected.
C_00319,10.753,11.39,11.129,11.65,LOT_007,False,0.338,27.1,12.426224999999999,3.096505039701604,-0.2506777770575822,False,9.217875,14.890875000000001,False,0.13375121896576647,False,False,20.4,11.590373,0.0013914794392055896,False,False,No issues detected.
C_00320,9.618,10.362,10.729,10.93,LOT_007,False,0.366,35.6,12.426224999999999,3.096505039701604,-0.48319798638021383,False,9.217875,14.890875000000001,False,-0.0013939105540768937,True,True,29.1,10.796907,0.003020190450880262,False,True,[Module A] Flagged because the combination of readings across all four checkpoints is unusual relative to its lot (multivariate outlier).
C_00321,11.53,11.863,11.83,12.735,LOT_008,False,0.395,47.7,11.665575,2.701855012218694,0.39581139445443986,False,8.99875,13.692750000000002,False,-0.0015072990998357128,True,True,28.4,12.391739,0.003671797858344187,False,True,[Module A] Flagged because the combination of readings across all four checkpoints is unusual relative to its lot (multivariate outlier).
C_00322,10.815,11.233,11.526,11.931,LOT_008,False,0.409,54.5,11.665575,2.701855012218694,0.09823806192399587,False,8.99875,13.692750000000002,False,0.15562518431613387,False,False,18.0,11.681803,0.0031166857613457535,False,False,No issues detected.
C_00323,11.27,11.489,11.729,12.018,LOT_008,False,0.31,20.8,11.665575,2.701855012218694,0.13043816133960418,False,8.99875,13.692750000000002,False,0.13901259961427231,False,False,19.1,11.889473,0.0027810622321234758,False,False,No issues detected.
C_00324,11.125,12.004,11.973,12.306,LOT_008,False,0.362,34.6,11.665575,2.701855012218694,0.2370315938878223,False,8.99875,13.692750000000002,False,0.036266139864417624,False,False,25.2,12.248286,0.0016964322725931834,False,False,No issues detected.
C_00325,9.536,10.364,10.469,11.188,LOT_008,False,0.4,49.7,11.665575,2.701855012218694,-0.1767581894069984,False,8.99875,13.692750000000002,False,0.09252580181139708,False,False,21.8,11.026921,0.004603619946373828,False,False,No issues detected.
C_00326,10.349,10.774,11.435,11.331,LOT_008,False,0.397,48.6,11.665575,2.701855012218694,-0.1238315892181263,False,8.99875,13.692750000000002,False,0.13354947965099961,False,False,19.4,11.156089,0.002653394646114779,False,False,No issues detected.
C_00327,10.54,10.928,11.3,11.684,LOT_008,False,0.326,24.2,11.665575,2.701855012218694,0.006819388870488896,False,8.99875,13.692750000000002,False,0.14287828535128083,False,False,17.9,11.4163065,0.0033910173310173824,False,False,No issues detected.
C_00328,11.821,11.659,11.732,12.019,LOT_008,False,0.323,23.4,11.665575,2.701855012218694,0.13080827742484083,False,8.99875,13.692750000000002,False,0.038665442377013304,False,False,24.2,12.0974865,0.0030450451109144375,False,False,No issues detected.
C_00329,11.369,11.245,11.665,11.844,LOT_008,False,0.317,22.2,11.665575,2.701855012218694,0.06603796250838823,False,8.99875,13.692750000000002,False,0.14512444098564575,False,False,18.3,12.064658,0.005692070590125196,False,False,No issues detected.
C_00330,11.335,11.203,11.722,11.773,LOT_008,False,0.337,26.9,11.665575,2.701855012218694,0.03975972045657052,False,8.99875,13.692750000000002,False,0.1395658509878117,False,False,18.4,11.907568,0.0048928331798977365,False,False,No issues detected.
C_00331,10.154,10.018,10.673,11.479,LOT_008,False,0.408,53.9,11.665575,2.701855012218694,-0.06905440860306958,False,8.99875,13.692750000000002,False,0.10277117855341977,False,False,20.4,10.75959,0.005149931589762365,False,False,No issues detected.
C_00332,9.239,9.357,9.899,9.978,LOT_008,False,0.401,50.6,11.665575,2.701855012218694,-0.624598652543612,False,8.99875,13.692750000000002,False,0.01105352673212845,False,False,29.7,9.935097,0.004014560699462895,False,False,No issues detected.
C_00333,10.638,10.515,10.919,11.185,LOT_008,False,0.31,20.6,11.665575,2.701855012218694,-0.17786853766270902,False,8.99875,13.692750000000002,False,0.12758793148864261,False,False,20.1,11.212838,0.0048460984230041465,False,False,No issues detected.
C_00334,10.403,10.706,10.576,10.976,LOT_008,False,0.349,30.4,11.665575,2.701855012218694,-0.2552227994772148,False,8.99875,13.692750000000002,False,0.12265317145720245,False,False,21.0,11.21583,0.0035404850641886426,False,False,No issues detected.
C_00335,10.281,11.063,11.76,11.87,LOT_008,False,0.413,56.5,11.665575,2.701855012218694,0.07566098072454679,False,8.99875,13.692750000000002,False,0.1246548793824766,False,False,19.4,11.582473,0.0036074500083923297,False,False,No issues detected.
C_00336,9.648,10.031,10.476,9.947,LOT_008,False,0.291,17.1,11.665575,2.701855012218694,-0.6360722511859552,False,8.99875,13.692750000000002,False,0.08004803348695938,False,False,26.3,10.326305,0.0020507318708631686,False,False,No issues detected.
C_00337,10.059,10.127,10.306,10.451,LOT_008,False,0.347,29.9,11.665575,2.701855012218694,-0.449533744226572,False,8.99875,13.692750000000002,False,0.12279305382459876,False,False,22.6,10.653185,0.0036540617412990947,False,False,No issues detected.
C_00338,10.057,10.33,10.492,10.696,LOT_008,False,0.384,42.8,11.665575,2.701855012218694,-0.358855303343539,False,8.99875,13.692750000000002,False,0.13839884101869743,False,False,21.1,10.795524,0.0032328030798170295,False,False,No issues detected.
C_00339,8.631,8.92,9.06,9.092,LOT_008,False,0.362,34.5,11.665575,2.701855012218694,-0.952521504063479,False,8.99875,13.692750000000002,False,-0.14025883720263976,True,True,40.0,9.220062,0.0020837656656901046,False,True,[Module A] Flagged because the combination of readings across all four checkpoints is unusual relative to its lot (multivariate outlier).
C_00340,10.691,10.401,10.936,11.383,LOT_008,False,0.355,32.0,11.665575,2.701855012218694,-0.10458555278580918,False,8.99875,13.692750000000002,False,0.11999879006633807,False,False,19.9,11.029564,0.004365027109781903,False,False,No issues detected.
C_00341,10.352,10.637,11.286,10.809,LOT_008,False,0.327,24.4,11.665575,2.701855012218694,-0.3170321857117728,False,8.99875,13.692750000000002,False,0.12666296407676064,False,False,21.3,11.03921,0.00279312721888224,False,False,No issues detected.
C_00342,9.611,9.833,10.24,10.78,LOT_008,False,0.419,60.2,11.665575,2.701855012218694,-0.327765552183642,False,8.99875,13.692750000000002,False,0.08312451027911699,False,False,23.6,10.28613,0.0031467357741461846,False,False,No issues detected.
C_00343,11.114,11.027,11.879,12.084,LOT_008,False,0.316,21.9,11.665575,2.701855012218694,0.15486582296523724,False,8.99875,13.692750000000002,False,0.12249026900885823,False,False,20.2,11.827915,0.005561911053127718,False,False,No issues detected.
C_00344,9.923,10.373,10.485,10.451,LOT_008,False,0.343,28.7,11.665575,2.701855012218694,-0.449533744226572,False,8.99875,13.692750000000002,False,0.13295332047498049,False,False,22.1,10.583975,0.0014651030434502542,False,False,No issues detected.
C_00345,11.18,11.388,11.616,11.427,LOT_008,False,0.302,19.2,11.665575,2.701855012218694,-0.0883004450353867,False,8.99875,13.692750000000002,False,0.1296091784037991,False,False,19.3,11.812372,0.0029470292197333447,False,False,No issues detected.
C_00346,9.957,9.936,11.017,11.114,LOT_008,False,0.386,43.3,11.665575,2.701855012218694,-0.20414677971452674,False,8.99875,13.692750000000002,False,0.10656976284635378,False,False,21.4,10.622693,0.00476870181825426,False,False,No issues detected.
C_00347,11.0,11.16,12.215,12.055,LOT_008,False,0.373,38.4,11.665575,2.701855012218694,0.144132456493368,False,8.99875,13.692750000000002,False,0.10122471913123987,False,False,21.1,11.550837,0.0027141427993774402,False,False,No issues detected.
C_00348,10.58,10.935,11.238,11.236,LOT_008,False,0.31,20.6,11.665575,2.701855012218694,-0.15899261731562858,False,8.99875,13.692750000000002,False,0.14542645588623465,False,False,19.1,11.364832,0.002984943919711639,False,False,No issues detected.
C_00349,10.344,10.901,10.838,10.908,LOT_008,False,0.348,30.0,11.665575,2.701855012218694,-0.28039069327332256,False,8.99875,13.692750000000002,False,0.13363801482195076,False,False,20.7,11.182332,0.001953694714440241,False,False,No issues detected.
C_00350,11.062,11.465,11.574,11.959,LOT_008,False,0.377,39.9,11.665575,2.701855012218694,0.10860131231062842,False,8.99875,13.692750000000002,False,0.1535102238333162,False,False,18.2,11.862822,0.002762649854024252,False,False,No issues detected.
C_00351,11.002,11.482,10.898,11.551,LOT_008,False,0.311,20.9,11.665575,2.701855012218694,-0.042406050466014554,False,8.99875,13.692750000000002,False,0.09912009135838912,False,False,20.4,11.53954,0.0003995853530036126,False,False,No issues detected.
C_00352,9.989,10.082,10.391,10.439,LOT_008,False,0.325,23.9,11.665575,2.701855012218694,-0.4539751372494146,False,8.99875,13.692750000000002,False,0.13247520549642966,False,False,22.2,10.653185,0.0039665617412990945,False,False,No issues detected.
C_00353,10.582,11.211,11.688,11.626,LOT_008,False,0.38,41.1,11.665575,2.701855012218694,-0.01464734407324953,False,8.99875,13.692750000000002,False,0.14952842807926803,False,False,17.6,11.497271,0.001987990167405868,False,False,No issues detected.
C_00354,10.013,11.209,11.083,11.934,LOT_008,False,0.424,62.9,11.665575,2.701855012218694,0.09934841017970653,False,8.99875,13.692750000000002,False,0.09688225997278216,False,False,21.0,11.7204895,0.0035520104302300373,False,False,No issues detected.
C_00355,9.916,10.031,10.53,10.554,LOT_008,False,0.37,37.1,11.665575,2.701855012218694,-0.4114117874471744,False,8.99875,13.692750000000002,False,0.1330428442279184,False,False,21.8,10.465961,0.003020565668741858,False,False,No issues detected.
C_00356,10.969,11.117,11.626,11.932,LOT_008,False,0.373,38.4,11.665575,2.701855012218694,0.09860817800923319,False,8.99875,13.692750000000002,False,0.1584380179183955,False,False,17.9,11.538036,0.002923863516913514,False,False,No issues detected.
C_00357,11.344,11.247,11.274,12.011,LOT_008,False,0.344,28.8,11.665575,2.701855012218694,0.12784734874294554,False,8.99875,13.692750000000002,False,0.12056427626656019,False,False,20.0,11.998257,0.005217060301038955,False,False,No issues detected.
C_00358,10.201,14.655,21.315,27.616,LOT_008,True,0.688,834.7,11.665575,2.701855012218694,5.90350885886431,True,8.99875,13.692750000000002,True,-0.2837098108400745,True,True,88.4,27.282484,0.08769086149003771,True,True,"[Module A] Flagged because 168h leakage is 5.9 standard deviations from its lot's mean (27.62uA vs lot mean 11.67uA); and 168h leakage (27.62uA) falls outside the lot's normal IQR range [9.00, 13.69]uA; and the combination of readings across all four checkpoints is unusual relative to its lot (multivariate outlier). [Module B] The strongest driver was delta_24h (4.454), which pushed the predicted 168h value up by 12.76uA relative to baseline."
C_00359,9.656,9.937,9.789,10.264,LOT_008,False,0.37,37.4,11.665575,2.701855012218694,-0.5187454521658672,False,8.99875,13.692750000000002,False,0.06435406966901502,False,False,26.1,10.4064045,0.003259753439161517,False,False,No issues detected.
C_00360,9.0,9.308,9.537,9.987,LOT_008,False,0.355,32.1,11.665575,2.701855012218694,-0.62126760777648,False,8.99875,13.692750000000002,False,-0.02518908022135402,True,True,31.4,9.907493,0.004163143316904705,False,True,[Module A] Flagged because the combination of readings across all four checkpoints is unusual relative to its lot (multivariate outlier).
C_00361,11.19,11.219,11.249,11.371,LOT_009,False,0.35,30.6,11.451775,3.043334604045288,-0.026541609947401346,False,8.674375000000005,13.049374999999998,False,0.10005803105376077,False,False,20.2,11.623083,0.0028061327404446113,False,False,No issues detected.
C_00362,10.493,10.593,10.735,10.719,LOT_009,False,0.346,29.5,11.451775,3.043334604045288,-0.2407802937692012,False,8.674375000000005,13.049374999999998,False,0.1849695855162959,False,False,17.8,10.886523,0.0020383558803134497,False,False,No issues detected.
C_00363,10.299,10.2,10.81,10.56,LOT_009,False,0.315,21.9,11.451775,3.043334604045288,-0.29302561697114277,False,8.674375000000005,13.049374999999998,False,0.18144593147956617,False,False,18.4,10.715215,0.003577880064646408,False,False,No issues detected.
C_00364,10.143,10.681,10.704,11.366,LOT_009,False,0.396,47.9,11.451775,3.043334604045288,-0.028184544639286567,False,8.674375000000005,13.049374999999998,False,0.15348296930368455,False,False,17.6,10.903104,0.0015423876974317821,False,False,No issues detected.
C_00365,9.259,9.408,9.034,9.48,LOT_009,False,0.364,35.2,11.451775,3.043334604045288,-0.6478995104182954,False,8.674375000000005,13.049374999999998,False,-0.04942888111709476,True,True,32.9,9.820405,0.002863923655615916,False,True,[Module A] Flagged because the combination of readings across all four checkpoints is unusual relative to its lot (multivariate outlier).
C_00366,10.364,10.768,10.846,10.806,LOT_009,False,0.299,18.6,11.451775,3.043334604045288,-0.2121932301304029,False,8.674375000000005,13.049374999999998,False,0.18399050947630985,False,False,17.6,11.132483,0.0025311286714341857,False,False,No issues detected.
C_00367,10.413,10.478,10.23,9.913,LOT_009,False,0.32,22.9,11.451775,3.043334604045288,-0.5056213661010575,False,8.674375000000005,13.049374999999998,False,0.09983132428767921,False,False,24.2,10.727574,0.0017331551975674115,False,False,No issues detected.
C_00368,11.621,11.641,11.505,11.535,LOT_009,False,0.334,26.2,11.451775,3.043334604045288,0.027346647946425436,False,8.674375000000005,13.049374999999998,False,0.035421798481141686,False,False,23.5,11.806909,0.0011521431075202093,False,False,No issues detected.
C_00369,10.661,10.957,10.738,11.338,LOT_009,False,0.414,57.2,11.451775,3.043334604045288,-0.03738497891384253,False,8.674375000000005,13.049374999999998,False,0.1540132321867595,False,False,17.6,11.249278,0.0020297088093227758,False,False,No issues detected.
C_00370,9.956,10.311,10.282,10.335,LOT_009,False,0.249,11.4,11.451775,3.043334604045288,-0.36695767810596613,False,8.674375000000005,13.049374999999998,False,0.15640049504035125,False,False,20.2,10.589254,0.0019323220782809791,False,False,No issues detected.
C_00371,9.436,9.691,9.525,10.206,LOT_009,False,0.349,30.3,11.451775,3.043334604045288,-0.4093453931565987,False,8.674375000000005,13.049374999999998,False,0.04510123754424933,False,False,26.2,9.915496,0.0015589991145663741,False,False,No issues detected.
C_00372,11.618,11.739,11.767,12.043,LOT_009,False,0.349,30.2,11.451775,3.043334604045288,0.19426881264193768,False,8.674375000000005,13.049374999999998,False,-0.0007809899360811112,True,True,26.7,12.0259,0.00199236032697889,False,True,[Module A] Flagged because the combination of readings across all four checkpoints is unusual relative to its lot (multivariate outlier).
C_00373,10.333,9.971,10.443,10.205,LOT_009,False,0.345,29.2,11.451775,3.043334604045288,-0.40967398009497547,False,8.674375000000005,13.049374999999998,False,0.1433564634046166,False,False,21.2,10.434898,0.003221516503228081,False,False,No issues detected.
C_00374,9.848,9.668,9.998,9.934,LOT_009,False,0.332,25.7,11.451775,3.043334604045288,-0.4987210403951409,False,8.674375000000005,13.049374999999998,False,0.0938963637083271,False,False,24.5,10.015926,0.002416155285305452,False,False,No issues detected.
C_00375,10.172,10.361,11.471,11.429,LOT_009,False,0.446,78.0,11.451775,3.043334604045288,-0.007483567521535797,False,8.674375000000005,13.049374999999998,False,0.08888850824586425,False,False,20.6,10.648999,0.001999994542863629,False,False,No issues detected.
C_00376,10.799,15.958,22.47,26.827,LOT_009,True,0.724,1186.2,11.451775,3.043334604045288,5.052098109607406,True,8.674375000000005,13.049374999999998,True,-0.24679170464649558,True,True,79.4,27.115679,0.07748388046688504,True,True,"[Module A] Flagged because 168h leakage is 5.1 standard deviations from its lot's mean (26.83uA vs lot mean 11.45uA); and 168h leakage (26.83uA) falls outside the lot's normal IQR range [8.67, 13.05]uA; and the combination of readings across all four checkpoints is unusual relative to its lot (multivariate outlier). [Module B] The strongest driver was delta_24h (5.159), which pushed the predicted 168h value up by 12.98uA relative to baseline."
C_00377,10.126,10.248,10.541,10.849,LOT_009,False,0.38,40.9,11.451775,3.043334604045288,-0.19806399178019185,False,8.674375000000005,13.049374999999998,False,0.17919888212247542,False,False,17.7,10.604149,0.0024732560051812114,False,False,No issues detected.
C_00378,9.566,9.906,10.688,10.639,LOT_009,False,0.392,46.3,11.451775,3.043334604045288,-0.26706724883936067,False,8.674375000000005,13.049374999999998,False,0.0952597084435608,False,False,22.5,10.260182,0.0024595998658074234,False,False,No issues detected.
C_00379,9.982,10.21,10.602,10.642,LOT_009,False,0.351,30.8,11.451775,3.043334604045288,-0.2660814880242297,False,8.674375000000005,13.049374999999998,False,0.17441013621750256,False,False,18.5,10.6069355,0.0027564965354071663,False,False,No issues detected.
C_00380,9.695,9.74,9.846,9.812,LOT_009,False,0.364,35.2,11.451775,3.043334604045288,-0.538808646877134,False,8.674375000000005,13.049374999999998,False,0.08301849094614666,False,False,25.3,10.039864,0.002082386016845702,False,False,No issues detected.
C_00381,11.04,11.302,11.318,11.613,LOT_009,False,0.345,29.2,11.451775,3.043334604045288,0.05297642913983071,False,8.674375000000005,13.049374999999998,False,0.10911146820288503,False,False,20.0,11.506604,0.0014208624627855117,False,False,No issues detected.
C_00382,10.716,10.915,11.356,11.46,LOT_009,False,0.407,53.4,11.451775,3.043334604045288,0.0027026275681511823,False,8.674375000000005,13.049374999999998,False,0.12581033437112205,False,False,18.7,11.232167,0.0022025503052605583,False,False,No issues detected.
C_00383,10.028,10.413,10.328,10.866,LOT_009,False,0.331,25.4,11.451775,3.043334604045288,-0.19247801382778315,False,8.674375000000005,13.049374999999998,False,0.1522578670261735,False,False,19.0,10.744477,0.0023019255002339665,False,False,No issues detected.
C_00384,10.275,13.851,17.617,21.087,LOT_009,True,0.7,938.8,11.451775,3.043334604045288,3.166009083323464,True,8.674375000000005,13.049374999999998,True,-0.18553607227060287,True,True,60.7,21.443531,0.052725909974839946,True,True,"[Module A] Flagged because 168h leakage is 3.2 standard deviations from its lot's mean (21.09uA vs lot mean 11.45uA); and 168h leakage (21.09uA) falls outside the lot's normal IQR range [8.67, 13.05]uA; and the combination of readings across all four checkpoints is unusual relative to its lot (multivariate outlier). [Module B] The strongest driver was delta_24h (3.576), which pushed the predicted 168h value up by 9.20uA relative to baseline."
C_00385,9.229,9.535,9.41,9.639,LOT_009,False,0.381,41.4,11.451775,3.043334604045288,-0.5956541872163539,False,8.674375000000005,13.049374999999998,False,0.005727259531261519,False,False,29.7,9.858621,0.0022473655806647397,False,False,No issues detected.
C_00386,9.971,10.046,10.377,10.056,LOT_009,False,0.306,19.8,11.451775,3.043334604045288,-0.45863343391314776,False,8.674375000000005,13.049374999999998,False,0.14228475873811147,False,False,21.7,10.364844,0.0022141966819763225,False,False,No issues detected.
C_00387,10.323,10.827,10.694,11.402,LOT_009,False,0.389,44.7,11.451775,3.043334604045288,-0.01635541485771495,False,8.674375000000005,13.049374999999998,False,0.15929039408086265,False,False,17.2,11.005983,0.0012429399490356448,False,False,No issues detected.
C_00388,11.325,11.063,11.305,11.69,LOT_009,False,0.324,23.7,11.451775,3.043334604045288,0.07827762339485916,False,8.674375000000005,13.049374999999998,False,0.0738172431291309,False,False,22.0,11.561417,0.00346122656928168,False,False,No issues detected.
C_00389,10.35,10.179,10.444,10.78,LOT_009,False,0.352,31.2,11.451775,3.043334604045288,-0.22073649052820465,False,8.674375000000005,13.049374999999998,False,0.17989702753640835,False,False,17.8,10.580213,0.002786198563045924,False,False,No issues detected.
C_00390,11.542,11.375,11.7,11.696,LOT_009,False,0.381,41.5,11.451775,3.043334604045288,0.0802491450251212,False,8.674375000000005,13.049374999999998,False,0.058335435090743404,False,False,22.8,11.796037,0.002923866113026937,False,False,No issues detected.
C_00391,10.69,10.75,10.983,10.976,LOT_009,False,0.357,32.9,11.451775,3.043334604045288,-0.1563334506063135,False,8.674375000000005,13.049374999999998,False,0.15576343755479516,False,False,18.5,11.079453,0.002287871307796902,False,False,No issues detected.
C_00392,9.782,10.06,10.107,10.255,LOT_009,False,0.365,35.4,11.451775,3.043334604045288,-0.3932446331761256,False,8.674375000000005,13.049374999999998,False,0.12843811003658162,False,False,21.9,10.302175,0.0016817678345574238,False,False,No issues detected.
C_00393,11.594,11.305,12.284,11.743,LOT_009,False,0.393,46.4,11.451775,3.043334604045288,0.09569273112884008,False,8.674375000000005,13.049374999999998,False,0.02043156966337678,False,False,24.8,11.705469,0.0027810356352064363,False,False,No issues detected.
C_00394,10.096,10.613,10.483,10.619,LOT_009,False,0.365,35.4,11.451775,3.043334604045288,-0.2736389876069004,False,8.674375000000005,13.049374999999998,False,0.16030220799963474,False,False,19.3,10.7553425,0.0009884894688924185,False,False,No issues detected.
C_00395,10.462,11.303,10.826,10.677,LOT_009,False,0.345,29.1,11.451775,3.043334604045288,-0.25458094518103486,False,8.674375000000005,13.049374999999998,False,0.12937777746187312,False,False,20.7,11.3611145,0.000403572930230029,False,False,No issues detected.
C_00396,10.474,10.334,10.715,10.591,LOT_009,False,0.372,37.9,11.451775,3.043334604045288,-0.2828394218814564,False,8.674375000000005,13.049374999999998,False,0.17741402742793044,False,False,18.5,10.74298,0.00284013891220093,False,False,No issues detected.
C_00397,9.931,10.054,9.961,10.171,LOT_009,False,0.302,19.2,11.451775,3.043334604045288,-0.4208459359997935,False,8.674375000000005,13.049374999999998,False,0.13005737548944724,False,False,22.0,10.3084755,0.0017671909332275372,False,False,No issues detected.
C_00398,10.986,10.814,10.872,11.165,LOT_009,False,0.357,32.8,11.451775,3.043334604045288,-0.09423051925306236,False,8.674375000000005,13.049374999999998,False,0.13425354652625704,False,False,19.1,11.152576,0.0023512253231472435,False,False,No issues detected.
C_00399,10.64,10.79,10.668,10.724,LOT_009,False,0.295,17.9,11.451775,3.043334604045288,-0.239137359077316,False,8.674375000000005,13.049374999999998,False,0.1739665530096689,False,False,18.3,11.066519,0.0019202693303426166,False,False,No issues detected.
C_00400,10.641,10.215,10.532,10.852,LOT_009,False,0.303,19.3,11.451775,3.043334604045288,-0.19707823096506083,False,8.674375000000005,13.049374999999998,False,0.1677140473613345,False,False,18.3,10.676289,0.003203393088446724,False,False,No issues detected.
C_00401,9.26,9.609,9.91,10.3,LOT_010,False,0.394,47.2,11.284425,5.140203417542729,-0.19151479426676146,False,8.2165,12.084500000000002,False,0.16663438328593555,False,False,18.3,10.037954,0.002978849516974555,False,False,No issues detected.
C_00402,9.326,9.851,9.975,9.814,LOT_010,False,0.348,29.9,11.284425,5.140203417542729,-0.28606358164380513,False,8.2165,12.084500000000002,False,0.13816333149948895,False,False,20.5,10.098501,0.0017187583711412158,False,False,No issues detected.
C_00403,10.79,10.671,11.068,11.861,LOT_010,False,0.39,45.3,11.284425,5.140203417542729,0.11216968535374255,False,8.2165,12.084500000000002,False,0.0019670149099493273,False,False,25.8,11.4477415,0.005394038253360329,False,False,No issues detected.
C_00404,8.744,9.23,9.1,9.468,LOT_010,False,0.347,29.9,11.284425,5.140203417542729,-0.35337609282170035,False,8.2165,12.084500000000002,False,0.09321929037251286,False,False,23.3,9.367787,0.0009568566746181882,False,False,No issues detected.
C_00405,8.982,9.281,9.558,9.853,LOT_010,False,0.385,43.0,11.284425,5.140203417542729,-0.2784763332740424,False,8.2165,12.084500000000002,False,0.14526627466773395,False,False,20.1,9.597333,0.0021967566278245673,False,False,No issues detected.
C_00406,10.185,10.334,10.479,10.377,LOT_010,False,0.316,21.9,11.284425,5.140203417542729,-0.17653484235722988,False,8.2165,12.084500000000002,False,0.11192097577529347,False,False,20.9,10.741879,0.0028324962721930635,False,False,No issues detected.
C_00407,9.986,9.885,10.646,10.604,LOT_010,False,0.357,32.9,11.284425,5.140203417542729,-0.13237316594861107,False,8.2165,12.084500000000002,False,0.11756079105185618,False,False,20.2,10.467494,0.004045097298092314,False,False,No issues detected.
C_00408,9.067,16.196,27.891,37.464,LOT_010,True,0.758,1645.6,11.284425,5.140203417542729,5.093100967687993,True,8.2165,12.084500000000002,True,-0.2559617166634611,True,True,80.2,37.291798,0.14649859470791285,True,True,"[Module A] Flagged because 168h leakage is 5.1 standard deviations from its lot's mean (37.46uA vs lot mean 11.28uA); and 168h leakage (37.46uA) falls outside the lot's normal IQR range [8.22, 12.08]uA; and the combination of readings across all four checkpoints is unusual relative to its lot (multivariate outlier). [Module B] The strongest driver was delta_24h (7.129), which pushed the predicted 168h value up by 18.38uA relative to baseline."
C_00409,9.211,9.307,9.462,10.006,LOT_010,False,0.366,35.7,11.284425,5.140203417542729,-0.24871097428497307,False,8.2165,12.084500000000002,False,0.16061745943154898,False,False,19.0,9.861646,0.0038517062399122423,False,False,No issues detected.
C_00410,9.184,9.688,9.299,9.698,LOT_010,False,0.335,26.4,11.284425,5.140203417542729,-0.3086307819230994,False,8.2165,12.084500000000002,False,0.1391543283496629,False,False,20.6,9.905804,0.0015125255584716754,False,False,No issues detected.
C_00411,10.765,10.553,11.287,11.076,LOT_010,False,0.381,41.4,11.284425,5.140203417542729,-0.04054800619148211,False,8.2165,12.084500000000002,False,0.03653168268761664,False,False,23.5,11.052347,0.00346768877241346,False,False,No issues detected.
C_00412,9.318,9.269,9.623,9.538,LOT_010,False,0.309,20.5,11.284425,5.140203417542729,-0.3397579547221261,False,8.2165,12.084500000000002,False,0.1529446000150329,False,False,20.2,9.745624,0.003309886031680636,False,False,No issues detected.
C_00413,9.78,9.996,10.526,10.49,LOT_010,False,0.348,29.9,11.284425,5.140203417542729,-0.15455127656791737,False,8.2165,12.084500000000002,False,0.12016597625324771,False,False,20.3,10.386935,0.0027148280143737763,False,False,No issues detected.
C_00414,11.417,11.237,11.713,11.972,LOT_010,False,0.371,37.5,11.284425,5.140203417542729,0.1337641614830671,False,8.2165,12.084500000000002,False,-0.1162354233873446,True,True,31.9,11.917576,0.004726221084594726,False,True,[Module A] Flagged because the combination of readings across all four checkpoints is unusual relative to its lot (multivariate outlier).
C_00415,9.561,9.521,9.684,10.225,LOT_010,False,0.356,32.3,11.284425,5.140203417542729,-0.2061056565163054,False,8.2165,12.084500000000002,False,0.1476104314757663,False,False,19.3,10.05081,0.003679235140482579,False,False,No issues detected.
C_00416,8.716,8.855,8.943,9.148,LOT_010,False,0.337,27.1,11.284425,5.140203417542729,-0.4156304384197537,False,8.2165,12.084500000000002,False,0.08511336703324751,False,False,24.2,9.114845,0.0018044810824924015,False,False,No issues detected.
C_00417,9.108,8.886,9.353,9.589,LOT_010,False,0.34,27.6,11.284425,5.140203417542729,-0.3298361683924363,False,8.2165,12.084500000000002,False,0.13245480118331615,False,False,21.1,9.426188,0.0037513088120354598,False,False,No issues detected.
C_00418,9.053,9.451,9.927,10.31,LOT_010,False,0.37,37.1,11.284425,5.140203417542729,-0.18956934596682234,False,8.2165,12.084500000000002,False,0.14509971620905399,False,False,19.3,9.868495,0.002899270746443003,False,False,No issues detected.
C_00419,8.692,8.87,8.811,9.133,LOT_010,False,0.341,28.0,11.284425,5.140203417542729,-0.4185486108696626,False,8.2165,12.084500000000002,False,0.06471781512588792,False,False,25.3,9.117632,0.0017196660571628202,False,False,No issues detected.
C_00420,9.43,9.954,10.157,10.202,LOT_010,False,0.318,22.3,11.284425,5.140203417542729,-0.21058018760616545,False,8.2165,12.084500000000002,False,0.1441256833296688,False,False,19.5,10.34511,0.002716041247049963,False,False,No issues detected.
C_00421,9.29,9.613,9.372,9.693,LOT_010,False,0.26,12.7,11.284425,5.140203417542729,-0.30960350607306913,False,8.2165,12.084500000000002,False,0.14597997879075464,False,False,20.3,10.011486,0.0027672642601860925,False,False,No issues detected.
C_00422,9.374,9.53,9.948,10.252,LOT_010,False,0.355,32.1,11.284425,5.140203417542729,-0.20085294610646948,False,8.2165,12.084500000000002,False,0.1744444227449482,False,False,18.0,10.000784,0.003269332779778379,False,False,No issues detected.
C_00423,9.8,14.314,21.797,27.938,LOT_010,True,0.69,852.1,11.284425,5.140203417542729,3.239866917165941,True,8.2165,12.084500000000002,True,-0.20759661157884013,True,True,62.4,27.842073,0.0939449544482761,True,True,"[Module A] Flagged because 168h leakage is 3.2 standard deviations from its lot's mean (27.94uA vs lot mean 11.28uA); and 168h leakage (27.94uA) falls outside the lot's normal IQR range [8.22, 12.08]uA; and the combination of readings across all four checkpoints is unusual relative to its lot (multivariate outlier). [Module B] The strongest driver was delta_24h (4.514), which pushed the predicted 168h value up by 12.85uA relative to baseline."
C_00424,9.362,9.337,9.827,9.95,LOT_010,False,0.367,36.2,11.284425,5.140203417542729,-0.2596054847646326,False,8.2165,12.084500000000002,False,0.1591623219636163,False,False,19.2,9.9394865,0.004183934052785239,False,False,No issues detected.
C_00425,9.153,8.971,9.239,9.069,LOT_010,False,0.308,20.3,11.284425,5.140203417542729,-0.43099947998927296,False,8.2165,12.084500000000002,False,0.11042980096303501,False,False,23.1,9.3877735,0.002894260512457953,False,False,No issues detected.
C_00426,9.93,9.627,10.011,10.652,LOT_010,False,0.383,42.3,11.284425,5.140203417542729,-0.12303501410890305,False,8.2165,12.084500000000002,False,0.13244559692580127,False,False,19.4,10.119799,0.003422212918599442,False,False,No issues detected.
C_00427,9.282,9.13,9.583,10.312,LOT_010,False,0.417,58.9,11.284425,5.140203417542729,-0.18918025630683472,False,8.2165,12.084500000000002,False,0.15077497990966787,False,False,19.0,9.740344,0.004238500330183236,False,False,No issues detected.
C_00428,9.035,9.024,9.44,9.398,LOT_010,False,0.353,31.4,11.284425,5.140203417542729,-0.36699423092127453,False,8.2165,12.084500000000002,False,0.14066032708215914,False,False,21.0,9.4476185,0.002941795031229661,False,False,No issues detected.
C_00429,10.18,10.284,10.485,10.893,LOT_010,False,0.311,20.9,11.284425,5.140203417542729,-0.07614971008036885,False,8.2165,12.084500000000002,False,0.11404760581759482,False,False,19.9,10.738503,0.0031562740008036247,False,False,No issues detected.
C_00430,8.602,8.602,9.315,9.428,LOT_010,False,0.406,53.0,11.284425,5.140203417542729,-0.3611578860214568,False,8.2165,12.084500000000002,False,0.058032121890485566,False,False,25.1,9.0255375,0.002941232575310599,False,False,No issues detected.
C_00431,9.345,9.619,9.994,10.628,LOT_010,False,0.427,65.0,11.284425,5.140203417542729,-0.12770409002875688,False,8.2165,12.084500000000002,False,0.14903438566856986,False,False,18.6,10.013242,0.002737790054745146,False,False,No issues detected.
C_00432,9.251,9.148,9.88,10.351,LOT_010,False,0.389,44.9,11.284425,5.140203417542729,-0.18159300793707167,False,8.2165,12.084500000000002,False,0.14917194463606143,False,False,19.1,9.887213,0.005133421897888186,False,False,No issues detected.
C_00433,10.136,10.386,10.766,10.762,LOT_010,False,0.316,22.0,11.284425,5.140203417542729,-0.10163508280957198,False,8.2165,12.084500000000002,False,0.10516398178349029,False,False,20.6,10.744666,0.002490736802419032,False,False,No issues detected.
C_00434,9.11,9.062,8.619,9.299,LOT_010,False,0.295,17.8,11.284425,5.140203417542729,-0.38625416909067234,False,8.2165,12.084500000000002,False,0.06371883500680914,False,False,25.0,9.437182,0.002605433517032204,False,False,No issues detected.
C_00435,8.712,8.5,9.015,8.685,LOT_010,False,0.338,27.2,11.284425,5.140203417542729,-0.505704694706937,False,8.2165,12.084500000000002,False,-0.0002682293059022012,True,True,29.2,8.889994,0.0027082893583509657,False,True,[Module A] Flagged because the combination of readings across all four checkpoints is unusual relative to its lot (multivariate outlier).
C_00436,10.327,10.508,10.852,10.98,LOT_010,False,0.351,30.8,11.284425,5.140203417542729,-0.059224309870898134,False,8.2165,12.084500000000002,False,0.08520434289395046,False,False,21.2,11.049961,0.0037636186811659134,False,False,No issues detected.
C_00437,9.869,9.847,10.187,10.547,LOT_010,False,0.361,34.0,11.284425,5.140203417542729,-0.14346222125826405,False,8.2165,12.084500000000002,False,0.1430058397376237,False,False,19.0,10.296835,0.003123853789435496,False,False,No issues detected.
C_00438,10.542,10.429,10.866,10.901,LOT_010,False,0.348,30.1,11.284425,5.140203417542729,-0.07459335144041768,False,8.2165,12.084500000000002,False,0.07351832968172484,False,False,21.9,11.049122,0.004306401782565645,False,False,No issues detected.
C_00439,10.185,9.914,10.19,10.328,LOT_010,False,0.302,19.2,11.284425,5.140203417542729,-0.18606753902693204,False,8.2165,12.084500000000002,False,0.13088877730565207,False,False,20.0,10.454473,0.0037532815403408496,False,False,No issues detected.
C_00440,10.0,9.935,9.935,10.183,LOT_010,False,0.294,17.8,11.284425,5.140203417542729,-0.2142765393760499,False,8.2165,12.084500000000002,False,0.13098148137669857,False,False,20.2,10.502334,0.003939816951751706,False,False,No issues detected.
C_00441,9.194,9.428,10.059,9.951,LOT_011,False,0.352,31.1,10.55845,0.633749281089968,-0.9585020734938957,False,8.769375,12.214375,False,0.10340415165192629,False,False,27.8,9.835874,0.0028324555820888886,False,False,No issues detected.
C_00442,8.977,9.352,9.336,9.472,LOT_011,False,0.346,29.3,10.55845,0.633749281089968,-1.7143214713103034,False,8.769375,12.214375,False,-0.0032880338366727546,True,True,39.5,9.730614,0.0026292618645562043,False,True,[Module A] Flagged because the combination of readings across all four checkpoints is unusual relative to its lot (multivariate outlier).
C_00443,10.316,10.634,10.831,10.844,LOT_011,False,0.337,26.9,10.55845,0.633749281089968,0.45057250322854686,False,8.769375,12.214375,False,0.1530416248825205,False,False,21.1,10.932371,0.0020720218022664363,False,False,No issues detected.
C_00444,9.974,9.705,10.088,9.923,LOT_011,False,0.324,23.8,10.55845,0.633749281089968,-1.0026835831783627,False,8.769375,12.214375,False,0.12146434548378815,False,False,27.3,10.137674,0.003004682858784993,False,False,No issues detected.
C_00445,10.49,10.569,10.801,10.912,LOT_011,False,0.282,15.7,10.55845,0.633749281089968,0.5578704553193959,False,8.769375,12.214375,False,0.14742518945777594,False,False,22.3,10.9262085,0.0024806145562065915,False,False,No issues detected.
C_00446,10.32,10.768,11.015,10.954,LOT_011,False,0.355,32.0,10.55845,0.633749281089968,0.6241427198460952,False,8.769375,12.214375,False,0.13461089312992452,False,False,23.5,11.005708,0.0016507481998867411,False,False,No issues detected.
C_00447,10.381,10.46,10.614,10.684,LOT_011,False,0.384,42.7,10.55845,0.633749281089968,0.19810673360302472,False,8.769375,12.214375,False,0.16486588420467085,False,False,18.4,10.802807,0.0023806031545003195,False,False,No issues detected.
C_00448,9.859,10.397,10.883,10.63,LOT_011,False,0.357,32.9,10.55845,0.633749281089968,0.11289953635441345,False,8.769375,12.214375,False,0.12770458085122366,False,False,19.6,10.633822,0.0016446002854241248,False,False,No issues detected.
C_00449,10.153,10.227,10.683,11.082,LOT_011,False,0.431,67.8,10.55845,0.633749281089968,0.8261153355465128,False,8.769375,12.214375,False,0.12147738303868977,False,False,25.8,10.653516,0.0029619153870476594,False,False,No issues detected.
C_00450,11.549,11.051,11.23,11.122,LOT_011,False,0.368,36.5,10.55845,0.633749281089968,0.889231777952892,False,8.769375,12.214375,False,0.03208348157970864,False,False,30.8,11.561372,0.0035442486339145227,False,False,No issues detected.
C_00451,10.811,10.876,11.552,11.422,LOT_011,False,0.447,78.8,10.55845,0.633749281089968,1.3626050960007468,False,8.769375,12.214375,False,0.03735607795407758,False,False,34.5,11.233188,0.0024804699685838528,False,False,No issues detected.
C_00452,10.237,10.398,10.6,10.443,LOT_011,False,0.348,30.2,10.55845,0.633749281089968,-0.18216983189541716,False,8.769375,12.214375,False,0.16102512770281058,False,False,18.5,10.7656555,0.002553163316514759,False,False,No issues detected.
C_00453,10.581,10.799,10.728,10.772,LOT_011,False,0.322,23.3,10.55845,0.633749281089968,0.3369629068970633,False,8.769375,12.214375,False,0.1377769628493375,False,False,20.9,11.108991,0.002152712980906172,False,False,No issues detected.
C_00454,9.707,10.41,10.697,11.016,LOT_011,False,0.431,67.5,10.55845,0.633749281089968,0.7219732055759839,False,8.769375,12.214375,False,0.10061845257464364,False,False,26.0,10.850029,0.003055756886800129,False,False,No issues detected.
C_00455,9.293,9.599,10.065,9.974,LOT_011,False,0.345,29.1,10.55845,0.633749281089968,-0.9222101191102274,False,8.769375,12.214375,False,0.1395739357343846,False,False,25.7,9.979551,0.002642717467414007,False,False,No issues detected.
C_00456,8.885,9.171,9.276,10.035,LOT_011,False,0.417,58.7,10.55845,0.633749281089968,-0.8259575444404973,False,8.769375,12.214375,False,-0.03128183477309976,True,True,33.4,9.53174,0.002505140198601621,False,True,[Module A] Flagged because the combination of readings across all four checkpoints is unusual relative to its lot (multivariate outlier).
C_00457,10.798,11.064,11.238,11.367,LOT_011,False,0.352,31.2,10.55845,0.633749281089968,1.275819987691974,False,8.769375,12.214375,False,0.07420111502255045,False,False,31.9,11.433984,0.0025693319638570144,False,False,No issues detected.
C_00458,9.79,10.053,10.511,10.631,LOT_011,False,0.427,64.8,10.55845,0.633749281089968,0.11447744741457208,False,8.769375,12.214375,False,0.1672540421396304,False,False,17.6,10.352455,0.0020795495775010795,False,False,No issues detected.
C_00459,9.611,9.554,10.02,10.161,LOT_011,False,0.287,16.5,10.55845,0.633749281089968,-0.6271407508603997,False,8.769375,12.214375,False,0.16156902379002136,False,False,22.1,10.031552,0.0033163355191548646,False,False,No issues detected.
C_00460,10.671,10.107,10.53,10.324,LOT_011,False,0.273,14.4,10.55845,0.633749281089968,-0.36994124805439876,False,8.769375,12.214375,False,0.09134054927441981,False,False,23.5,10.624606,0.0035944870313008672,False,False,No issues detected.
C_00461,9.465,9.498,9.965,9.842,LOT_011,False,0.372,38.1,10.55845,0.633749281089968,-1.1304943790512825,False,8.769375,12.214375,False,0.12031831160828926,False,False,28.4,9.940681,0.0030741767883300827,False,False,No issues detected.
C_00462,11.473,11.263,11.72,12.552,LOT_011,False,0.404,51.9,10.55845,0.633749281089968,3.145644593980994,True,8.769375,12.214375,True,-0.07493274707296838,True,True,55.0,11.837437,0.003989143583509658,False,True,"[Module A] Flagged because 168h leakage is 3.1 standard deviations from its lot's mean (12.55uA vs lot mean 10.56uA); and 168h leakage (12.55uA) falls outside the lot's normal IQR range [8.77, 12.21]uA; and the combination of readings across all four checkpoints is unusual relative to its lot (multivariate outlier)."
C_00463,9.278,9.619,9.63,9.785,LOT_011,False,0.343,28.7,10.55845,0.633749281089968,-1.2204353094803753,False,8.769375,12.214375,False,0.0717202374950684,False,False,31.6,10.00602,0.0026876360575358088,False,False,No issues detected.
C_00464,10.361,10.315,10.441,10.708,LOT_011,False,0.341,28.0,10.55845,0.633749281089968,0.23597659904685445,False,8.769375,12.214375,False,0.15321072613193365,False,False,19.3,10.792198,0.0033138762580023906,False,False,No issues detected.
C_00465,9.671,10.107,10.213,10.34,LOT_011,False,0.353,31.6,10.55845,0.633749281089968,-0.34469467109184654,False,8.769375,12.214375,False,0.1576301659260948,False,False,20.0,10.395979,0.002006798108418787,False,False,No issues detected.
C_00466,10.137,10.103,10.644,10.594,LOT_011,False,0.378,40.2,10.55845,0.633749281089968,0.056094738188668856,False,8.769375,12.214375,False,0.16691501311206164,False,False,17.1,10.592076,0.0033963632053799118,False,False,No issues detected.
C_00467,10.238,10.799,10.337,10.566,LOT_011,False,0.36,33.7,10.55845,0.633749281089968,0.01191322850420458,False,8.769375,12.214375,False,0.12361379456244181,False,False,18.9,10.918176,0.0008276090092129213,False,False,No issues detected.
C_00468,9.546,9.546,10.021,10.07,LOT_011,False,0.412,56.0,10.55845,0.633749281089968,-0.7707306573349141,False,8.769375,12.214375,False,0.16157808228897858,False,False,23.3,10.022256,0.00330733262168037,False,False,No issues detected.
C_00469,11.804,11.548,12.194,11.958,LOT_011,False,0.335,26.5,10.55845,0.633749281089968,2.2083654242462445,False,8.769375,12.214375,False,-0.11409526273043513,True,True,49.1,11.805498,0.0017881814108954533,False,True,[Module A] Flagged because the combination of readings across all four checkpoints is unusual relative to its lot (multivariate outlier).
C_00470,9.724,9.947,9.977,10.482,LOT_011,False,0.38,41.2,10.55845,0.633749281089968,-0.12063130054919666,False,8.769375,12.214375,False,0.15432531246091824,False,False,18.3,10.356119,0.0028411052491929853,False,False,No issues detected.
C_00471,9.777,9.801,10.259,10.375,LOT_011,False,0.38,41.2,10.55845,0.633749281089968,-0.2894677839862634,False,8.769375,12.214375,False,0.1543407575302015,False,False,19.7,10.262355,0.003203853130340575,False,False,No issues detected.
C_00472,10.199,10.724,10.978,11.261,LOT_011,False,0.38,41.1,10.55845,0.633749281089968,1.1085614153150631,False,8.769375,12.214375,False,0.11250647174307327,False,False,28.6,10.968784,0.001699891196356878,False,False,No issues detected.
C_00473,9.034,9.588,9.359,9.669,LOT_011,False,0.368,36.7,10.55845,0.633749281089968,-1.4034729924588782,False,8.769375,12.214375,False,0.03990361600072112,False,False,34.7,9.827455,0.001662878937191439,False,False,No issues detected.
C_00474,11.024,11.489,11.107,11.198,LOT_011,False,0.301,19.0,10.55845,0.633749281089968,1.0091530185250157,False,8.769375,12.214375,False,0.02411224813560031,False,False,32.2,11.481175,-5.4337342580164837e-05,False,False,No issues detected.
C_00475,9.671,9.537,9.88,10.415,LOT_011,False,0.379,40.6,10.55845,0.633749281089968,-0.22635134157988424,False,8.769375,12.214375,False,0.1268955570396333,False,False,20.5,10.186344,0.004509334352281353,False,False,No issues detected.
C_00476,9.796,10.017,9.444,9.888,LOT_011,False,0.32,22.8,10.55845,0.633749281089968,-1.057910470283946,False,8.769375,12.214375,False,0.07290551755211161,False,False,30.2,10.352455,0.002329549577501089,False,False,No issues detected.
C_00477,9.809,9.895,10.14,10.556,LOT_011,False,0.366,35.9,10.55845,0.633749281089968,-0.0038658820973930066,False,8.769375,12.214375,False,0.15845623202818293,False,False,17.1,10.3499565,0.0031594202253553633,False,False,No issues detected.
C_00478,9.831,10.217,10.471,10.362,LOT_011,False,0.357,32.9,10.55845,0.633749281089968,-0.30998062776833685,False,8.769375,12.214375,False,0.16471363405486006,False,False,19.3,10.562895,0.00240204736921522,False,False,No issues detected.
C_00479,9.777,9.885,9.777,9.924,LOT_011,False,0.34,27.7,10.55845,0.633749281089968,-1.0011056721182041,False,8.769375,12.214375,False,0.12892917073770893,False,False,26.9,10.257427,0.0025863001081678615,False,False,No issues detected.
C_00480,9.877,10.024,10.013,10.074,LOT_011,False,0.319,22.6,10.55845,0.633749281089968,-0.7644190130942767,False,8.769375,12.214375,False,0.14971342558110012,False,False,23.9,10.352131,0.002278686735365132,False,False,No issues detected.
C_00481,9.505,10.202,11.147,11.059,LOT_012,False,0.424,63.1,10.71835,2.6955088815971706,0.12637687908420273,False,7.799375000000004,12.650374999999997,False,0.11443177348346917,False,False,20.3,10.857185,0.004549898359510634,False,False,No issues detected.
C_00482,10.073,10.261,10.014,10.273,LOT_012,False,0.32,22.9,10.71835,2.6955088815971706,-0.16521926640290502,False,7.799375000000004,12.650374999999997,False,0.16807075849340403,False,False,18.0,10.702602,0.0030666832394070148,False,False,No issues detected.
C_00483,9.693,9.486,10.262,9.798,LOT_012,False,0.366,35.7,10.71835,2.6955088815971706,-0.3414383110675057,False,7.799375000000004,12.650374999999997,False,0.16292754934481374,False,False,19.7,9.966475,0.003336628701951764,False,False,No issues detected.
C_00484,10.155,10.286,10.442,10.825,LOT_012,False,0.417,58.7,10.71835,2.6955088815971706,0.03956581287048358,False,7.799375000000004,12.650374999999997,False,0.20241315208310584,False,False,15.2,10.741879,0.003165829605526397,False,False,No issues detected.
C_00485,9.103,8.943,9.434,9.444,LOT_012,False,0.366,35.8,10.71835,2.6955088815971706,-0.47276787277543947,False,7.799375000000004,12.650374999999997,False,0.14715620202833418,False,False,21.6,9.407357,0.003224702888064917,False,False,No issues detected.
C_00486,9.998,9.979,10.379,10.624,LOT_012,False,0.399,49.6,10.71835,2.6955088815971706,-0.03500266708232598,False,7.799375000000004,12.650374999999997,False,0.20351894223127565,False,False,15.1,10.51277,0.0037067340215047257,False,False,No issues detected.
C_00487,8.89,9.261,8.956,9.072,LOT_012,False,0.293,17.6,10.71835,2.6955088815971706,-0.6107752088075065,False,7.799375000000004,12.650374999999997,False,0.10011394660317435,False,False,25.1,9.547219,0.0019876338640848847,False,False,No issues detected.
C_00488,9.547,9.26,9.694,9.575,LOT_012,False,0.363,34.7,10.71835,2.6955088815971706,-0.4241685151942554,False,7.799375000000004,12.650374999999997,False,0.18397471221420902,False,False,19.3,9.752553,0.003420506848229304,False,False,No issues detected.
C_00489,8.594,9.177,9.486,9.062,LOT_012,False,0.308,20.3,10.71835,2.6955088815971706,-0.6144850834320242,False,7.799375000000004,12.650374999999997,False,0.08678811603406555,False,False,25.8,9.330022,0.0010626517931620308,False,False,No issues detected.
C_00490,8.371,8.611,8.78,8.872,LOT_012,False,0.34,27.8,10.71835,2.6955088815971706,-0.6849727012978644,False,7.799375000000004,12.650374999999997,False,-0.0040645156296929,True,True,30.9,8.958248,0.0024114454057481507,False,True,[Module A] Flagged because the combination of readings across all four checkpoints is unusual relative to its lot (multivariate outlier).
C_00491,9.312,13.559,19.645,24.511,LOT_012,True,0.723,1177.4,10.71835,2.6955088815971706,5.116900223985698,True,7.799375000000004,12.650374999999997,True,-0.2064567782383968,True,True,78.0,24.578959,0.07652748966217042,True,True,"[Module A] Flagged because 168h leakage is 5.1 standard deviations from its lot's mean (24.51uA vs lot mean 10.72uA); and 168h leakage (24.51uA) falls outside the lot's normal IQR range [7.80, 12.65]uA; and the combination of readings across all four checkpoints is unusual relative to its lot (multivariate outlier). [Module B] The strongest driver was delta_24h (4.247), which pushed the predicted 168h value up by 11.33uA relative to baseline."
C_00492,9.377,9.415,9.634,10.006,LOT_012,False,0.38,41.1,10.71835,2.6955088815971706,-0.26427291887753307,False,7.799375000000004,12.650374999999997,False,0.19250875246567262,False,False,17.6,9.933858,0.0036031799846225373,False,False,No issues detected.
C_00493,9.777,9.902,10.555,10.923,LOT_012,False,0.409,54.6,10.71835,2.6955088815971706,0.0759225841907594,False,7.799375000000004,12.650374999999997,False,0.1753684864543898,False,False,16.9,10.387813,0.0033736987113952687,False,False,No issues detected.
C_00494,10.557,10.477,11.234,10.791,LOT_012,False,0.271,14.2,10.71835,2.6955088815971706,0.02695223914712308,False,7.799375000000004,12.650374999999997,False,0.07619561778924455,False,False,21.4,10.890389,0.0028707600169711623,False,False,No issues detected.
C_00495,10.005,9.751,9.806,10.297,LOT_012,False,0.27,14.0,10.71835,2.6955088815971706,-0.15631556730406168,False,7.799375000000004,12.650374999999997,False,0.17519395246352032,False,False,17.5,10.310134,0.0038828745418124765,False,False,No issues detected.
C_00496,9.938,10.005,10.156,10.362,LOT_012,False,0.332,25.6,10.71835,2.6955088815971706,-0.13220138224469544,False,7.799375000000004,12.650374999999997,False,0.1887066322681853,False,False,16.7,10.405661,0.002782365481058751,False,False,No issues detected.
C_00497,9.179,8.877,9.228,9.365,LOT_012,False,0.359,33.4,10.71835,2.6955088815971706,-0.5020758823091312,False,7.799375000000004,12.650374999999997,False,0.1194834374478565,False,False,23.2,9.422023,0.0037848806911044606,False,False,No issues detected.
C_00498,10.182,10.321,10.358,10.656,LOT_012,False,0.381,41.5,10.71835,2.6955088815971706,-0.023131068283868652,False,7.799375000000004,12.650374999999997,False,0.19350204576479946,False,False,15.5,10.741879,0.0029227740499708408,False,False,No issues detected.
C_00499,8.97,9.332,9.312,9.611,LOT_012,False,0.368,36.4,10.71835,2.6955088815971706,-0.4108129665459904,False,7.799375000000004,12.650374999999997,False,0.17343320043185112,False,False,19.8,9.72889,0.0027561834653218537,False,False,No issues detected.
C_00500,10.1,10.11,10.126,10.537,LOT_012,False,0.323,23.5,10.71835,2.6955088815971706,-0.06727857631563172,False,7.799375000000004,12.650374999999997,False,0.19149833151468576,False,False,16.0,10.641889,0.0036936709615919363,False,False,No issues detected.
C_00501,9.896,10.21,10.848,10.949,LOT_012,False,0.44,73.5,10.71835,2.6955088815971706,0.0855682582145059,False,7.799375000000004,12.650374999999997,False,0.17934366707079102,False,False,16.7,10.638719,0.0029772125350104378,False,False,No issues detected.
C_00502,10.354,10.19,10.358,10.85,LOT_012,False,0.36,33.8,10.71835,2.6955088815971706,0.04884049943177849,False,7.799375000000004,12.650374999999997,False,0.18871768411134132,False,False,16.0,10.752199,0.0039041609234280092,False,False,No issues detected.
C_00503,9.677,9.477,9.638,9.911,LOT_012,False,0.35,30.7,10.71835,2.6955088815971706,-0.29951672781045346,False,7.799375000000004,12.650374999999997,False,0.20138080910960593,False,False,17.4,9.966475,0.0033991287019517666,False,False,No issues detected.
C_00504,9.455,9.353,9.75,10.137,LOT_012,False,0.375,39.2,10.71835,2.6955088815971706,-0.21567356129634832,False,7.799375000000004,12.650374999999997,False,0.18199490776514216,False,False,17.7,10.07064,0.0049836084047953306,False,False,No issues detected.
C_00505,9.367,9.374,9.674,9.876,LOT_012,False,0.356,32.6,10.71835,2.6955088815971706,-0.3125012889962662,False,7.799375000000004,12.650374999999997,False,0.19583055711932928,False,False,17.8,9.9394865,0.00392698960834079,False,False,No issues detected.
C_00506,9.749,12.175,15.793,18.641,LOT_012,True,0.649,572.1,10.71835,2.6955088815971706,2.939203819393683,False,7.799375000000004,12.650374999999997,True,-0.1272014564368289,True,True,55.9,18.864527,0.04645504686567518,True,True,"[Module A] Flagged because 168h leakage (18.64uA) falls outside the lot's normal IQR range [7.80, 12.65]uA; and the combination of readings across all four checkpoints is unusual relative to its lot (multivariate outlier). [Module B] The strongest driver was delta_24h (2.426), which pushed the predicted 168h value up by 6.79uA relative to baseline."
C_00507,10.208,10.552,10.686,10.918,LOT_012,False,0.346,29.5,10.71835,2.6955088815971706,0.07406764687850015,False,7.799375000000004,12.650374999999997,False,0.1544071610669422,False,False,17.9,10.9360485,0.0026670035256279867,False,False,No issues detected.
C_00508,10.358,10.145,10.355,10.673,LOT_012,False,0.346,29.5,10.71835,2.6955088815971706,-0.016824281422188402,False,7.799375000000004,12.650374999999997,False,0.18564782162830312,False,False,15.9,10.66134,0.0035856927765740318,False,False,No issues detected.
C_00509,8.9,9.39,9.582,9.717,LOT_012,False,0.347,29.7,10.71835,2.6955088815971706,-0.3714882955261006,False,7.799375000000004,12.650374999999997,False,0.16535296957338996,False,False,19.8,9.703157,0.0021747043397691477,False,False,No issues detected.
C_00510,8.995,9.102,9.222,9.621,LOT_012,False,0.317,22.2,10.71835,2.6955088815971706,-0.4071030919214726,False,7.799375000000004,12.650374999999997,False,0.14841891132862772,False,False,21.0,9.593541,0.0034134801758660188,False,False,No issues detected.
C_00511,9.838,9.795,9.791,10.171,LOT_012,False,0.335,26.5,10.71835,2.6955088815971706,-0.20305998757298782,False,7.799375000000004,12.650374999999997,False,0.1864828838882961,False,False,17.4,10.203628,0.002837691571977404,False,False,No issues detected.
C_00512,10.871,11.391,11.077,11.744,LOT_012,False,0.352,31.4,10.71835,2.6955088815971706,0.38050329086367984,False,7.799375000000004,12.650374999999997,False,-0.046240151335776525,True,True,30.5,11.6719475,0.0019510241614447699,False,True,[Module A] Flagged because the combination of readings across all four checkpoints is unusual relative to its lot (multivariate outlier).
C_00513,10.087,10.005,10.699,10.38,LOT_012,False,0.341,28.1,10.71835,2.6955088815971706,-0.12552360792056294,False,7.799375000000004,12.650374999999997,False,0.17119195887105354,False,False,17.5,10.49867,0.003428261280059809,False,False,No issues detected.
C_00514,8.38,8.653,8.934,8.944,LOT_012,False,0.401,50.4,10.71835,2.6955088815971706,-0.658261604001335,False,7.799375000000004,12.650374999999997,False,0.029806447951081116,False,False,29.0,8.944446,0.002023927847544349,False,False,No issues detected.
C_00515,9.503,9.282,9.418,9.541,LOT_012,False,0.326,24.1,10.71835,2.6955088815971706,-0.4367820889176159,False,7.799375000000004,12.650374999999997,False,0.18828650707004096,False,False,19.2,9.749937,0.003249562899271647,False,False,No issues detected.
C_00516,9.192,9.521,9.472,9.633,LOT_012,False,0.364,35.2,10.71835,2.6955088815971706,-0.4026512423720516,False,7.799375000000004,12.650374999999997,False,0.17643171636740113,False,False,19.5,9.946197,0.0029527538617451932,False,False,No issues detected.
C_00517,10.38,10.275,10.518,11.046,LOT_012,False,0.319,22.7,10.71835,2.6955088815971706,0.12155404207232946,False,7.799375000000004,12.650374999999997,False,0.1562182821345416,False,False,18.2,10.937363,0.004599740770128036,False,False,No issues detected.
C_00518,9.839,9.385,9.459,9.938,LOT_012,False,0.362,34.5,10.71835,2.6955088815971706,-0.28950006632425473,False,7.799375000000004,12.650374999999997,False,0.18348724736573208,False,False,18.2,9.994645,0.004233646657731799,False,False,No issues detected.
C_00519,9.51,10.035,10.797,10.883,LOT_012,False,0.43,66.8,10.71835,2.6955088815971706,0.0610830856926874,False,7.799375000000004,12.650374999999997,False,0.15697504403803136,False,False,17.7,10.40897,0.0025970130496554894,False,False,No issues detected.
C_00520,9.645,9.688,9.724,9.498,LOT_012,False,0.328,24.6,10.71835,2.6955088815971706,-0.45273454980304334,False,7.799375000000004,12.650374999999997,False,0.17320001081761238,False,False,20.1,9.974597,0.0019902567863464313,False,False,No issues detected.
C_00521,8.123,8.381,8.618,8.808,LOT_013,False,0.362,34.5,9.416,2.689542283048864,-0.22606077020316337,False,7.221124999999997,10.216125000000002,False,0.26826411235952075,False,False,13.5,8.704125,0.0022439264191521525,False,False,No issues detected.
C_00522,8.357,8.584,8.665,8.32,LOT_013,False,0.32,22.9,9.416,2.689542283048864,-0.40750428312938625,False,7.221124999999997,10.216125000000002,False,0.2642045598768187,False,False,15.2,8.796436,0.0014752521514892604,False,False,No issues detected.
C_00523,9.439,9.104,9.303,9.394,LOT_013,False,0.353,31.6,9.416,2.689542283048864,-0.008179830500772442,False,7.221124999999997,10.216125000000002,False,0.15420997756417232,False,False,17.4,9.537661,0.003011531935797803,False,False,No issues detected.
C_00524,8.172,8.33,8.336,8.887,LOT_013,False,0.435,70.2,9.416,2.689542283048864,-0.19668774249584423,False,7.221124999999997,10.216125000000002,False,0.2686171597710621,False,False,13.2,8.692195,0.002515242629581027,False,False,No issues detected.
C_00525,8.604,8.459,8.321,8.798,LOT_013,False,0.284,16.1,9.416,2.689542283048864,-0.2297788749762416,False,7.221124999999997,10.216125000000002,False,0.251649476082488,False,False,14.3,8.805202,0.0024041772948371065,False,False,No issues detected.
C_00526,9.269,9.392,9.23,9.374,LOT_013,False,0.34,27.7,9.416,2.689542283048864,-0.015616040046928965,False,7.221124999999997,10.216125000000002,False,0.15996313783347693,False,False,17.1,9.615378,0.0015512387487623463,False,False,No issues detected.
C_00527,8.695,9.018,9.109,9.068,LOT_013,False,0.345,29.1,9.416,2.689542283048864,-0.12939004610312657,False,7.221124999999997,10.216125000000002,False,0.23706137076947265,False,False,14.2,9.055631,0.0002613241937425354,False,False,No issues detected.
C_00528,8.749,8.18,8.479,8.814,LOT_013,False,0.415,57.8,9.416,2.689542283048864,-0.22382990733931626,False,7.221124999999997,10.216125000000002,False,0.2279313311205759,False,False,15.5,8.738407,0.0038778273264567075,False,False,No issues detected.
C_00529,9.608,12.126,15.238,18.116,LOT_013,True,0.677,745.9,9.416,2.689542283048864,3.234751152578157,True,7.221124999999997,10.216125000000002,True,-0.07329318966949705,True,True,55.6,18.447027,0.0438960222668118,True,True,"[Module A] Flagged because 168h leakage is 3.2 standard deviations from its lot's mean (18.12uA vs lot mean 9.42uA); and 168h leakage (18.12uA) falls outside the lot's normal IQR range [7.22, 10.22]uA; and the combination of readings across all four checkpoints is unusual relative to its lot (multivariate outlier). [Module B] The strongest driver was delta_24h (2.518), which pushed the predicted 168h value up by 6.84uA relative to baseline."
C_00530,8.695,8.91,8.922,8.852,LOT_013,False,0.358,33.2,9.416,2.689542283048864,-0.20970110920161847,False,7.221124999999997,10.216125000000002,False,0.254839421496116,False,False,14.0,9.051865,0.0009851710001627595,False,False,No issues detected.
C_00531,8.062,8.206,8.155,8.584,LOT_013,False,0.359,33.4,9.416,2.689542283048864,-0.3093463171201183,False,7.221124999999997,10.216125000000002,False,0.2658563593389216,False,False,14.3,8.604255,0.0027656577958001063,False,False,No issues detected.
C_00532,8.058,8.456,8.153,8.721,LOT_013,False,0.369,37.0,9.416,2.689542283048864,-0.2584082817289448,False,7.221124999999997,10.216125000000002,False,0.25677377685730335,False,False,14.3,8.6874485,0.0016072812610202398,False,False,No issues detected.
C_00533,8.143,8.469,8.355,8.486,LOT_013,False,0.362,34.3,9.416,2.689542283048864,-0.34578374389628563,False,7.221124999999997,10.216125000000002,False,0.28273536933504234,False,False,13.7,8.690699,0.0015395737753974108,False,False,No issues detected.
C_00534,8.361,8.536,8.976,9.357,LOT_013,False,0.396,48.2,9.416,2.689542283048864,-0.021936818161162604,False,7.221124999999997,10.216125000000002,False,0.22358051493970837,False,False,14.0,8.796436,0.001808585484822594,False,False,No issues detected.
C_00535,8.149,8.171,8.713,8.174,LOT_013,False,0.381,41.3,9.416,2.689542283048864,-0.4617886128163303,False,7.221124999999997,10.216125000000002,False,0.23965676316928636,False,False,16.9,8.618549,0.003107981575859922,False,False,No issues detected.
C_00536,8.056,8.138,8.328,8.488,LOT_013,False,0.334,26.1,9.416,2.689542283048864,-0.3450401229416704,False,7.221124999999997,10.216125000000002,False,0.26990603921194717,False,False,14.4,8.490307,0.0024465753767225484,False,False,No issues detected.
C_00537,7.624,7.735,7.696,7.686,LOT_013,False,0.315,21.8,9.416,2.689542283048864,-0.6432321257425532,False,7.221124999999997,10.216125000000002,False,0.10609288046288701,False,False,25.1,8.010908,0.0019160286585489887,False,False,No issues detected.
C_00538,8.191,8.286,8.482,8.549,LOT_013,False,0.332,25.7,9.416,2.689542283048864,-0.32235968382589253,False,7.221124999999997,10.216125000000002,False,0.2849960171451454,False,False,13.4,8.600879,0.002186657746632897,False,False,No issues detected.
C_00539,9.523,9.587,9.745,9.894,LOT_013,False,0.363,34.9,9.416,2.689542283048864,0.17772540815314464,False,7.221124999999997,10.216125000000002,False,0.0407524001438867,False,False,24.4,9.743511,0.001086883332994251,False,False,No issues detected.
C_00540,8.221,11.996,15.462,18.505,LOT_013,True,0.721,1156.3,9.416,2.689542283048864,3.379385428250904,True,7.221124999999997,10.216125000000002,True,-0.03643493157035538,True,True,55.0,18.770502,0.04704515340593126,True,True,"[Module A] Flagged because 168h leakage is 3.4 standard deviations from its lot's mean (18.50uA vs lot mean 9.42uA); and 168h leakage (18.50uA) falls outside the lot's normal IQR range [7.22, 10.22]uA; and the combination of readings across all four checkpoints is unusual relative to its lot (multivariate outlier). [Module B] The strongest driver was delta_24h (3.775), which pushed the predicted 168h value up by 8.32uA relative to baseline."
C_00541,8.642,8.601,8.691,8.347,LOT_013,False,0.313,21.3,9.416,2.689542283048864,-0.397465400242075,False,7.221124999999997,10.216125000000002,False,0.2421931619462273,False,False,16.2,8.840169,0.0016608955065409282,False,False,No issues detected.
C_00542,7.895,7.813,8.156,8.19,LOT_013,False,0.411,55.7,9.416,2.689542283048864,-0.455839645179405,False,7.221124999999997,10.216125000000002,False,0.2267153126502654,False,False,17.5,8.281874,0.0032560673819647915,False,False,No issues detected.
C_00543,8.267,8.239,8.278,8.466,LOT_013,False,0.268,13.8,9.416,2.689542283048864,-0.35321995344244284,False,7.221124999999997,10.216125000000002,False,0.28378785497413034,False,False,13.8,8.618549,0.00263575935363769,False,False,No issues detected.
C_00544,7.24,7.194,7.496,7.356,LOT_013,False,0.366,35.9,9.416,2.689542283048864,-0.7659295832541385,False,7.221124999999997,10.216125000000002,False,-0.005557145474166414,True,True,31.7,7.645401,0.003134729173448351,False,True,[Module A] Flagged because the combination of readings across all four checkpoints is unusual relative to its lot (multivariate outlier).
C_00545,7.956,11.727,15.925,19.087,LOT_013,True,0.73,1251.4,9.416,2.689542283048864,3.595779126044064,True,7.221124999999997,10.216125000000002,True,-0.07368313779802071,True,True,58.6,19.010696,0.05058122507731119,True,True,"[Module A] Flagged because 168h leakage is 3.6 standard deviations from its lot's mean (19.09uA vs lot mean 9.42uA); and 168h leakage (19.09uA) falls outside the lot's normal IQR range [7.22, 10.22]uA; and the combination of readings across all four checkpoints is unusual relative to its lot (multivariate outlier). [Module B] The strongest driver was delta_24h (3.771), which pushed the predicted 168h value up by 8.51uA relative to baseline."
C_00546,8.178,8.111,8.163,8.336,LOT_013,False,0.263,13.0,9.416,2.689542283048864,-0.4015553154924609,False,7.221124999999997,10.216125000000002,False,0.2656036524524794,False,False,15.1,8.414503,0.00210766039954291,False,False,No issues detected.
C_00547,8.251,7.803,7.983,8.256,LOT_013,False,0.305,19.6,9.416,2.689542283048864,-0.4313001536770877,False,7.221124999999997,10.216125000000002,False,0.2072512434572864,False,False,18.2,8.2368965,0.0030131702423095708,False,False,No issues detected.
C_00548,7.812,7.798,8.235,8.22,LOT_013,False,0.428,65.5,9.416,2.689542283048864,-0.44468533086016954,False,7.221124999999997,10.216125000000002,False,0.21294458668362204,False,False,18.1,8.197024,0.0027710023985968693,False,False,No issues detected.
C_00549,8.746,8.983,8.63,8.699,LOT_013,False,0.285,16.2,9.416,2.689542283048864,-0.2665881122297173,False,7.221124999999997,10.216125000000002,False,0.23214383090700236,False,False,15.6,9.078039,0.0006599942313300201,False,False,No issues detected.
C_00550,8.36,8.408,8.735,8.749,LOT_013,False,0.353,31.4,9.416,2.689542283048864,-0.2479975883643253,False,7.221124999999997,10.216125000000002,False,0.28410624015639635,False,False,12.9,8.752655,0.0023934377034505244,False,False,No issues detected.
C_00551,9.089,9.322,9.385,9.168,LOT_013,False,0.347,29.6,9.416,2.689542283048864,-0.09220899837234328,False,7.221124999999997,10.216125000000002,False,0.1630260220548514,False,False,17.6,9.5822,0.0018069447941250329,False,False,No issues detected.
C_00552,8.311,8.306,8.805,8.756,LOT_013,False,0.38,41.0,9.416,2.689542283048864,-0.2453949150231706,False,7.221124999999997,10.216125000000002,False,0.274182174898022,False,False,13.3,8.739369,0.0030095096694098635,False,False,No issues detected.
C_00553,8.833,9.117,9.26,9.717,LOT_013,False,0.396,48.1,9.416,2.689542283048864,0.11191495366965813,False,7.221124999999997,10.216125000000002,False,0.1617184446907472,False,False,17.8,9.394661,0.0019282010396321552,False,False,No issues detected.
C_00554,7.697,7.525,7.96,8.007,LOT_013,False,0.342,28.4,9.416,2.689542283048864,-0.5238809625267385,False,7.221124999999997,10.216125000000002,False,0.14086787792779032,False,False,22.3,7.893858,0.0025615135828653945,False,False,No issues detected.
C_00555,8.587,8.75,9.093,8.733,LOT_013,False,0.333,26.0,9.416,2.689542283048864,-0.25394655600125066,False,7.221124999999997,10.216125000000002,False,0.2458875119809973,False,False,14.8,8.90874,0.001102361414167616,False,False,No issues detected.
C_00556,7.959,7.974,8.295,8.149,LOT_013,False,0.354,31.9,9.416,2.689542283048864,-0.4710838747490263,False,7.221124999999997,10.216125000000002,False,0.23438718056057034,False,False,17.2,8.307802,0.002318070835537379,False,False,No issues detected.
C_00557,8.38,8.737,8.287,8.389,LOT_013,False,0.296,18.1,9.416,2.689542283048864,-0.38184936019514604,False,7.221124999999997,10.216125000000002,False,0.23943036992463762,False,False,16.2,8.837073,0.0006949536535474982,False,False,No issues detected.
C_00558,8.698,8.517,8.934,8.96,LOT_013,False,0.365,35.5,9.416,2.689542283048864,-0.1695455776523722,False,7.221124999999997,10.216125000000002,False,0.25502013335138474,False,False,13.7,8.812368,0.002051169395446781,False,False,No issues detected.
C_00559,8.297,8.363,9.096,9.172,LOT_013,False,0.447,79.1,9.416,2.689542283048864,-0.09072175646311145,False,7.221124999999997,10.216125000000002,False,0.227761122642273,False,False,14.4,8.74224,0.002633610778384742,False,False,No issues detected.
C_00560,8.796,8.84,8.952,9.008,LOT_013,False,0.36,33.9,9.416,2.689542283048864,-0.1516986747415968,False,7.221124999999997,10.216125000000002,False,0.24479877233422187,False,False,14.0,9.128714,0.0020049556096394866,False,False,No issues detected.
C_00561,10.199,10.32,11.164,10.947,LOT_014,False,0.418,59.4,12.458875,4.919726608974453,-0.3073087429781309,False,9.206500000000002,13.128499999999999,False,0.23318462628901648,False,False,15.9,10.8120365,0.003416920238071016,False,False,No issues detected.
C_00562,9.81,9.631,10.344,10.377,LOT_014,False,0.363,34.7,12.458875,4.919726608974453,-0.42316883954532986,False,9.206500000000002,13.128499999999999,False,0.19866936286922965,False,False,18.6,10.149856,0.003603163984086777,False,False,No issues detected.
C_00563,11.045,11.643,11.58,11.283,LOT_014,False,0.298,18.4,12.458875,4.919726608974453,-0.23901226500167652,False,9.206500000000002,13.128499999999999,False,0.22455491924383864,False,False,15.8,11.43052,-0.0014755551550123475,False,False,No issues detected.
C_00564,11.177,10.857,11.229,11.56,LOT_014,False,0.34,27.6,12.458875,4.919726608974453,-0.18270832333656367,False,9.206500000000002,13.128499999999999,False,0.24493720295241622,False,False,14.3,11.472614,0.004275099224514436,False,False,No issues detected.
C_00565,10.196,10.596,10.679,10.857,LOT_014,False,0.338,27.3,12.458875,4.919726608974453,-0.3256024424361097,False,9.206500000000002,13.128499999999999,False,0.24097780491730014,False,False,15.7,10.945457,0.0024267879062228725,False,False,No issues detected.
C_00566,9.63,10.169,10.257,10.279,LOT_014,False,0.341,27.9,12.458875,4.919726608974453,-0.4430886456217959,False,9.206500000000002,13.128499999999999,False,0.1860706852325797,False,False,19.4,10.474296,0.0021201084454854297,False,False,No issues detected.
C_00567,9.396,9.755,9.682,10.174,LOT_014,False,0.35,30.5,12.458875,4.919726608974453,-0.4644312949894379,False,9.206500000000002,13.128499999999999,False,0.10776824779039529,False,False,23.5,10.18499,0.0029860411749945692,False,False,No issues detected.
C_00568,10.81,10.767,10.301,11.229,LOT_014,False,0.276,14.8,12.458875,4.919726608974453,-0.24998848467646387,False,9.206500000000002,13.128499999999999,False,0.22323928518857944,False,False,15.9,11.295433,0.003669673919677738,False,False,No issues detected.
C_00569,9.863,10.254,10.823,11.007,LOT_014,False,0.39,45.2,12.458875,4.919726608974453,-0.29511294333947824,False,9.206500000000002,13.128499999999999,False,0.22537871362140993,False,False,16.2,10.606925,0.0024508681297302276,False,False,No issues detected.
C_00570,10.948,10.839,11.362,11.467,LOT_014,False,0.382,41.7,12.458875,4.919726608974453,-0.20161181277647514,False,9.206500000000002,13.128499999999999,False,0.2726562890498967,False,False,13.0,11.302846,0.003221152464548744,False,False,No issues detected.
C_00571,10.728,10.725,10.67,11.086,LOT_014,False,0.227,9.2,12.458875,4.919726608974453,-0.27905514048191893,False,9.206500000000002,13.128499999999999,False,0.2598529487154044,False,False,14.3,11.225212,0.003473695119222008,False,False,No issues detected.
C_00572,9.871,9.882,9.862,9.734,LOT_014,False,0.362,34.6,12.458875,4.919726608974453,-0.5538671590062233,False,9.206500000000002,13.128499999999999,False,0.14396537637407136,False,False,22.4,10.346619,0.003226518419053822,False,False,No issues detected.
C_00573,11.03,11.412,11.268,11.591,LOT_014,False,0.336,26.7,12.458875,4.919726608974453,-0.17640716018992678,False,9.206500000000002,13.128499999999999,False,0.2521081881809677,False,False,13.9,11.708334,0.002057874785529237,False,False,No issues detected.
C_00574,11.424,11.735,12.014,11.804,LOT_014,False,0.282,15.7,12.458875,4.919726608974453,-0.13311207147270998,False,9.206500000000002,13.128499999999999,False,0.16642636569259267,False,False,17.8,12.130063,0.0027434934510125095,False,False,No issues detected.
C_00575,11.068,11.475,11.977,11.986,LOT_014,False,0.385,43.0,12.458875,4.919726608974453,-0.0961181459021305,False,9.206500000000002,13.128499999999999,False,0.21737989645251815,False,False,14.9,11.86822,0.00273069673114353,False,False,No issues detected.
C_00576,10.523,10.435,11.201,10.896,LOT_014,False,0.372,38.1,12.458875,4.919726608974453,-0.3176751726709852,False,9.206500000000002,13.128499999999999,False,0.24693335974391944,False,False,15.3,10.911518,0.003309153450859914,False,False,No issues detected.
C_00577,10.438,10.762,11.697,11.106,LOT_014,False,0.43,66.7,12.458875,4.919726608974453,-0.27498987393570146,False,9.206500000000002,13.128499999999999,False,0.22920897629827747,False,False,15.8,11.221229,0.003189087496863468,False,False,No issues detected.
C_00578,12.231,12.443,12.924,13.387,LOT_014,False,0.374,38.6,12.458875,4.919726608974453,0.18865377566040667,False,9.206500000000002,13.128499999999999,True,-0.013689304868690022,True,True,27.3,13.099811,0.004561184724171959,False,True,"[Module A] Flagged because 168h leakage (13.39uA) falls outside the lot's normal IQR range [9.21, 13.13]uA; and the combination of readings across all four checkpoints is unusual relative to its lot (multivariate outlier)."
C_00579,9.966,9.985,10.284,10.617,LOT_014,False,0.381,41.7,12.458875,4.919726608974453,-0.37438564099071964,False,9.206500000000002,13.128499999999999,False,0.23557293871351037,False,False,16.3,10.548338,0.003912069002787276,False,False,No issues detected.
C_00580,10.491,10.702,10.812,11.372,LOT_014,False,0.302,19.2,12.458875,4.919726608974453,-0.22092182887100847,False,9.206500000000002,13.128499999999999,False,0.2447145441373067,False,False,14.6,11.227887,0.0036519941223992244,False,False,No issues detected.
C_00581,10.888,11.206,11.277,11.656,LOT_014,False,0.349,30.4,12.458875,4.919726608974453,-0.16319504391471956,False,9.206500000000002,13.128499999999999,False,0.26779701864908606,False,False,13.0,11.652742,0.003102377679612905,False,False,No issues detected.
C_00582,9.832,10.152,10.421,10.504,LOT_014,False,0.39,45.1,12.458875,4.919726608974453,-0.3973543969768489,False,9.206500000000002,13.128499999999999,False,0.23040517783972664,False,False,16.8,10.577545,0.002955174763997401,False,False,No issues detected.
C_00583,10.053,12.962,16.959,20.832,LOT_014,True,0.667,678.5,12.458875,4.919726608974453,1.701949247489878,False,9.206500000000002,13.128499999999999,True,-0.05436142747022199,True,True,41.9,20.868595,0.05490691057840983,True,True,"[Module A] Flagged because 168h leakage (20.83uA) falls outside the lot's normal IQR range [9.21, 13.13]uA; and the combination of readings across all four checkpoints is unusual relative to its lot (multivariate outlier). [Module B] The strongest driver was delta_24h (2.909), which pushed the predicted 168h value up by 8.41uA relative to baseline."
C_00584,11.162,10.979,11.803,12.291,LOT_014,False,0.382,41.8,12.458875,4.919726608974453,-0.03412283107231339,False,9.206500000000002,13.128499999999999,False,0.1904031553452215,False,False,15.8,11.695098,0.004972902244991732,False,False,No issues detected.
C_00585,10.862,17.048,27.261,35.605,LOT_014,True,0.746,1473.2,12.458875,4.919726608974453,4.704758381853448,True,9.206500000000002,13.128499999999999,True,-0.1490590894180669,True,True,71.7,36.012196,0.13169580268859865,True,True,"[Module A] Flagged because 168h leakage is 4.7 standard deviations from its lot's mean (35.60uA vs lot mean 12.46uA); and 168h leakage (35.60uA) falls outside the lot's normal IQR range [9.21, 13.13]uA; and the combination of readings across all four checkpoints is unusual relative to its lot (multivariate outlier). [Module B] The strongest driver was delta_24h (6.186), which pushed the predicted 168h value up by 18.18uA relative to baseline."
C_00586,9.98,9.96,10.065,10.442,LOT_014,False,0.325,24.0,12.458875,4.919726608974453,-0.40995672327012306,False,9.206500000000002,13.128499999999999,False,0.22168150851766372,False,False,17.3,10.526349,0.003932979636722135,False,False,No issues detected.
C_00587,11.049,11.356,11.725,12.002,LOT_014,False,0.362,34.3,12.458875,4.919726608974453,-0.09286593266515647,False,9.206500000000002,13.128499999999999,False,0.2371973416375242,False,False,13.9,11.70644,0.002433610916137696,False,False,No issues detected.
C_00588,11.089,15.38,23.014,28.549,LOT_014,True,0.7,940.1,12.458875,4.919726608974453,3.2705323443479077,True,9.206500000000002,13.128499999999999,True,-0.09460294438776806,True,True,57.0,28.631231,0.0920224396387736,True,True,"[Module A] Flagged because 168h leakage is 3.3 standard deviations from its lot's mean (28.55uA vs lot mean 12.46uA); and 168h leakage (28.55uA) falls outside the lot's normal IQR range [9.21, 13.13]uA; and the combination of readings across all four checkpoints is unusual relative to its lot (multivariate outlier). [Module B] The strongest driver was delta_24h (4.291), which pushed the predicted 168h value up by 12.66uA relative to baseline."
C_00589,10.903,10.992,10.961,11.46,LOT_014,False,0.336,26.7,12.458875,4.919726608974453,-0.2030346560676512,False,9.206500000000002,13.128499999999999,False,0.2679867921685882,False,False,13.3,11.546718,0.0038522058592902228,False,False,No issues detected.
C_00590,10.076,10.454,10.811,10.514,LOT_014,False,0.415,58.1,12.458875,4.919726608974453,-0.39532176370374017,False,9.206500000000002,13.128499999999999,False,0.23975907759177273,False,False,16.3,10.901708,0.003109080897437197,False,False,No issues detected.
C_00591,10.722,10.533,10.559,10.985,LOT_014,False,0.336,26.6,12.458875,4.919726608974453,-0.2995847365403176,False,9.206500000000002,13.128499999999999,False,0.25354263116799697,False,False,14.8,11.018804,0.003373636086781823,False,False,No issues detected.
C_00592,9.952,10.454,10.714,10.689,LOT_014,False,0.338,27.3,12.458875,4.919726608974453,-0.3597506814243367,False,9.206500000000002,13.128499999999999,False,0.2415206260743597,False,False,15.9,10.670355,0.0015024641884697765,False,False,No issues detected.
C_00593,11.006,11.137,11.345,11.475,LOT_014,False,0.348,30.1,12.458875,4.919726608974453,-0.1999857061579883,False,9.206500000000002,13.128499999999999,False,0.26950292825536015,False,False,13.2,11.550094,0.002868705908457435,False,False,No issues detected.
C_00594,10.608,11.269,11.269,11.427,LOT_014,False,0.301,18.9,12.458875,4.919726608974453,-0.20974234586891036,False,9.206500000000002,13.128499999999999,False,0.2497920996095746,False,False,14.3,11.4790745,0.0014588505427042635,False,False,No issues detected.
C_00595,11.843,11.536,11.829,12.142,LOT_014,False,0.326,24.1,12.458875,4.919726608974453,-0.06440906684163408,False,9.206500000000002,13.128499999999999,False,0.13763514298995422,False,False,18.7,11.910491,0.0026006318728129096,False,False,No issues detected.
C_00596,10.786,10.767,11.629,11.402,LOT_014,False,0.414,57.4,12.458875,4.919726608974453,-0.21482392905168232,False,9.206500000000002,13.128499999999999,False,0.2620801464528718,False,False,13.7,11.267059,0.0034726342095269137,False,False,No issues detected.
C_00597,10.783,10.641,10.918,10.642,LOT_014,False,0.244,10.9,12.458875,4.919726608974453,-0.369304057807948,False,9.206500000000002,13.128499999999999,False,0.23744252108269343,False,False,16.2,11.067451,0.002961461967892117,False,False,No issues detected.
C_00598,10.729,10.443,10.918,11.043,LOT_014,False,0.351,31.0,12.458875,4.919726608974453,-0.28779546355628677,False,9.206500000000002,13.128499999999999,False,0.2621970342284868,False,False,14.3,10.93668,0.0034283322228325763,False,False,No issues detected.
C_00599,9.797,9.47,9.387,10.273,LOT_014,False,0.35,30.8,12.458875,4.919726608974453,-0.4443082255856612,False,9.206500000000002,13.128499999999999,False,0.10038823570372646,False,False,23.7,10.076568,0.004212275346120194,False,False,No issues detected.
C_00600,11.428,11.249,11.429,11.663,LOT_014,False,0.315,21.7,12.458875,4.919726608974453,-0.1617722006235435,False,9.206500000000002,13.128499999999999,False,0.21898619035748107,False,False,15.4,11.871067,0.004319910049438473,False,False,No issues detected.
C_00601,10.231,10.333,10.601,10.758,LOT_015,False,0.297,18.2,12.990825000000001,6.369251004098136,-0.35056319786476403,False,9.460250000000002,13.172249999999998,False,0.19624086346369918,False,False,18.1,10.801165,0.003251143243577744,False,False,No issues detected.
C_00602,10.138,11.19,11.019,11.379,LOT_015,False,0.348,30.1,12.990825000000001,6.369251004098136,-0.253063507618543,False,9.460250000000002,13.172249999999998,False,0.16140701843099592,False,False,19.0,11.688423,0.0034612719217936233,False,False,No issues detected.
C_00603,10.229,10.641,10.583,10.808,LOT_015,False,0.323,23.5,12.990825000000001,6.369251004098136,-0.34271298125878796,False,9.460250000000002,13.172249999999998,False,0.19071317553699785,False,False,18.3,10.925279,0.0019741573863559297,False,False,No issues detected.
C_00604,11.025,11.311,11.527,11.464,LOT_015,False,0.274,14.6,12.990825000000001,6.369251004098136,-0.2397181393883838,False,9.460250000000002,13.172249999999998,False,0.19281596304259574,False,False,17.4,11.652489,0.002371449364556207,False,False,No issues detected.
C_00605,9.439,9.5,9.452,9.49,LOT_015,False,0.309,20.6,12.990825000000001,6.369251004098136,-0.5496446909923132,False,9.460250000000002,13.172249999999998,False,-0.0031583578330129924,True,True,29.7,10.013283,0.0035644637213812936,False,True,[Module A] Flagged because the combination of readings across all four checkpoints is unusual relative to its lot (multivariate outlier).
C_00606,10.758,10.688,11.234,11.463,LOT_015,False,0.385,43.0,12.990825000000001,6.369251004098136,-0.2398751437205035,False,9.460250000000002,13.172249999999998,False,0.19647079285236924,False,False,17.2,11.25637,0.003947011046939421,False,False,No issues detected.
C_00607,12.243,11.693,12.047,12.199,LOT_015,False,0.28,15.4,12.990825000000001,6.369251004098136,-0.12431995528053785,False,9.460250000000002,13.172249999999998,False,0.039201768871671816,False,False,24.1,12.183191,0.0034041062461005345,False,False,No issues detected.
C_00608,9.729,9.638,10.125,10.174,LOT_015,False,0.374,38.6,12.990825000000001,6.369251004098136,-0.4422537278225627,False,9.460250000000002,13.172249999999998,False,0.14403859367222344,False,False,21.5,10.160039,0.0036252704726325146,False,False,No issues detected.
C_00609,12.071,11.908,12.302,12.622,LOT_015,False,0.354,31.8,12.990825000000001,6.369251004098136,-0.05790712279398155,False,9.460250000000002,13.172249999999998,False,0.02316129077542861,False,False,24.3,12.438062,0.003680984126196971,False,False,No issues detected.
C_00610,11.003,11.35,11.918,12.02,LOT_015,False,0.373,38.4,12.990825000000001,6.369251004098136,-0.1524237307299317,False,9.460250000000002,13.172249999999998,False,0.1708728023150775,False,False,17.7,11.729462,0.002635150485568579,False,False,No issues detected.
C_00611,11.282,15.603,24.068,30.386,LOT_015,True,0.688,832.0,12.990825000000001,6.369251004098136,2.7311178329771435,False,9.460250000000002,13.172249999999998,True,-0.12414768545413501,True,True,54.0,29.762356,0.09832885975307888,True,True,"[Module A] Flagged because 168h leakage (30.39uA) falls outside the lot's normal IQR range [9.46, 13.17]uA; and the combination of readings across all four checkpoints is unusual relative to its lot (multivariate outlier). [Module B] The strongest driver was delta_24h (4.321), which pushed the predicted 168h value up by 12.73uA relative to baseline."
C_00612,9.929,10.175,10.486,10.443,LOT_015,False,0.317,22.1,12.990825000000001,6.369251004098136,-0.4000195624824122,False,9.460250000000002,13.172249999999998,False,0.16581994701744013,False,False,20.0,10.599434,0.0029474576314290316,False,False,No issues detected.
C_00613,9.355,9.864,9.965,10.088,LOT_015,False,0.353,31.5,12.990825000000001,6.369251004098136,-0.4557561003848414,False,9.460250000000002,13.172249999999998,False,0.0767726057248167,False,False,25.0,10.15603,0.0020279840363396483,False,False,No issues detected.
C_00614,10.427,10.561,10.547,11.243,LOT_015,False,0.346,29.5,12.990825000000001,6.369251004098136,-0.2744160967867974,False,9.460250000000002,13.172249999999998,False,0.20466259076465515,False,False,17.1,11.048227,0.003383522987365723,False,False,No issues detected.
C_00615,9.732,9.633,10.119,10.204,LOT_015,False,0.348,30.0,12.990825000000001,6.369251004098136,-0.437543597858977,False,9.460250000000002,13.172249999999998,False,0.1449251286343981,False,False,21.4,10.160039,0.0036599926948547423,False,False,No issues detected.
C_00616,9.81,10.286,10.631,10.898,LOT_015,False,0.395,47.5,12.990825000000001,6.369251004098136,-0.32858259136803136,False,9.460250000000002,13.172249999999998,False,0.17261746558687813,False,False,19.1,10.627396,0.002370802985297312,False,False,No issues detected.
C_00617,11.601,12.031,11.947,12.797,LOT_015,False,0.371,37.8,12.990825000000001,6.369251004098136,-0.030431364673065717,False,9.460250000000002,13.172249999999998,False,0.05276165573679914,False,False,22.6,12.669472,0.0044338315327962195,False,False,No issues detected.
C_00618,10.723,10.98,11.647,11.711,LOT_015,False,0.329,25.0,12.990825000000001,6.369251004098136,-0.20093806935486277,False,9.460250000000002,13.172249999999998,False,0.18560320839715228,False,False,17.4,11.475986,0.0034443439377678737,False,False,No issues detected.
C_00619,10.459,10.839,10.85,11.779,LOT_015,False,0.384,42.6,12.990825000000001,6.369251004098136,-0.19026177477073558,False,9.460250000000002,13.172249999999998,False,0.18377718513904162,False,False,17.4,11.295725,0.003171700477600095,False,False,No issues detected.
C_00620,10.509,10.635,11.041,11.064,LOT_015,False,0.265,13.3,12.990825000000001,6.369251004098136,-0.30251987223619126,False,9.460250000000002,13.172249999999998,False,0.20582229923504464,False,False,17.2,11.048227,0.0028696340984768354,False,False,No issues detected.
C_00621,10.009,10.331,10.75,10.867,LOT_015,False,0.355,32.2,12.990825000000001,6.369251004098136,-0.3334497256637362,False,9.460250000000002,13.172249999999998,False,0.18589275485088597,False,False,18.5,10.800669,0.0032615883085462816,False,False,No issues detected.
C_00622,11.143,11.377,11.575,11.784,LOT_015,False,0.24,10.5,12.990825000000001,6.369251004098136,-0.18947675311013787,False,9.460250000000002,13.172249999999998,False,0.19981059350174135,False,False,16.6,11.907407,0.0036833806037902786,False,False,No issues detected.
C_00623,11.445,10.896,11.631,11.881,LOT_015,False,0.358,33.1,12.990825000000001,6.369251004098136,-0.17424733289454464,False,9.460250000000002,13.172249999999998,False,0.15523973891763948,False,False,18.7,11.6708,0.005380557007259788,False,False,No issues detected.
C_00624,10.322,10.443,10.81,11.346,LOT_015,False,0.383,42.3,12.990825000000001,6.369251004098136,-0.25824465057848706,False,9.460250000000002,13.172249999999998,False,0.2046702803284075,False,False,16.9,10.939704,0.003449332926008439,False,False,No issues detected.
C_00625,10.246,10.596,10.966,11.182,LOT_015,False,0.381,41.5,12.990825000000001,6.369251004098136,-0.283993361046088,False,9.460250000000002,13.172249999999998,False,0.21080670679523772,False,False,16.8,11.067631,0.0032752136654323996,False,False,No issues detected.
C_00626,10.893,10.709,11.096,11.315,LOT_015,False,0.286,16.4,12.990825000000001,6.369251004098136,-0.2631117848741922,False,9.460250000000002,13.172249999999998,False,0.20404073886694096,False,False,17.0,11.286554,0.004010794003804528,False,False,No issues detected.
C_00627,9.667,9.83,10.369,10.597,LOT_015,False,0.417,58.9,12.990825000000001,6.369251004098136,-0.3758408953360064,False,9.460250000000002,13.172249999999998,False,0.1451888292788076,False,False,20.9,10.297934,0.0032495387395222977,False,False,No issues detected.
C_00628,9.943,10.3,10.255,11.081,LOT_015,False,0.394,47.0,12.990825000000001,6.369251004098136,-0.2998507985901595,False,9.460250000000002,13.172249999999998,False,0.16321513902098206,False,False,19.3,10.762699,0.0032131883833143395,False,False,No issues detected.
C_00629,11.362,11.54,11.39,11.741,LOT_015,False,0.275,14.6,12.990825000000001,6.369251004098136,-0.1962279393912773,False,9.460250000000002,13.172249999999998,False,0.15233377623138117,False,False,19.0,11.962921,0.0029369523790147628,False,False,No issues detected.
C_00630,10.857,11.247,11.303,11.76,LOT_015,False,0.319,22.6,12.990825000000001,6.369251004098136,-0.19324485708100644,False,9.460250000000002,13.172249999999998,False,0.19976947322656396,False,False,16.6,11.701177,0.0031540044678582094,False,False,No issues detected.
C_00631,9.104,9.323,9.91,10.41,LOT_015,False,0.405,52.4,12.990825000000001,6.369251004098136,-0.40520070544235626,False,9.460250000000002,13.172249999999998,False,0.03056093008427696,False,False,26.8,9.958514,0.00441329314973619,False,False,No issues detected.
C_00632,10.753,17.649,29.583,39.028,LOT_015,True,0.738,1363.7,12.990825000000001,6.369251004098136,4.087949271154022,True,9.460250000000002,13.172249999999998,True,-0.17285886329189526,True,True,67.7,38.975574,0.1481012117597792,True,True,"[Module A] Flagged because 168h leakage is 4.1 standard deviations from its lot's mean (39.03uA vs lot mean 12.99uA); and 168h leakage (39.03uA) falls outside the lot's normal IQR range [9.46, 13.17]uA; and the combination of readings across all four checkpoints is unusual relative to its lot (multivariate outlier). [Module B] The strongest driver was delta_24h (6.896), which pushed the predicted 168h value up by 18.71uA relative to baseline."
C_00633,10.465,10.726,10.882,11.157,LOT_015,False,0.308,20.3,12.990825000000001,6.369251004098136,-0.287918469349076,False,9.460250000000002,13.172249999999998,False,0.21793385087784523,False,False,16.5,11.220975,0.003437325848473437,False,False,No issues detected.
C_00634,11.113,11.332,11.985,11.661,LOT_015,False,0.323,23.5,12.990825000000001,6.369251004098136,-0.20878828596083882,False,9.460250000000002,13.172249999999998,False,0.17236360977973586,False,False,18.1,11.811725,0.0033314212693108403,False,False,No issues detected.
C_00635,10.857,10.714,10.969,11.295,LOT_015,False,0.367,36.0,12.990825000000001,6.369251004098136,-0.2662518715165825,False,9.460250000000002,13.172249999999998,False,0.2045533844599473,False,False,17.0,11.290549,0.00400381443235609,False,False,No issues detected.
C_00636,10.305,16.127,25.997,34.64,LOT_015,True,0.725,1195.4,12.990825000000001,6.369251004098136,3.3990142618135755,True,9.460250000000002,13.172249999999998,True,-0.11584953102914741,True,True,59.1,27.649103,0.08001460531022814,True,True,"[Module A] Flagged because 168h leakage is 3.4 standard deviations from its lot's mean (34.64uA vs lot mean 12.99uA); and 168h leakage (34.64uA) falls outside the lot's normal IQR range [9.46, 13.17]uA; and the combination of readings across all four checkpoints is unusual relative to its lot (multivariate outlier). [Module B] The strongest driver was delta_24h (5.822), which pushed the predicted 168h value up by 13.12uA relative to baseline."
C_00637,11.069,11.0,11.46,11.864,LOT_015,False,0.296,18.1,12.990825000000001,6.369251004098136,-0.1769164065405764,False,9.460250000000002,13.172249999999998,False,0.19456664693646114,False,False,16.7,11.613775,0.004262328147888184,False,False,No issues detected.
C_00638,10.206,10.08,10.303,10.281,LOT_015,False,0.315,21.7,12.990825000000001,6.369251004098136,-0.4254542642857741,False,9.460250000000002,13.172249999999998,False,0.15285671219525537,False,False,20.9,10.507475,0.002968575689527723,False,False,No issues detected.
C_00639,10.369,10.501,10.799,11.157,LOT_015,False,0.34,27.7,12.990825000000001,6.369251004098136,-0.287918469349076,False,9.460250000000002,13.172249999999998,False,0.21055108074519668,False,False,16.9,11.048227,0.003800189654032393,False,False,No issues detected.
C_00640,10.869,11.385,11.652,11.596,LOT_015,False,0.382,41.9,12.990825000000001,6.369251004098136,-0.21899356754860744,False,9.460250000000002,13.172249999999998,False,0.1901076200688599,False,False,17.3,11.539365,0.001071977880265979,False,False,No issues detected.
C_00641,10.515,10.63,10.641,11.006,LOT_016,False,0.369,36.9,10.93475,3.0903956824909935,0.023055300136379405,False,8.073875000000003,12.200874999999998,False,0.19188123406426716,False,False,15.6,11.054417,0.0029473378923204154,False,False,No issues detected.
C_00642,8.891,8.985,8.927,9.205,LOT_016,False,0.328,24.8,10.93475,3.0903956824909935,-0.5597179706793226,False,8.073875000000003,12.200874999999998,False,0.18923472770316901,False,False,20.2,9.308736,0.0022481656074523964,False,False,No issues detected.
C_00643,7.685,8.047,8.395,8.106,LOT_016,False,0.331,25.3,10.93475,3.0903956824909935,-0.9153358633092263,False,8.073875000000003,12.200874999999998,False,-0.02106848819389473,True,True,33.7,8.260556,0.0014830293125576402,False,True,[Module A] Flagged because the combination of readings across all four checkpoints is unusual relative to its lot (multivariate outlier).
C_00644,8.863,9.293,9.462,9.406,LOT_016,False,0.415,57.9,10.93475,3.0903956824909935,-0.49467775555774773,False,8.073875000000003,12.200874999999998,False,0.21009039717594952,False,False,18.6,9.657728,0.0025328346888224334,False,False,No issues detected.
C_00645,9.881,9.702,10.466,10.294,LOT_016,False,0.325,24.0,10.93475,3.0903956824909935,-0.20733590964750714,False,8.073875000000003,12.200874999999998,False,0.2667004212952912,False,False,13.4,10.103641,0.0027891705301072867,False,False,No issues detected.
C_00646,9.391,9.666,9.465,9.37,LOT_016,False,0.274,14.6,10.93475,3.0903956824909935,-0.5063267493108661,False,8.073875000000003,12.200874999999998,False,0.24535816485233175,False,False,17.0,10.000748,0.0023246366712782094,False,False,No issues detected.
C_00647,9.438,9.542,9.319,9.768,LOT_016,False,0.432,68.5,10.93475,3.0903956824909935,-0.37754065170695145,False,8.073875000000003,12.200874999999998,False,0.2505300824764282,False,False,15.6,9.984608,0.0030736645592583565,False,False,No issues detected.
C_00648,9.634,9.479,9.912,10.122,LOT_016,False,0.348,29.9,10.93475,3.0903956824909935,-0.262992213134626,False,8.073875000000003,12.200874999999998,False,0.2740167502969611,False,False,13.5,9.989551,0.003545490211910677,False,False,No issues detected.
C_00649,10.062,10.266,10.411,10.594,LOT_016,False,0.354,32.0,10.93475,3.0903956824909935,-0.11026096170485863,False,8.073875000000003,12.200874999999998,False,0.30483287696885075,False,False,10.7,10.744666,0.00332407013575236,False,False,No issues detected.
C_00650,10.025,10.238,10.533,10.533,LOT_016,False,0.353,31.5,10.93475,3.0903956824909935,-0.1299995344531972,False,8.073875000000003,12.200874999999998,False,0.30623968436147037,False,False,10.8,10.702602,0.0032264054616292347,False,False,No issues detected.
C_00651,8.659,8.803,8.999,8.896,LOT_016,False,0.284,16.1,10.93475,3.0903956824909935,-0.6597051670602507,False,8.073875000000003,12.200874999999998,False,0.15789478311900607,False,False,22.6,9.04063,0.0016502106984456323,False,False,No issues detected.
C_00652,10.141,9.995,10.135,10.646,LOT_016,False,0.328,24.7,10.93475,3.0903956824909935,-0.09343463739479904,False,8.073875000000003,12.200874999999998,False,0.274552787650873,False,False,12.1,10.500531,0.0035106333096822156,False,False,No issues detected.
C_00653,10.223,10.213,10.602,10.675,LOT_016,False,0.387,44.0,10.93475,3.0903956824909935,-0.08405072576034302,False,8.073875000000003,12.200874999999998,False,0.28063874282727336,False,False,11.7,10.729483,0.003586685074700255,False,False,No issues detected.
C_00654,9.612,9.291,9.699,10.343,LOT_016,False,0.365,35.3,10.93475,3.0903956824909935,-0.19148033481687468,False,8.073875000000003,12.200874999999998,False,0.251438917202804,False,False,14.0,9.958022,0.00463209803899129,False,False,No issues detected.
C_00655,9.329,9.509,9.816,9.605,LOT_016,False,0.315,21.7,10.93475,3.0903956824909935,-0.4302847067557907,False,8.073875000000003,12.200874999999998,False,0.25787716454400994,False,False,15.7,9.915791,0.002824934429592554,False,False,No issues detected.
C_00656,10.734,10.465,10.57,10.515,LOT_016,False,0.392,46.3,10.93475,3.0903956824909935,-0.1358240313297558,False,8.073875000000003,12.200874999999998,False,0.1993361448108547,False,False,16.2,10.824163,0.002494190533955893,False,False,No issues detected.
C_00657,10.592,10.43,11.181,11.107,LOT_016,False,0.418,59.7,10.93475,3.0903956824909935,0.055737199277070895,False,8.073875000000003,12.200874999999998,False,0.16035645102916962,False,False,17.4,10.880829,0.0031307559543185784,False,False,No issues detected.
C_00658,9.841,9.984,9.889,10.208,LOT_016,False,0.371,37.6,10.93475,3.0903956824909935,-0.23516406139106658,False,8.073875000000003,12.200874999999998,False,0.28847250119670514,False,False,12.5,10.387813,0.0028042542669508195,False,False,No issues detected.
C_00659,8.599,8.774,8.68,9.031,LOT_016,False,0.38,40.9,10.93475,3.0903956824909935,-0.6160214404860588,False,8.073875000000003,12.200874999999998,False,0.1605282614079262,False,False,22.1,9.031826,0.001790458467271599,False,False,No issues detected.
C_00660,8.467,8.981,8.532,8.968,LOT_016,False,0.355,32.1,10.93475,3.0903956824909935,-0.6364071795540153,False,8.073875000000003,12.200874999999998,False,0.1437105245732211,False,False,23.1,9.02796,0.0003261098861694345,False,False,No issues detected.
C_00661,9.938,10.121,10.678,11.007,LOT_016,False,0.362,34.4,10.93475,3.0903956824909935,0.023378883296188053,False,8.073875000000003,12.200874999999998,False,0.26166551601242305,False,False,12.1,10.544606,0.0029417097833421466,False,False,No issues detected.
C_00662,9.108,13.041,18.056,22.189,LOT_016,True,0.712,1052.8,10.93475,3.0903956824909935,3.64168577627852,True,8.073875000000003,12.200874999999998,True,-0.05475559250775497,True,True,58.1,22.548662,0.06602543184492322,True,True,"[Module A] Flagged because 168h leakage is 3.6 standard deviations from its lot's mean (22.19uA vs lot mean 10.93uA); and 168h leakage (22.19uA) falls outside the lot's normal IQR range [8.07, 12.20]uA; and the combination of readings across all four checkpoints is unusual relative to its lot (multivariate outlier). [Module B] The strongest driver was delta_24h (3.933), which pushed the predicted 168h value up by 9.39uA relative to baseline."
C_00663,10.03,10.164,10.365,10.525,LOT_016,False,0.319,22.7,10.93475,3.0903956824909935,-0.13258819973166758,False,8.073875000000003,12.200874999999998,False,0.30662562346368166,False,False,10.8,10.612592,0.003115220440758601,False,False,No issues detected.
C_00664,9.242,9.411,9.96,10.028,LOT_016,False,0.404,51.9,10.93475,3.0903956824909935,-0.2934090301566558,False,8.073875000000003,12.200874999999998,False,0.24180849771742874,False,False,15.4,9.867808,0.003172280152638756,False,False,No issues detected.
C_00665,9.83,10.452,10.799,10.535,LOT_016,False,0.38,41.2,10.93475,3.0903956824909935,-0.12935236813357934,False,8.073875000000003,12.200874999999998,False,0.27106231728657226,False,False,12.5,10.698168,0.0017094986173841692,False,False,No issues detected.
C_00666,9.491,9.087,9.498,9.627,LOT_016,False,0.351,30.9,10.93475,3.0903956824909935,-0.4231658772399964,False,8.073875000000003,12.200874999999998,False,0.23897989245351653,False,False,16.6,9.67593,0.004089791827731664,False,False,No issues detected.
C_00667,10.053,9.751,10.296,10.449,LOT_016,False,0.362,34.5,10.93475,3.0903956824909935,-0.15718051987713877,False,8.073875000000003,12.200874999999998,False,0.27493260810934933,False,False,12.6,10.325236,0.003987752225663931,False,False,No issues detected.
C_00668,10.283,13.623,19.571,23.558,LOT_016,True,0.707,999.8,10.93475,3.0903956824909935,4.0846711220568075,True,8.073875000000003,12.200874999999998,True,-0.08252955962241293,True,True,63.2,23.281183,0.06707071696387397,True,True,"[Module A] Flagged because 168h leakage is 4.1 standard deviations from its lot's mean (23.56uA vs lot mean 10.93uA); and 168h leakage (23.56uA) falls outside the lot's normal IQR range [8.07, 12.20]uA; and the combination of readings across all four checkpoints is unusual relative to its lot (multivariate outlier). [Module B] The strongest driver was delta_24h (3.340), which pushed the predicted 168h value up by 9.45uA relative to baseline."
C_00669,10.315,10.638,10.993,10.769,LOT_016,False,0.37,37.3,10.93475,3.0903956824909935,-0.05363390873831323,False,8.073875000000003,12.200874999999998,False,0.2107268300523784,False,False,14.9,11.072851,0.0030197998682657884,False,False,No issues detected.
C_00670,10.02,12.168,15.16,17.558,LOT_016,True,0.632,483.4,10.93475,3.0903956824909935,2.1431721632038303,False,8.073875000000003,12.200874999999998,True,-0.019596889714530108,True,True,43.8,17.016903,0.03367293696933323,True,True,"[Module A] Flagged because 168h leakage (17.56uA) falls outside the lot's normal IQR range [8.07, 12.20]uA; and the combination of readings across all four checkpoints is unusual relative to its lot (multivariate outlier). [Module B] The strongest driver was delta_24h (2.148), which pushed the predicted 168h value up by 3.68uA relative to baseline."
C_00671,9.316,9.883,9.721,10.188,LOT_016,False,0.362,34.3,10.93475,3.0903956824909935,-0.24163572458724303,False,8.073875000000003,12.200874999999998,False,0.24824753888622825,False,False,14.6,10.216128,0.0023133913146125007,False,False,No issues detected.
C_00672,9.798,10.067,10.048,10.106,LOT_016,False,0.347,29.8,10.93475,3.0903956824909935,-0.2681695436915673,False,8.073875000000003,12.200874999999998,False,0.28841894495665693,False,False,12.8,10.386935,0.0022217724588182225,False,False,No issues detected.
C_00673,10.042,10.439,10.943,11.065,LOT_016,False,0.399,49.4,10.93475,3.0903956824909935,0.04214670656510011,False,8.073875000000003,12.200874999999998,False,0.253009620585371,False,False,12.7,10.793813,0.0024639774428473573,False,False,No issues detected.
C_00674,9.757,9.259,9.331,9.561,LOT_016,False,0.313,21.3,10.93475,3.0903956824909935,-0.44452236578737936,False,8.073875000000003,12.200874999999998,False,0.2366734746170313,False,False,16.9,9.804455,0.0037878805796305315,False,False,No issues detected.
C_00675,10.081,10.333,9.946,10.681,LOT_016,False,0.367,36.3,10.93475,3.0903956824909935,-0.08210922680149055,False,8.073875000000003,12.200874999999998,False,0.27851474711063007,False,False,11.8,10.744666,0.002858792357974581,False,False,No issues detected.
C_00676,10.075,10.336,9.898,10.305,LOT_016,False,0.297,18.2,10.93475,3.0903956824909935,-0.20377649488961028,False,8.073875000000003,12.200874999999998,False,0.2833379707592377,False,False,12.5,10.744666,0.0028379590246412466,False,False,No issues detected.
C_00677,9.792,10.247,10.578,10.164,LOT_016,False,0.381,41.5,10.93475,3.0903956824909935,-0.24940172042265524,False,8.073875000000003,12.200874999999998,False,0.27855363419097734,False,False,13.2,10.5204315,0.0018988299899631083,False,False,No issues detected.
C_00678,10.35,10.017,10.374,10.513,LOT_016,False,0.34,27.7,10.93475,3.0903956824909935,-0.13647119764937365,False,8.073875000000003,12.200874999999998,False,0.2588878227318964,False,False,13.2,10.535238,0.003598876847161191,False,False,No issues detected.
C_00679,9.431,9.748,9.164,9.588,LOT_016,False,0.323,23.4,10.93475,3.0903956824909935,-0.4357856204725412,False,8.073875000000003,12.200874999999998,False,0.23192233086097525,False,False,17.0,10.114643,0.002546132617526589,False,False,No issues detected.
C_00680,10.073,10.258,10.457,10.576,LOT_016,False,0.312,21.2,10.93475,3.0903956824909935,-0.11608545858141721,False,8.073875000000003,12.200874999999998,False,0.30727802784945885,False,False,10.6,10.702602,0.003087516572740349,False,False,No issues detected.
C_00681,9.642,10.202,10.892,11.002,LOT_017,False,0.396,48.2,11.412725,3.561486861694936,-0.11532402503501937,False,8.016124999999999,13.415125,False,0.22836902442540247,False,False,14.5,10.6343155,0.003002190907796224,False,False,No issues detected.
C_00682,9.334,9.892,9.97,10.987,LOT_017,False,0.42,60.9,11.412725,3.561486861694936,-0.11953574912175711,False,8.016124999999999,13.415125,False,0.2104884058235535,False,False,15.5,10.426083,0.003708907021416562,False,False,No issues detected.
C_00683,10.308,10.682,10.816,11.368,LOT_017,False,0.372,38.1,11.412725,3.561486861694936,-0.012557957318622467,False,8.016124999999999,13.415125,False,0.23157889121924924,False,False,13.5,11.300945,0.004298231124877927,False,False,No issues detected.
C_00684,10.814,10.949,11.458,11.508,LOT_017,False,0.365,35.4,11.412725,3.561486861694936,0.02675146749092796,False,8.016124999999999,13.415125,False,0.1855980814587636,False,False,15.9,11.543315,0.004127187040117053,False,False,No issues detected.
C_00685,9.523,12.531,18.626,22.958,LOT_017,True,0.669,693.4,11.412725,3.561486861694936,3.2417008537006153,True,8.016124999999999,13.415125,True,-0.08677567850102275,True,True,56.4,22.538132,0.0694939702351888,True,True,"[Module A] Flagged because 168h leakage is 3.2 standard deviations from its lot's mean (22.96uA vs lot mean 11.41uA); and 168h leakage (22.96uA) falls outside the lot's normal IQR range [8.02, 13.42]uA; and the combination of readings across all four checkpoints is unusual relative to its lot (multivariate outlier). [Module B] The strongest driver was delta_24h (3.008), which pushed the predicted 168h value up by 9.50uA relative to baseline."
C_00686,11.257,10.931,11.286,11.671,LOT_017,False,0.382,42.0,11.412725,3.561486861694936,0.07251886923347642,False,8.016124999999999,13.415125,False,0.13609070221737118,False,False,18.8,11.641664,0.004935163550906717,False,False,No issues detected.
C_00687,8.716,8.765,8.813,9.184,LOT_017,False,0.342,28.2,11.412725,3.561486861694936,-0.6257849843476146,False,8.016124999999999,13.415125,False,0.10240660420730185,False,False,25.1,9.051162,0.001987234486473927,False,False,No issues detected.
C_00688,9.324,9.5,9.844,9.798,LOT_017,False,0.33,25.2,11.412725,3.561486861694936,-0.45338507839715614,False,8.016124999999999,13.415125,False,0.22055913185866988,False,False,17.8,9.933066,0.003007405334048801,False,False,No issues detected.
C_00689,9.333,14.105,22.163,28.906,LOT_017,True,0.706,994.0,11.412725,3.561486861694936,4.911789844894957,True,8.016124999999999,13.415125,True,-0.15665676250759786,True,True,73.8,28.629517,0.1008646986219618,True,True,"[Module A] Flagged because 168h leakage is 4.9 standard deviations from its lot's mean (28.91uA vs lot mean 11.41uA); and 168h leakage (28.91uA) falls outside the lot's normal IQR range [8.02, 13.42]uA; and the combination of readings across all four checkpoints is unusual relative to its lot (multivariate outlier). [Module B] The strongest driver was delta_24h (4.772), which pushed the predicted 168h value up by 13.38uA relative to baseline."
C_00690,9.91,9.71,10.295,10.492,LOT_017,False,0.353,31.5,11.412725,3.561486861694936,-0.2585226439840971,False,8.016124999999999,13.415125,False,0.2393962998363029,False,False,15.2,10.11661,0.00282367759280734,False,False,No issues detected.
C_00691,10.598,10.705,10.883,11.137,LOT_017,False,0.344,28.8,11.412725,3.561486861694936,-0.0774185082543812,False,8.016124999999999,13.415125,False,0.2314536652551048,False,False,14.1,11.243308,0.003738250467512342,False,False,No issues detected.
C_00692,10.433,10.287,10.629,10.583,LOT_017,False,0.348,30.1,11.412725,3.561486861694936,-0.2329715178578893,False,8.016124999999999,13.415125,False,0.22025539223734192,False,False,15.9,10.837056,0.0038198344442579423,False,False,No issues detected.
C_00693,9.378,9.204,9.691,10.23,LOT_017,False,0.355,32.2,11.412725,3.561486861694936,-0.3320874246991137,False,8.016124999999999,13.415125,False,0.21017835749324876,False,False,17.3,9.735465,0.0036907295121086925,False,False,No issues detected.
C_00694,10.737,10.738,11.212,11.213,LOT_017,False,0.363,34.9,11.412725,3.561486861694936,-0.056079106214911134,False,8.016124999999999,13.415125,False,0.21682284132546792,False,False,14.6,11.33109,0.004118680371178524,False,False,No issues detected.
C_00695,9.975,9.976,10.843,11.229,LOT_017,False,0.36,33.7,11.412725,3.561486861694936,-0.05158660052239104,False,8.016124999999999,13.415125,False,0.24311922610176095,False,False,13.3,10.516262,0.003751819822523323,False,False,No issues detected.
C_00696,9.446,9.086,9.476,9.685,LOT_017,False,0.319,22.6,11.412725,3.561486861694936,-0.4851133998505791,False,8.016124999999999,13.415125,False,0.20381180304118196,False,False,18.9,9.666636,0.004032197687360973,False,False,No issues detected.
C_00697,10.007,9.845,10.067,9.995,LOT_017,False,0.287,16.6,11.412725,3.561486861694936,-0.3980711020580028,False,8.016124999999999,13.415125,False,0.21945946608912548,False,False,17.3,10.350639,0.003511384328206376,False,False,No issues detected.
C_00698,10.927,10.585,11.036,11.458,LOT_017,False,0.365,35.6,11.412725,3.561486861694936,0.012712387201802984,False,8.016124999999999,13.415125,False,0.1964069257577135,False,False,15.3,11.107917,0.0036313668886820416,False,False,No issues detected.
C_00699,10.476,10.655,11.085,11.185,LOT_017,False,0.343,28.5,11.412725,3.561486861694936,-0.06394099117682092,False,8.016124999999999,13.415125,False,0.2331749338184852,False,False,13.9,11.072851,0.0029017443127102365,False,False,No issues detected.
C_00700,10.244,10.266,10.935,11.067,LOT_017,False,0.342,28.4,11.412725,3.561486861694936,-0.09707322065915665,False,8.016124999999999,13.415125,False,0.24650171236330848,False,False,13.5,10.833566,0.003941428555382622,False,False,No issues detected.
C_00701,10.176,10.398,10.694,10.956,LOT_017,False,0.346,29.6,11.412725,3.561486861694936,-0.12823997890101493,False,8.016124999999999,13.415125,False,0.24795560624455093,False,False,13.7,10.8056345,0.0028307951291402203,False,False,No issues detected.
C_00702,9.726,9.625,9.89,10.056,LOT_017,False,0.323,23.4,11.412725,3.561486861694936,-0.38094342410526993,False,8.016124999999999,13.415125,False,0.23456532848679218,False,False,16.4,10.179465,0.003850453429751926,False,False,No issues detected.
C_00703,10.413,10.321,11.242,12.125,LOT_017,False,0.451,82.5,11.412725,3.561486861694936,0.19999371825873408,False,8.016124999999999,13.415125,False,0.1784944418821664,False,False,17.7,10.937363,0.004280296325683596,False,False,No issues detected.
C_00704,7.068,7.727,7.339,8.077,LOT_017,False,0.377,39.9,11.412725,3.561486861694936,-0.936610221948848,False,8.016124999999999,13.415125,False,-0.10584379087161622,True,True,38.1,8.119931,0.002728689034779864,False,True,[Module A] Flagged because the combination of readings across all four checkpoints is unusual relative to its lot (multivariate outlier).
C_00705,8.647,8.831,8.913,8.864,LOT_017,False,0.368,36.5,11.412725,3.561486861694936,-0.715635098198016,False,8.016124999999999,13.415125,False,0.0890707235884266,False,False,26.5,9.121124,0.002014751858181427,False,False,No issues detected.
C_00706,10.708,11.115,11.397,12.11,LOT_017,False,0.395,47.6,11.412725,3.561486861694936,0.19578199417199632,False,8.016124999999999,13.415125,False,0.14956372556568792,False,False,19.2,11.5785675,0.0032192187839084185,False,False,No issues detected.
C_00707,9.035,9.304,9.325,9.892,LOT_017,False,0.381,41.5,11.412725,3.561486861694936,-0.42699160745360076,False,8.016124999999999,13.415125,False,0.17828031414327994,False,False,19.6,9.864786,0.003894348250495061,False,False,No issues detected.
C_00708,10.041,10.336,10.797,10.825,LOT_017,False,0.365,35.5,11.412725,3.561486861694936,-0.16502236925852323,False,8.016124999999999,13.415125,False,0.25538202064571647,False,False,13.6,10.751735,0.0028870467609829354,False,False,No issues detected.
C_00709,9.772,10.079,10.218,10.317,LOT_017,False,0.324,23.8,11.412725,3.561486861694936,-0.30765942499603577,False,8.016124999999999,13.415125,False,0.24684007971596028,False,False,15.2,10.390428,0.002162691593170162,False,False,No issues detected.
C_00710,9.733,9.931,9.797,10.373,LOT_017,False,0.284,16.1,11.412725,3.561486861694936,-0.2919356550722157,False,8.016124999999999,13.415125,False,0.2399318031445304,False,False,15.4,10.394092,0.003215913931528733,False,False,No issues detected.
C_00711,9.759,9.83,9.86,9.715,LOT_017,False,0.31,20.8,11.412725,3.561486861694936,-0.4766899516771041,False,8.016124999999999,13.415125,False,0.2236869775822506,False,False,17.8,10.267654,0.003039266798231336,False,False,No issues detected.
C_00712,9.911,10.351,10.208,10.27,LOT_017,False,0.339,27.6,11.412725,3.561486861694936,-0.3208561604678137,False,8.016124999999999,13.415125,False,0.22563785219612886,False,False,16.4,10.59951,0.0017257652282714783,False,False,No issues detected.
C_00713,8.992,9.01,9.037,9.418,LOT_017,False,0.339,27.5,11.412725,3.561486861694936,-0.5600820885945084,False,8.016124999999999,13.415125,False,0.15699121599491506,False,False,21.8,9.427235,0.002897462844848634,False,False,No issues detected.
C_00714,10.429,9.79,10.823,11.517,LOT_017,False,0.357,32.7,11.412725,3.561486861694936,0.029278501942970603,False,8.016124999999999,13.415125,False,0.1976311395850157,False,False,15.4,10.437985,0.0044998987515767475,False,False,No issues detected.
C_00715,10.052,10.077,10.248,10.559,LOT_017,False,0.35,30.5,11.412725,3.561486861694936,-0.23971027639666967,False,8.016124999999999,13.415125,False,0.23947388581514395,False,False,15.0,10.512598,0.003024986373053657,False,False,No issues detected.
C_00716,11.493,11.968,12.711,12.388,LOT_017,False,0.356,32.5,11.412725,3.561486861694936,0.273839280579533,False,8.016124999999999,13.415125,False,-0.012146007762058209,True,True,27.9,12.33195,0.002527431858910455,False,True,[Module A] Flagged because the combination of readings across all four checkpoints is unusual relative to its lot (multivariate outlier).
C_00717,9.945,9.908,10.831,11.236,LOT_017,False,0.405,52.3,11.412725,3.561486861694936,-0.0496211292819131,False,8.016124999999999,13.415125,False,0.24203671728821036,False,False,13.3,10.44549,0.0037325686348809173,False,False,No issues detected.
C_00718,10.798,11.041,11.406,11.79,LOT_017,False,0.381,41.3,11.412725,3.561486861694936,0.10593188032159451,False,8.016124999999999,13.415125,False,0.17259734153977824,False,False,17.3,11.5920315,0.003826607492234969,False,False,No issues detected.
C_00719,9.164,9.251,9.565,9.705,LOT_017,False,0.321,23.0,11.412725,3.561486861694936,-0.47949776773492914,False,8.016124999999999,13.415125,False,0.2018550827752164,False,False,18.9,9.683467,0.0030032424396938787,False,False,No issues detected.
C_00720,10.201,9.545,10.898,10.66,LOT_017,False,0.316,22.0,11.412725,3.561486861694936,-0.21135133421263638,False,8.016124999999999,13.415125,False,0.2114494043399961,False,False,16.2,10.257003,0.004944464100731744,False,False,No issues detected.
C_00721,9.339,12.983,19.296,23.973,LOT_018,True,0.683,793.6,11.103125,3.6273775523167266,3.547983305950684,True,8.007499999999999,12.469500000000002,True,-0.12712782677720857,True,True,60.9,23.669977,0.07421511936187744,True,True,"[Module A] Flagged because 168h leakage is 3.5 standard deviations from its lot's mean (23.97uA vs lot mean 11.10uA); and 168h leakage (23.97uA) falls outside the lot's normal IQR range [8.01, 12.47]uA; and the combination of readings across all four checkpoints is unusual relative to its lot (multivariate outlier). [Module B] The strongest driver was delta_24h (3.644), which pushed the predicted 168h value up by 9.79uA relative to baseline."
C_00722,9.927,10.339,11.247,11.404,LOT_018,False,0.452,82.6,11.103125,3.6273775523167266,0.08294559793144149,False,8.007499999999999,12.469500000000002,False,0.09058545849869581,False,False,21.2,10.669141,0.0022926445537143256,False,False,No issues detected.
C_00723,8.419,8.806,8.731,8.592,LOT_018,False,0.303,19.3,11.103125,3.6273775523167266,-0.69227009424376,False,8.007499999999999,12.469500000000002,False,0.03150802707602096,False,False,29.2,8.942813,0.0009500897195604171,False,False,No issues detected.
C_00724,9.962,10.528,10.529,11.141,LOT_018,False,0.395,47.6,11.103125,3.6273775523167266,0.010441427575083748,False,8.007499999999999,12.469500000000002,False,0.11774208211458015,False,False,19.2,10.946404,0.0029055865075853105,False,False,No issues detected.
C_00725,9.221,9.201,9.27,9.84,LOT_018,False,0.358,33.2,11.103125,3.6273775523167266,-0.3482198866211956,False,8.007499999999999,12.469500000000002,False,0.1916435501280272,False,False,18.3,9.709428,0.003530748844146725,False,False,No issues detected.
C_00726,9.085,9.116,9.215,9.886,LOT_018,False,0.335,26.4,11.103125,3.6273775523167266,-0.3355385488402358,False,8.007499999999999,12.469500000000002,False,0.18136341777390275,False,False,18.7,9.706472,0.004100502755906849,False,False,No issues detected.
C_00727,9.525,9.857,10.095,10.498,LOT_018,False,0.385,43.3,11.103125,3.6273775523167266,-0.1668216201022474,False,8.007499999999999,12.469500000000002,False,0.20845479701808772,False,False,16.0,10.231086,0.0025978178977966357,False,False,No issues detected.
C_00728,9.035,8.802,9.36,9.54,LOT_018,False,0.297,18.2,11.103125,3.6273775523167266,-0.430924263453543,False,8.007499999999999,12.469500000000002,False,0.15446342132358254,False,False,20.9,9.31966,0.0035948624081081843,False,False,No issues detected.
C_00729,9.105,9.216,9.223,9.488,LOT_018,False,0.328,24.8,11.103125,3.6273775523167266,-0.4452596887711498,False,8.007499999999999,12.469500000000002,False,0.18262442819288094,False,False,19.6,9.67346,0.003176805602179638,False,False,No issues detected.
C_00730,9.522,9.801,10.054,10.258,LOT_018,False,0.319,22.7,11.103125,3.6273775523167266,-0.23298512156812526,False,8.007499999999999,12.469500000000002,False,0.218422093817638,False,False,16.0,10.231086,0.002986706786685519,False,False,No issues detected.
C_00731,10.379,10.409,10.639,11.126,LOT_018,False,0.379,40.8,11.103125,3.6273775523167266,0.006306208733466228,False,8.007499999999999,12.469500000000002,False,0.10765995654944999,False,False,19.7,10.93247,0.0036352105670505053,False,False,No issues detected.
C_00732,9.593,9.886,9.883,10.225,LOT_018,False,0.292,17.3,11.103125,3.6273775523167266,-0.24208260301968332,False,8.007499999999999,12.469500000000002,False,0.2088608122880703,False,False,16.6,10.261447,0.002607270505693229,False,False,No issues detected.
C_00733,10.049,10.068,10.262,10.848,LOT_018,False,0.398,49.1,11.103125,3.6273775523167266,-0.07033318046450854,False,8.007499999999999,12.469500000000002,False,0.16421717667689617,False,False,17.4,10.509106,0.003063233905368384,False,False,No issues detected.
C_00734,10.009,9.906,10.437,10.628,LOT_018,False,0.431,67.4,11.103125,3.6273775523167266,-0.13098305680823005,False,8.007499999999999,12.469500000000002,False,0.16354322304513885,False,False,17.9,10.560023,0.004541828526390919,False,False,No issues detected.
C_00735,9.214,12.67,18.285,22.952,LOT_018,True,0.677,751.3,11.103125,3.6273775523167266,3.2665127434645957,True,8.007499999999999,12.469500000000002,True,-0.10261328280970206,True,True,57.4,23.10179,0.07244298246171739,True,True,"[Module A] Flagged because 168h leakage is 3.3 standard deviations from its lot's mean (22.95uA vs lot mean 11.10uA); and 168h leakage (22.95uA) falls outside the lot's normal IQR range [8.01, 12.47]uA; and the combination of readings across all four checkpoints is unusual relative to its lot (multivariate outlier). [Module B] The strongest driver was delta_24h (3.456), which pushed the predicted 168h value up by 9.63uA relative to baseline."
C_00736,10.105,10.143,10.345,10.882,LOT_018,False,0.412,56.2,11.103125,3.6273775523167266,-0.060960017756842816,False,8.007499999999999,12.469500000000002,False,0.1563637123859567,False,False,17.7,10.681428,0.0037390830251905604,False,False,No issues detected.
C_00737,10.353,10.784,11.464,11.56,LOT_018,False,0.397,48.7,11.103125,3.6273775523167266,0.1259518738842622,False,8.007499999999999,12.469500000000002,False,0.01161344692417654,False,False,25.5,11.2721815,0.003390149381425641,False,False,No issues detected.
C_00738,9.211,9.418,9.702,10.176,LOT_018,False,0.337,26.9,11.103125,3.6273775523167266,-0.25559098456896656,False,8.007499999999999,12.469500000000002,False,0.19569913210223494,False,False,17.3,9.867808,0.003123669041527647,False,False,No issues detected.
C_00739,9.569,9.717,9.623,9.825,LOT_018,False,0.315,21.8,11.103125,3.6273775523167266,-0.3523551054628131,False,8.007499999999999,12.469500000000002,False,0.18824564489527784,False,False,18.5,10.03149,0.002183960596720374,False,False,No issues detected.
C_00740,9.606,9.84,9.993,10.236,LOT_018,False,0.363,34.6,11.103125,3.6273775523167266,-0.23905010920249697,False,8.007499999999999,12.469500000000002,False,0.21365282001614394,False,False,16.3,10.233702,0.0027340396245320647,False,False,No issues detected.
C_00741,10.589,10.868,11.246,11.307,LOT_018,False,0.302,19.1,11.103125,3.6273775523167266,0.056204516088982664,False,8.007499999999999,12.469500000000002,False,0.007850529282504737,False,False,25.1,11.298307,0.0029882459640502906,False,False,No issues detected.
C_00742,9.576,12.749,18.735,23.369,LOT_018,True,0.676,739.8,11.103125,3.6273775523167266,3.381471827261558,True,8.007499999999999,12.469500000000002,True,-0.09054134210060638,True,True,57.7,21.98511,0.06413964811960855,True,True,"[Module A] Flagged because 168h leakage is 3.4 standard deviations from its lot's mean (23.37uA vs lot mean 11.10uA); and 168h leakage (23.37uA) falls outside the lot's normal IQR range [8.01, 12.47]uA; and the combination of readings across all four checkpoints is unusual relative to its lot (multivariate outlier). [Module B] The strongest driver was delta_24h (3.173), which pushed the predicted 168h value up by 9.35uA relative to baseline."
C_00743,9.142,9.711,9.34,10.313,LOT_018,False,0.374,38.9,11.103125,3.6273775523167266,-0.21782265248219454,False,8.007499999999999,12.469500000000002,False,0.172647731913185,False,False,18.2,9.893243,0.0012655752499898254,False,False,No issues detected.
C_00744,10.381,9.406,10.147,9.785,LOT_018,False,0.314,21.6,11.103125,3.6273775523167266,-0.36338235570712585,False,8.007499999999999,12.469500000000002,False,0.07444236139742288,False,False,24.3,10.176318,0.005349431726667612,False,False,No issues detected.
C_00745,9.313,9.05,9.791,9.682,LOT_018,False,0.355,32.2,11.103125,3.6273775523167266,-0.39177752508623165,False,8.007499999999999,12.469500000000002,False,0.1754357990040991,False,False,19.5,9.457467,0.002829632494184701,False,False,No issues detected.
C_00746,10.422,10.155,10.545,10.779,LOT_018,False,0.347,29.8,11.103125,3.6273775523167266,-0.08935518713594864,False,8.007499999999999,12.469500000000002,False,0.11013290771222473,False,False,20.2,10.656834,0.003484955893622509,False,False,No issues detected.
C_00747,9.519,9.927,9.932,10.054,LOT_018,False,0.357,32.8,11.103125,3.6273775523167266,-0.28922409781412106,False,8.007499999999999,12.469500000000002,False,0.20406503757462735,False,False,17.2,10.343428,0.0028918587366739937,False,False,No issues detected.
C_00748,9.246,9.01,9.294,8.817,LOT_018,False,0.294,17.7,11.103125,3.6273775523167266,-0.6302418116194997,False,8.007499999999999,12.469500000000002,False,0.13244929606801303,False,False,23.6,9.389782,0.002637374666002063,False,False,No issues detected.
C_00749,9.104,8.913,9.657,9.677,LOT_018,False,0.331,25.4,11.103125,3.6273775523167266,-0.393155931366771,False,8.007499999999999,12.469500000000002,False,0.16731252106683675,False,False,19.9,9.421682,0.0035325163735283726,False,False,No issues detected.
C_00750,9.029,8.851,8.69,9.062,LOT_018,False,0.291,17.2,11.103125,3.6273775523167266,-0.5626999038730829,False,8.007499999999999,12.469500000000002,False,0.11020663993347674,False,False,24.2,9.369999,0.0036041592491997555,False,False,No issues detected.
C_00751,9.873,9.764,10.011,10.51,LOT_018,False,0.374,38.8,11.103125,3.6273775523167266,-0.16351344502895337,False,8.007499999999999,12.469500000000002,False,0.1852208902504794,False,False,17.1,10.374532,0.004239803791046147,False,False,No issues detected.
C_00752,8.379,8.375,8.611,9.146,LOT_018,False,0.378,40.3,11.103125,3.6273775523167266,-0.5395426783600253,False,8.007499999999999,12.469500000000002,False,-0.0010705267203415803,True,True,29.5,8.849316,0.00329385863410102,False,True,[Module A] Flagged because the combination of readings across all four checkpoints is unusual relative to its lot (multivariate outlier).
C_00753,9.541,9.992,10.384,10.189,LOT_018,False,0.343,28.7,11.103125,3.6273775523167266,-0.2520071282395649,False,8.007499999999999,12.469500000000002,False,0.17094064126132508,False,False,18.6,10.270347,0.0019329627884758782,False,False,No issues detected.
C_00754,8.924,9.506,9.925,10.034,LOT_018,False,0.324,23.8,11.103125,3.6273775523167266,-0.2947377229362775,False,8.007499999999999,12.469500000000002,False,0.14615727098100262,False,False,20.1,9.707877,0.0014019247161017507,False,False,No issues detected.
C_00755,9.216,9.083,9.56,9.961,LOT_018,False,0.325,23.9,11.103125,3.6273775523167266,-0.31486245463214874,False,8.007499999999999,12.469500000000002,False,0.1895940924628235,False,False,18.1,9.791223,0.0049182123078240275,False,False,No issues detected.
C_00756,8.526,8.766,8.662,9.002,LOT_018,False,0.296,18.1,11.103125,3.6273775523167266,-0.5792407792395521,False,8.007499999999999,12.469500000000002,False,0.06527936859763972,False,False,26.6,9.031826,0.0018460140228271484,False,False,No issues detected.
C_00757,9.23,8.972,9.295,9.235,LOT_018,False,0.334,26.2,11.103125,3.6273775523167266,-0.5150070465664294,False,8.007499999999999,12.469500000000002,False,0.1691968251829643,False,False,20.8,9.389782,0.0029012635548909538,False,False,No issues detected.
C_00758,8.995,9.374,9.761,10.224,LOT_018,False,0.394,47.1,11.103125,3.6273775523167266,-0.24235828427579098,False,8.007499999999999,12.469500000000002,False,0.16985336481982727,False,False,18.5,9.820962,0.003103902445899112,False,False,No issues detected.
C_00759,9.458,9.614,9.871,10.52,LOT_018,False,0.379,40.6,11.103125,3.6273775523167266,-0.1607566324678752,False,8.007499999999999,12.469500000000002,False,0.19016376314434486,False,False,16.8,10.045064,0.0029934998088412762,False,False,No issues detected.
C_00760,9.163,9.763,9.195,9.381,LOT_018,False,0.246,11.1,11.103125,3.6273775523167266,-0.4747575831746868,False,8.007499999999999,12.469500000000002,False,0.1453869461199669,False,False,21.7,9.888166,0.0008692113028632277,False,False,No issues detected.
C_00761,6.981,7.191,6.946,7.148,LOT_019,False,0.295,17.9,8.389975,2.781300622587413,-0.4465446812594478,False,6.078250000000002,9.708249999999998,False,0.129978795341327,False,False,22.2,7.36429,0.0012034044265747082,False,False,No issues detected.
C_00762,7.355,7.433,7.306,7.678,LOT_019,False,0.329,25.0,8.389975,2.781300622587413,-0.2559863519311542,False,6.078250000000002,9.708249999999998,False,0.19058189923395746,False,False,17.6,7.693998,0.0018124851385752372,False,False,No issues detected.
C_00763,7.465,7.337,7.453,7.495,LOT_019,False,0.322,23.2,8.389975,2.781300622587413,-0.3217829071520555,False,6.078250000000002,9.708249999999998,False,0.18407442248003536,False,False,18.5,7.647737,0.0021578960153791657,False,False,No issues detected.
C_00764,7.899,8.051,8.078,8.384,LOT_019,False,0.321,23.1,8.389975,2.781300622587413,-0.002148275505163092,False,6.078250000000002,9.708249999999998,False,0.17350043864894554,False,False,16.3,8.361302,0.002154877609676784,False,False,No issues detected.
C_00765,6.718,7.106,7.07,7.139,LOT_019,False,0.305,19.7,8.389975,2.781300622587413,-0.4497805774178526,False,6.078250000000002,9.708249999999998,False,0.11822614030224787,False,False,22.8,7.267994,0.0011249578264024532,False,False,No issues detected.
C_00766,7.301,9.293,12.248,14.737,LOT_019,True,0.649,570.5,8.389975,2.781300622587413,2.282034868311155,False,6.078250000000002,9.708249999999998,True,-0.15072697813656988,True,True,51.6,14.613001,0.03694445048438179,True,True,"[Module A] Flagged because 168h leakage (14.74uA) falls outside the lot's normal IQR range [6.08, 9.71]uA; and the combination of readings across all four checkpoints is unusual relative to its lot (multivariate outlier). [Module B] The strongest driver was delta_24h (1.992), which pushed the predicted 168h value up by 3.60uA relative to baseline."
C_00767,7.747,7.651,7.603,7.991,LOT_019,False,0.291,17.2,8.389975,2.781300622587413,-0.14344907442218097,False,6.078250000000002,9.708249999999998,False,0.1952993748528951,False,False,16.4,7.9607964,0.0021513635847303617,False,False,No issues detected.
C_00768,8.089,8.401,8.429,8.618,LOT_019,False,0.364,35.2,8.389975,2.781300622587413,0.08198502461336649,False,6.078250000000002,9.708249999999998,False,0.07039327626849068,False,False,22.2,8.7875395,0.002684301959143746,False,False,No issues detected.
C_00769,6.409,6.522,6.768,6.927,LOT_019,False,0.401,50.6,8.389975,2.781300622587413,-0.5260039091491702,False,6.078250000000002,9.708249999999998,False,0.035773628096485544,False,False,27.6,7.035061,0.003562922795613605,False,False,No issues detected.
C_00770,8.077,8.251,9.06,9.322,LOT_019,False,0.434,69.4,8.389975,2.781300622587413,0.33510401300415593,False,6.078250000000002,9.708249999999998,False,-0.00487822201315713,True,True,28.0,8.668034,0.002896066665649418,False,True,[Module A] Flagged because the combination of readings across all four checkpoints is unusual relative to its lot (multivariate outlier).
C_00771,7.469,7.582,7.248,7.757,LOT_019,False,0.331,25.4,8.389975,2.781300622587413,-0.22758237454071054,False,6.078250000000002,9.708249999999998,False,0.1862313600573292,False,False,17.6,7.8553205,0.001898058705859715,False,False,No issues detected.
C_00772,7.751,8.267,8.124,8.034,LOT_019,False,0.276,14.9,8.389975,2.781300622587413,-0.1279886816653568,False,6.078250000000002,9.708249999999998,False,0.14977213914618448,False,False,18.6,8.431723,0.0011439072291056353,False,False,No issues detected.
C_00773,6.311,6.023,6.316,6.566,LOT_019,False,0.307,20.0,8.389975,2.781300622587413,-0.65579929950297,False,6.078250000000002,9.708249999999998,False,-0.0794686489497779,True,True,34.4,6.7837048,0.005282671928405764,False,True,[Module A] Flagged because the combination of readings across all four checkpoints is unusual relative to its lot (multivariate outlier).
C_00774,7.423,7.544,7.887,7.709,LOT_019,False,0.353,31.4,8.389975,2.781300622587413,-0.24484048738553715,False,6.078250000000002,9.708249999999998,False,0.20472583455071786,False,False,16.8,7.8586974,0.002185398711098568,False,False,No issues detected.
C_00775,7.57,7.832,7.976,7.926,LOT_019,False,0.341,28.1,8.389975,2.781300622587413,-0.16681943556621678,False,6.078250000000002,9.708249999999998,False,0.20127176198308783,False,False,16.3,8.165199,0.0023138838873969195,False,False,No issues detected.
C_00776,7.983,8.092,7.99,8.594,LOT_019,False,0.317,22.1,8.389975,2.781300622587413,0.07335596819095287,False,6.078250000000002,9.708249999999998,False,0.14063815375785071,False,False,18.6,8.401697,0.0021506747139824725,False,False,No issues detected.
C_00777,7.79,7.806,8.252,8.343,LOT_019,False,0.325,24.0,8.389975,2.781300622587413,-0.016889580226785928,False,6.078250000000002,9.708249999999998,False,0.17826639265417354,False,False,16.2,8.308316,0.003488307158152262,False,False,No issues detected.
C_00778,7.591,7.941,7.88,8.359,LOT_019,False,0.338,27.4,8.389975,2.781300622587413,-0.011136875945177064,False,6.078250000000002,9.708249999999998,False,0.1925131911691252,False,False,15.5,8.181816,0.0016723340352376313,False,False,No issues detected.
C_00779,7.322,7.519,7.921,7.9,LOT_019,False,0.38,41.2,8.389975,2.781300622587413,-0.17616758002383112,False,6.078250000000002,9.708249999999998,False,0.19875185829684727,False,False,16.5,7.860275,0.0023699638313717302,False,False,No issues detected.
C_00780,7.627,7.48,7.707,7.903,LOT_019,False,0.385,42.9,8.389975,2.781300622587413,-0.17508894797102972,False,6.078250000000002,9.708249999999998,False,0.2130447640550177,False,False,15.8,7.873775,0.0027345486481984427,False,False,No issues detected.
C_00781,6.894,6.91,7.278,7.426,LOT_019,False,0.329,24.9,8.389975,2.781300622587413,-0.3465914443664937,False,6.078250000000002,9.708249999999998,False,0.14707494174551722,False,False,20.5,7.2721415,0.002514871226416693,False,False,No issues detected.
C_00782,7.014,7.023,7.296,7.442,LOT_019,False,0.33,25.2,8.389975,2.781300622587413,-0.3408387400848848,False,6.078250000000002,9.708249999999998,False,0.17214554181346642,False,False,19.2,7.4449544,0.0029302388562096513,False,False,No issues detected.
C_00783,7.455,7.436,7.708,7.967,LOT_019,False,0.387,44.0,8.389975,2.781300622587413,-0.15207813084459426,False,6.078250000000002,9.708249999999998,False,0.20799982657327415,False,False,15.9,7.870323,0.003016133202446832,False,False,No issues detected.
C_00784,7.049,7.351,7.579,7.503,LOT_019,False,0.324,23.8,8.389975,2.781300622587413,-0.31890655501125104,False,6.078250000000002,9.708249999999998,False,0.18153672475453891,False,False,18.6,7.43865,0.000608681466844347,False,False,No issues detected.
C_00785,7.988,7.557,7.65,7.852,LOT_019,False,0.269,13.9,8.389975,2.781300622587413,-0.1934256928686577,False,6.078250000000002,9.708249999999998,False,0.16442716744438818,False,False,18.4,7.9804225,0.0029404340055253744,False,False,No issues detected.
C_00786,8.187,7.938,7.751,8.046,LOT_019,False,0.264,13.2,8.389975,2.781300622587413,-0.12367415345415061,False,6.078250000000002,9.708249999999998,False,0.11821433950539739,False,False,20.1,8.301498,0.0025242945353190125,False,False,No issues detected.
C_00787,7.765,7.899,8.363,8.256,LOT_019,False,0.312,21.1,8.389975,2.781300622587413,-0.048169909758034014,False,6.078250000000002,9.708249999999998,False,0.1685933286813175,False,False,17.0,8.202996,0.0021110850969950357,False,False,No issues detected.
C_00788,6.866,7.036,6.911,7.27,LOT_019,False,0.275,14.7,8.389975,2.781300622587413,-0.4026803111121803,False,6.078250000000002,9.708249999999998,False,0.13329414410550905,False,False,21.7,7.31702,0.0019515273571014432,False,False,No issues detected.
C_00789,7.556,7.071,7.404,7.737,LOT_019,False,0.307,20.1,8.389975,2.781300622587413,-0.23477325489272147,False,6.078250000000002,9.708249999999998,False,0.1640128008098194,False,False,18.8,7.670324,0.004161971171696983,False,False,No issues detected.
C_00790,7.652,7.855,8.318,8.564,LOT_019,False,0.399,49.4,8.389975,2.781300622587413,0.06256964766293649,False,6.078250000000002,9.708249999999998,False,0.16210274832109728,False,False,17.4,8.22513,0.002570347785949704,False,False,No issues detected.
C_00791,6.926,7.163,7.343,7.359,LOT_019,False,0.313,21.4,8.389975,2.781300622587413,-0.37068089354573086,False,6.078250000000002,9.708249999999998,False,0.17074386894188315,False,False,19.6,7.36429,0.0013978488710191497,False,False,No issues detected.
C_00792,8.661,12.339,18.978,23.792,LOT_019,True,0.696,899.3,8.389975,2.781300622587413,5.53770594768417,True,6.078250000000002,9.708249999999998,True,-0.2579565445049866,True,True,84.0,23.345722,0.07643557082282172,True,True,"[Module A] Flagged because 168h leakage is 5.5 standard deviations from its lot's mean (23.79uA vs lot mean 8.39uA); and 168h leakage (23.79uA) falls outside the lot's normal IQR range [6.08, 9.71]uA; and the combination of readings across all four checkpoints is unusual relative to its lot (multivariate outlier). [Module B] The strongest driver was delta_24h (3.678), which pushed the predicted 168h value up by 9.72uA relative to baseline."
C_00793,6.619,6.443,6.875,6.784,LOT_019,False,0.285,16.3,8.389975,2.781300622587413,-0.5774187036660493,False,6.078250000000002,9.708249999999998,False,0.059988954234052594,False,False,26.8,6.8855214,0.003073065360387169,False,False,No issues detected.
C_00794,6.846,7.27,7.356,7.432,LOT_019,False,0.375,39.1,8.389975,2.781300622587413,-0.3444341802608903,False,6.078250000000002,9.708249999999998,False,0.16818044842626517,False,False,19.5,7.267472,-1.7557011710269935e-05,False,False,No issues detected.
C_00795,7.665,7.401,7.928,7.837,LOT_019,False,0.365,35.6,8.389975,2.781300622587413,-0.19881885313266623,False,6.078250000000002,9.708249999999998,False,0.20016365679684073,False,False,16.6,7.693807,0.002033382813135784,False,False,No issues detected.
C_00796,7.846,8.132,8.093,8.359,LOT_019,False,0.396,47.9,8.389975,2.781300622587413,-0.011136875945177064,False,6.078250000000002,9.708249999999998,False,0.1755119532383691,False,False,16.3,8.416801,0.0019777878655327713,False,False,No issues detected.
C_00797,7.068,7.652,7.876,8.378,LOT_019,False,0.418,59.8,8.389975,2.781300622587413,-0.004305539610766496,False,6.078250000000002,9.708249999999998,False,0.14119378555171774,False,False,18.0,8.10349,0.003135346359676784,False,False,No issues detected.
C_00798,7.149,7.605,7.706,7.77,LOT_019,False,0.324,23.6,8.389975,2.781300622587413,-0.2229083023119034,False,6.078250000000002,9.708249999999998,False,0.18188717014733746,False,False,17.8,7.831709,0.0015743674172295436,False,False,No issues detected.
C_00799,7.033,7.393,7.553,7.325,LOT_019,False,0.379,40.7,8.389975,2.781300622587413,-0.3829053901441496,False,6.078250000000002,9.708249999999998,False,0.16637168860444645,False,False,19.9,7.476712,0.0005813349088033055,False,False,No issues detected.
C_00800,7.601,7.657,8.144,7.97,LOT_019,False,0.347,29.8,8.389975,2.781300622587413,-0.15099949879179256,False,6.078250000000002,9.708249999999998,False,0.19348078062163282,False,False,16.6,8.008935,0.002443992879655626,False,False,No issues detected.
C_00801,11.901,11.741,12.239,12.628,LOT_020,False,0.393,46.8,12.928075000000002,3.2188276284888375,-0.09322493610534822,False,9.675375,14.398375,False,0.2565850451521071,False,False,12.9,11.970715,0.0015952400631374806,False,False,No issues detected.
C_00802,11.626,11.315,11.156,11.367,LOT_020,False,0.305,19.7,12.928075000000002,3.2188276284888375,-0.4849824781493155,False,9.675375,14.398375,False,0.23302730192956578,False,False,17.4,11.694354,0.0026344031757778628,False,False,No issues detected.
C_00803,11.113,10.849,11.058,11.339,LOT_020,False,0.404,52.1,12.928075000000002,3.2188276284888375,-0.49368129748098183,False,9.675375,14.398375,False,0.204324226428567,False,False,18.9,11.333785,0.003366562896304659,False,False,No issues detected.
C_00804,11.764,11.392,12.075,11.822,LOT_020,False,0.348,30.0,12.928075000000002,3.2188276284888375,-0.3436266640097401,False,9.675375,14.398375,False,0.2554523348039726,False,False,15.1,11.758582,0.002545709133148197,False,False,No issues detected.
C_00805,11.615,11.677,11.951,12.073,LOT_020,False,0.342,28.3,12.928075000000002,3.2188276284888375,-0.26564796214373193,False,9.675375,14.398375,False,0.2863447166957024,False,False,12.9,12.037942,0.002506541199154327,False,False,No issues detected.
C_00806,12.679,12.484,12.678,13.208,LOT_020,False,0.374,38.8,12.928075000000002,3.2188276284888375,0.08696489290773757,False,9.675375,14.398375,False,0.1379140561300235,False,False,18.8,13.078179,0.004126245551639133,False,False,No issues detected.
C_00807,11.578,11.565,11.537,11.767,LOT_020,False,0.332,25.6,12.928075000000002,3.2188276284888375,-0.3607136305540844,False,9.675375,14.398375,False,0.2716172663348672,False,False,14.4,11.805538,0.0016704040103488532,False,False,No issues detected.
C_00808,10.865,14.737,19.186,22.127,LOT_020,True,0.705,979.8,12.928075000000002,3.2188276284888375,2.857849522162413,False,9.675375,14.398375,True,0.02276185217111404,False,True,47.7,22.140917,0.05141608905792236,True,True,"[Module A] Flagged because 168h leakage (22.13uA) falls outside the lot's normal IQR range [9.68, 14.40]uA. [Module B] The strongest driver was delta_24h (3.872), which pushed the predicted 168h value up by 9.29uA relative to baseline."
C_00809,12.079,12.072,12.799,12.627,LOT_020,False,0.353,31.6,12.928075000000002,3.2188276284888375,-0.09353560822433613,False,9.675375,14.398375,False,0.21511724492164086,False,False,15.0,12.510069,0.0030421450932820696,False,False,No issues detected.
C_00810,11.17,11.494,11.836,11.464,LOT_020,False,0.357,32.6,12.928075000000002,3.2188276284888375,-0.454847282607472,False,9.675375,14.398375,False,0.24974525211705922,False,False,16.3,11.770119,0.001917491065131295,False,False,No issues detected.
C_00811,11.155,11.714,11.59,11.394,LOT_020,False,0.341,28.1,12.928075000000002,3.2188276284888375,-0.4765943309366376,False,9.675375,14.398375,False,0.25647620647601654,False,False,16.1,11.627628,-0.0005998032887776721,False,False,No issues detected.
C_00812,11.612,11.374,11.326,11.639,LOT_020,False,0.319,22.7,12.928075000000002,3.2188276284888375,-0.4004796617845585,False,9.675375,14.398375,False,0.2604520664377037,False,False,15.3,11.771358,0.002759427335527204,False,False,No issues detected.
C_00813,10.143,10.598,10.52,10.642,LOT_020,False,0.348,30.1,12.928075000000002,3.2188276284888375,-0.7102197644156731,False,9.675375,14.398375,False,0.09076118558666224,False,False,26.4,10.7073145,0.000759128411610916,False,False,No issues detected.
C_00814,11.787,12.065,12.029,12.378,LOT_020,False,0.357,32.6,12.928075000000002,3.2188276284888375,-0.17089296585236796,False,9.675375,14.398375,False,0.276936988301102,False,False,12.6,12.462492,0.0027603610356648797,False,False,No issues detected.
C_00815,10.51,14.551,19.402,22.761,LOT_020,True,0.714,1080.0,12.928075000000002,3.2188276284888375,3.054815645600855,True,9.675375,14.398375,True,-0.014272129888951657,True,True,51.2,23.013336,0.05876622348361545,True,True,"[Module A] Flagged because 168h leakage is 3.1 standard deviations from its lot's mean (22.76uA vs lot mean 12.93uA); and 168h leakage (22.76uA) falls outside the lot's normal IQR range [9.68, 14.40]uA; and the combination of readings across all four checkpoints is unusual relative to its lot (multivariate outlier). [Module B] The strongest driver was delta_24h (4.041), which pushed the predicted 168h value up by 9.80uA relative to baseline."
C_00816,11.799,11.857,11.966,12.31,LOT_020,False,0.393,46.4,12.928075000000002,3.2188276284888375,-0.1920186699435572,False,9.675375,14.398375,False,0.2822754927264946,False,False,12.5,12.25691,0.002777155028449169,False,False,No issues detected.
C_00817,11.591,11.756,12.3,12.538,LOT_020,False,0.401,50.3,12.928075000000002,3.2188276284888375,-0.12118542681427528,False,9.675375,14.398375,False,0.2637737165283034,False,False,12.8,12.044105,0.0020007262229919417,False,False,No issues detected.
C_00818,12.309,12.362,12.146,12.754,LOT_020,False,0.303,19.4,12.928075000000002,3.2188276284888375,-0.05408024911285045,False,9.675375,14.398375,False,0.21878638168056053,False,False,14.5,12.801559,0.0030524961683485235,False,False,No issues detected.
C_00819,12.115,12.631,11.656,12.194,LOT_020,False,0.333,25.8,12.928075000000002,3.2188276284888375,-0.22805663574617424,False,9.675375,14.398375,False,0.19263480789285037,False,False,17.3,12.580338,-0.00035182274712456757,False,False,No issues detected.
C_00820,10.519,10.762,10.99,10.881,LOT_020,False,0.34,27.7,12.928075000000002,3.2188276284888375,-0.635969127977522,False,9.675375,14.398375,False,0.18841894548678173,False,False,20.9,11.150999,0.0027013824250962967,False,False,No issues detected.
C_00821,11.392,14.505,18.923,21.553,LOT_020,True,0.7,935.1,12.928075000000002,3.2188276284888375,2.6795237258632563,False,9.675375,14.398375,True,-0.0031038889324246366,True,True,47.5,22.947826,0.058630738788180876,True,True,"[Module A] Flagged because 168h leakage (21.55uA) falls outside the lot's normal IQR range [9.68, 14.40]uA; and the combination of readings across all four checkpoints is unusual relative to its lot (multivariate outlier). [Module B] The strongest driver was delta_24h (3.113), which pushed the predicted 168h value up by 9.49uA relative to baseline."
C_00822,10.559,11.068,11.227,10.737,LOT_020,False,0.335,26.5,12.928075000000002,3.2188276284888375,-0.6807059131118055,False,9.675375,14.398375,False,0.19552173681474383,False,False,20.9,11.0661745,-1.2677033742266216e-05,False,False,No issues detected.
C_00823,10.986,11.585,11.183,11.628,LOT_020,False,0.373,38.5,12.928075000000002,3.2188276284888375,-0.40389705509342716,False,9.675375,14.398375,False,0.2491916943103214,False,False,15.9,11.232155,-0.00245031356811524,False,False,No issues detected.
C_00824,11.883,15.248,19.277,22.367,LOT_020,True,0.695,893.1,12.928075000000002,3.2188276284888375,2.9324108307195527,False,9.675375,14.398375,True,-0.022415728596781093,True,True,50.6,23.099476,0.054524137920803496,True,True,"[Module A] Flagged because 168h leakage (22.37uA) falls outside the lot's normal IQR range [9.68, 14.40]uA; and the combination of readings across all four checkpoints is unusual relative to its lot (multivariate outlier). [Module B] The strongest driver was delta_24h (3.365), which pushed the predicted 168h value up by 9.52uA relative to baseline."
C_00825,12.423,12.61,12.883,13.045,LOT_020,False,0.381,41.6,12.928075000000002,3.2188276284888375,0.036325337512680626,False,9.675375,14.398375,False,0.17602843449221312,False,False,16.5,12.937566,0.0022747625244988376,False,False,No issues detected.
C_00826,12.425,12.483,12.8,12.428,LOT_020,False,0.385,43.3,12.928075000000002,3.2188276284888375,-0.1553593599029638,False,9.675375,14.398375,False,0.194943816783282,False,False,16.5,12.915654,0.00300454293357001,False,False,No issues detected.
C_00827,10.794,11.255,11.655,11.8,LOT_020,False,0.375,39.1,12.928075000000002,3.2188276284888375,-0.35046145062747736,False,9.675375,14.398375,False,0.226306059105931,False,False,16.6,11.343658,0.0006156836615668349,False,False,No issues detected.
C_00828,12.061,11.777,12.023,11.896,LOT_020,False,0.353,31.6,12.928075000000002,3.2188276284888375,-0.3206369272046218,False,9.675375,14.398375,False,0.2604986920857721,False,False,14.6,11.972945,0.0013607306480407767,False,False,No issues detected.
C_00829,13.021,13.33,13.31,13.358,LOT_020,False,0.366,35.7,12.928075000000002,3.2188276284888375,0.13356571075594953,False,9.675375,14.398375,False,0.03358740078289102,False,False,24.4,13.55328,0.0015505546993679466,False,False,No issues detected.
C_00830,11.323,11.751,11.811,11.861,LOT_020,False,0.336,26.6,12.928075000000002,3.2188276284888375,-0.3315104513692046,False,9.675375,14.398375,False,0.27570276437374996,False,False,14.0,12.005329,0.0017661745283338798,False,False,No issues detected.
C_00831,11.856,11.935,12.013,12.252,LOT_020,False,0.378,40.3,12.928075000000002,3.2188276284888375,-0.21003765284486572,False,9.675375,14.398375,False,0.28556547981512237,False,False,12.5,12.25691,0.0022354883617824945,False,False,No issues detected.
C_00832,10.503,11.142,10.983,10.988,LOT_020,False,0.354,31.8,12.928075000000002,3.2188276284888375,-0.6027272112457979,False,9.675375,14.398375,False,0.19889185641318546,False,False,20.1,11.123071,-0.00013145335515339795,False,False,No issues detected.
C_00833,11.641,12.133,11.693,12.737,LOT_020,False,0.405,52.4,12.928075000000002,3.2188276284888375,-0.05936167513564763,False,9.675375,14.398375,False,0.23037999713893448,False,False,14.0,12.557958,0.0029510947863260967,False,False,No issues detected.
C_00834,9.5,9.566,9.917,9.82,LOT_020,False,0.346,29.5,12.928075000000002,3.2188276284888375,-0.9655922462238737,False,9.675375,14.398375,False,-0.05442902656987747,True,True,35.8,10.011661,0.0030948651101854064,False,True,[Module A] Flagged because the combination of readings across all four checkpoints is unusual relative to its lot (multivariate outlier).
C_00835,10.912,11.877,11.457,11.691,LOT_020,False,0.371,37.4,12.928075000000002,3.2188276284888375,-0.38432471159717796,False,9.675375,14.398375,False,0.23977847754951315,False,False,16.2,11.76893,-0.0007504830890231709,False,False,No issues detected.
C_00836,11.419,11.696,12.226,12.463,LOT_020,False,0.421,61.2,12.928075000000002,3.2188276284888375,-0.14448583573838153,False,9.675375,14.398375,False,0.2631452803077061,False,False,13.0,12.050874,0.00246440108617147,False,False,No issues detected.
C_00837,12.398,11.973,12.222,11.881,LOT_020,False,0.307,20.0,12.928075000000002,3.2188276284888375,-0.32529700898944314,False,9.675375,14.398375,False,0.22543305014874454,False,False,16.4,12.211501,0.0016562577883402455,False,False,No issues detected.
C_00838,10.958,11.058,11.423,11.097,LOT_020,False,0.307,20.0,12.928075000000002,3.2188276284888375,-0.5688639502760973,False,9.675375,14.398375,False,0.2260887118597686,False,False,18.4,11.46983,0.002859927495320639,False,False,No issues detected.
C_00839,10.495,10.569,10.815,11.203,LOT_020,False,0.415,57.6,12.928075000000002,3.2188276284888375,-0.5359327056633609,False,9.675375,14.398375,False,0.15794576165200974,False,False,21.6,10.968217,0.002772339555952278,False,False,No issues detected.
C_00840,12.025,12.071,12.15,12.405,LOT_020,False,0.334,26.1,12.928075000000002,3.2188276284888375,-0.16250481863969005,False,9.675375,14.398375,False,0.269750276619512,False,False,12.9,12.479453,0.0028364797698126917,False,False,No issues detected.
C_00841,10.922,11.546,11.238,12.247,LOT_021,False,0.395,47.5,11.594249999999999,2.851061608396387,0.2289498052506652,False,8.865750000000002,13.01575,False,0.1722978368457544,False,False,18.3,11.674726,0.0008939273092481868,False,False,No issues detected.
C_00842,11.408,13.794,17.307,20.58,LOT_021,True,0.64,519.2,11.594249999999999,2.851061608396387,3.151720739228129,True,8.865750000000002,13.01575,True,-0.06915438931125006,True,True,54.7,20.517635,0.04669191212124294,True,True,"[Module A] Flagged because 168h leakage is 3.2 standard deviations from its lot's mean (20.58uA vs lot mean 11.59uA); and 168h leakage (20.58uA) falls outside the lot's normal IQR range [8.87, 13.02]uA; and the combination of readings across all four checkpoints is unusual relative to its lot (multivariate outlier). [Module B] The strongest driver was delta_24h (2.386), which pushed the predicted 168h value up by 7.07uA relative to baseline."
C_00843,11.174,11.331,12.348,12.113,LOT_021,False,0.39,45.4,11.594249999999999,2.851061608396387,0.18194976863084264,False,8.865750000000002,13.01575,False,0.14528182652823152,False,False,19.3,11.748947,0.0029024107191297777,False,False,No issues detected.
C_00844,10.764,10.77,10.925,11.325,LOT_021,False,0.363,34.8,11.594249999999999,2.851061608396387,-0.0944385064170684,False,8.865750000000002,13.01575,False,0.26182112104235816,False,False,12.7,11.200867,0.0029921298556857667,False,False,No issues detected.
C_00845,9.902,9.87,9.957,10.711,LOT_021,False,0.374,38.7,11.594249999999999,2.851061608396387,-0.3097968831675976,False,8.865750000000002,13.01575,False,0.24528105329933886,False,False,15.3,10.305019,0.003020967907375765,False,False,No issues detected.
C_00846,11.146,10.893,11.023,11.71,LOT_021,False,0.334,26.3,11.594249999999999,2.851061608396387,0.040598912229436866,False,8.865750000000002,13.01575,False,0.22824713718873169,False,False,13.9,11.405995,0.0035624678399827697,False,False,No issues detected.
C_00847,11.864,11.485,11.551,11.445,LOT_021,False,0.294,17.7,11.594249999999999,2.851061608396387,-0.052348921384391255,False,8.865750000000002,13.01575,False,0.11800795988904655,False,False,19.5,11.735011,0.0017361881997850245,False,False,No issues detected.
C_00848,10.129,10.175,10.134,10.058,LOT_021,False,0.346,29.5,11.594249999999999,2.851061608396387,-0.5388343750537473,False,8.865750000000002,13.01575,False,0.22680666851890907,False,False,18.1,10.483106,0.0021396226353115454,False,False,No issues detected.
C_00849,9.943,9.863,10.157,10.528,LOT_021,False,0.306,19.9,11.594249999999999,2.851061608396387,-0.37398350034242966,False,8.865750000000002,13.01575,False,0.25303286363141547,False,False,15.5,10.266838,0.0028044310675727027,False,False,No issues detected.
C_00850,10.414,11.027,10.708,10.982,LOT_021,False,0.321,23.1,11.594249999999999,2.851061608396387,-0.21474457030213623,False,8.865750000000002,13.01575,False,0.2377525926906494,False,False,14.9,11.400449,0.002593394438425705,False,False,No issues detected.
C_00851,11.211,11.499,11.7,11.589,LOT_021,False,0.331,25.4,11.594249999999999,2.851061608396387,-0.0018414193451790565,False,8.865750000000002,13.01575,False,0.20452769645326963,False,False,14.8,11.703615,0.001420938809712724,False,False,No issues detected.
C_00852,9.899,9.904,10.258,10.228,LOT_021,False,0.381,41.5,11.594249999999999,2.851061608396387,-0.4792074629241219,False,8.865750000000002,13.01575,False,0.24418202823004576,False,False,16.8,10.397549,0.0034274213578965934,False,False,No issues detected.
C_00853,10.355,13.349,18.291,21.756,LOT_021,True,0.681,779.3,11.594249999999999,2.851061608396387,3.564198672548362,True,8.865750000000002,13.01575,True,-0.04293296686689296,True,True,56.8,21.597618,0.05728207015991211,True,True,"[Module A] Flagged because 168h leakage is 3.6 standard deviations from its lot's mean (21.76uA vs lot mean 11.59uA); and 168h leakage (21.76uA) falls outside the lot's normal IQR range [8.87, 13.02]uA; and the combination of readings across all four checkpoints is unusual relative to its lot (multivariate outlier). [Module B] The strongest driver was delta_24h (2.994), which pushed the predicted 168h value up by 8.58uA relative to baseline."
C_00854,10.52,10.563,11.296,11.277,LOT_021,False,0.361,34.1,11.594249999999999,2.851061608396387,-0.11127434043013913,False,8.865750000000002,13.01575,False,0.23840147092220648,False,False,14.0,10.99949,0.0030311790572272366,False,False,No issues detected.
C_00855,10.51,10.635,11.021,11.078,LOT_021,False,0.387,43.9,11.594249999999999,2.851061608396387,-0.18107290227599476,False,8.865750000000002,13.01575,False,0.2610088978676955,False,False,13.5,10.947083,0.0021672463417053236,False,False,No issues detected.
C_00856,10.388,10.475,10.807,11.295,LOT_021,False,0.421,61.3,11.594249999999999,2.851061608396387,-0.10496090267523737,False,8.865750000000002,13.01575,False,0.2568713967710344,False,False,13.0,10.817417,0.002377896838717993,False,False,No issues detected.
C_00857,8.867,9.014,8.734,8.552,LOT_021,False,0.227,9.2,11.594249999999999,2.851061608396387,-1.0670586672138411,False,8.865750000000002,13.01575,True,-0.019599456183474362,True,True,34.9,9.201387,0.0013013014263576978,False,True,"[Module A] Flagged because 168h leakage (8.55uA) falls outside the lot's normal IQR range [8.87, 13.02]uA; and the combination of readings across all four checkpoints is unusual relative to its lot (multivariate outlier)."
C_00858,10.768,10.49,10.519,10.353,LOT_021,False,0.31,20.7,11.594249999999999,2.851061608396387,-0.43536414518175026,False,8.865750000000002,13.01575,False,0.2228983835523508,False,False,17.5,10.816932,0.0022703591982523585,False,False,No issues detected.
C_00859,10.225,10.501,10.361,11.028,LOT_021,False,0.338,27.3,11.594249999999999,2.851061608396387,-0.19861022937294304,False,8.865750000000002,13.01575,False,0.248468181094802,False,False,14.2,10.865744,0.0025329419242011214,False,False,No issues detected.
C_00860,10.749,11.309,11.143,11.375,LOT_021,False,0.342,28.3,11.594249999999999,2.851061608396387,-0.07690117932011949,False,8.865750000000002,13.01575,False,0.22905432812706078,False,False,14.2,11.398989,0.0006249216927422468,False,False,No issues detected.
C_00861,10.539,10.36,10.49,10.644,LOT_021,False,0.282,15.7,11.594249999999999,2.851061608396387,-0.3332969014775089,False,8.865750000000002,13.01575,False,0.24585649539852866,False,False,15.5,10.759812,0.0027764746877882254,False,False,No issues detected.
C_00862,9.46,9.721,9.728,10.329,LOT_021,False,0.349,30.2,11.594249999999999,2.851061608396387,-0.4437820621882853,False,8.865750000000002,13.01575,False,0.21115489429709577,False,False,18.1,10.009963,0.002006687747107611,False,False,No issues detected.
C_00863,9.572,9.628,9.918,10.553,LOT_021,False,0.354,31.7,11.594249999999999,2.851061608396387,-0.3652148367939552,False,8.865750000000002,13.01575,False,0.22712493069357237,False,False,16.7,10.028585,0.002781843291388617,False,False,No issues detected.
C_00864,10.37,10.701,10.864,11.467,LOT_021,False,0.317,22.1,11.594249999999999,2.851061608396387,-0.044632497461733756,False,8.865750000000002,13.01575,False,0.2488788627114769,False,False,12.9,11.119247,0.0029044960869683122,False,False,No issues detected.
C_00865,9.609,9.933,10.311,10.469,LOT_021,False,0.377,40.0,11.594249999999999,2.851061608396387,-0.3946775463168295,False,8.865750000000002,13.01575,False,0.2431973683449044,False,False,16.1,10.316295,0.002661768542395699,False,False,No issues detected.
C_00866,9.456,9.894,9.999,10.052,LOT_021,False,0.406,53.0,11.594249999999999,2.851061608396387,-0.5409388543053812,False,8.865750000000002,13.01575,False,0.22242439631208494,False,False,18.4,10.225071,0.0022991038428412536,False,False,No issues detected.
C_00867,9.873,10.423,10.436,10.568,LOT_021,False,0.32,22.8,11.594249999999999,2.851061608396387,-0.35995363866487107,False,8.865750000000002,13.01575,False,0.24893609053972326,False,False,15.6,10.694167,0.001883105119069417,False,False,No issues detected.
C_00868,9.99,10.114,10.126,10.007,LOT_021,False,0.321,23.1,11.594249999999999,2.851061608396387,-0.556722448692635,False,8.865750000000002,13.01575,False,0.23331170752417552,False,False,18.0,10.557116,0.003077191352844233,False,False,No issues detected.
C_00869,10.933,10.838,11.211,11.262,LOT_021,False,0.355,32.3,11.594249999999999,2.851061608396387,-0.1165355385592233,False,8.865750000000002,13.01575,False,0.2461472051250589,False,False,13.7,11.25961,0.002927848445044629,False,False,No issues detected.
C_00870,11.396,11.647,11.906,12.372,LOT_021,False,0.388,44.4,11.594249999999999,2.851061608396387,0.2727931229930368,False,8.865750000000002,13.01575,False,0.11787839356481888,False,False,21.4,11.943506,0.002059071116977266,False,False,No issues detected.
C_00871,10.137,10.329,10.617,10.445,LOT_021,False,0.256,12.2,11.594249999999999,2.851061608396387,-0.40309546332336454,False,8.865750000000002,13.01575,False,0.24457338930323863,False,False,16.1,10.696078,0.0025491548644171777,False,False,No issues detected.
C_00872,9.572,10.109,10.083,10.604,LOT_021,False,0.446,78.2,11.594249999999999,2.851061608396387,-0.34732676315506816,False,8.865750000000002,13.01575,False,0.24021104067463356,False,False,15.9,10.462361,0.0024538981649610734,False,False,No issues detected.
C_00873,9.506,9.013,9.837,9.622,LOT_021,False,0.372,38.1,11.594249999999999,2.851061608396387,-0.6917598673391396,False,8.865750000000002,13.01575,False,0.13912762088063513,False,False,23.8,9.470197,0.0031749772495693637,False,False,No issues detected.
C_00874,9.332,9.768,9.626,9.615,LOT_021,False,0.306,20.0,11.594249999999999,2.851061608396387,-0.6942150931327123,False,8.865750000000002,13.01575,False,0.1671908795675769,False,False,22.4,9.987899,0.001527075184716114,False,False,No issues detected.
C_00875,10.654,10.857,10.752,10.739,LOT_021,False,0.339,27.5,11.594249999999999,2.851061608396387,-0.2999759799933062,False,8.865750000000002,13.01575,False,0.24601105927538375,False,False,15.2,11.1505165,0.002038309097290044,False,False,No issues detected.
C_00876,10.438,13.308,17.436,20.945,LOT_021,True,0.649,568.7,11.594249999999999,2.851061608396387,3.279743227035855,True,8.865750000000002,13.01575,True,-0.01359006730521417,True,True,53.0,21.053947,0.053791301727294925,True,True,"[Module A] Flagged because 168h leakage is 3.3 standard deviations from its lot's mean (20.95uA vs lot mean 11.59uA); and 168h leakage (20.95uA) falls outside the lot's normal IQR range [8.87, 13.02]uA; and the combination of readings across all four checkpoints is unusual relative to its lot (multivariate outlier). [Module B] The strongest driver was delta_24h (2.870), which pushed the predicted 168h value up by 8.70uA relative to baseline."
C_00877,9.052,9.311,9.504,9.623,LOT_021,False,0.337,26.9,11.594249999999999,2.851061608396387,-0.6914091207972008,False,8.865750000000002,13.01575,False,0.09966049357157003,False,False,25.8,9.826158,0.0035774831242031523,False,False,No issues detected.
C_00878,9.731,10.151,10.529,11.024,LOT_021,False,0.409,54.6,11.594249999999999,2.851061608396387,-0.2000132155406994,False,8.865750000000002,13.01575,False,0.2235109840885227,False,False,15.5,10.474104,0.0022437772750854507,False,False,No issues detected.
C_00879,11.052,10.972,11.112,11.457,LOT_021,False,0.352,31.1,11.594249999999999,2.851061608396387,-0.04813996288112341,False,8.865750000000002,13.01575,False,0.2457155171033945,False,False,13.1,11.547836,0.003998863220214847,False,False,No issues detected.
C_00880,11.234,11.223,11.87,11.743,LOT_021,False,0.353,31.6,11.594249999999999,2.851061608396387,0.0521735481134228,False,8.865750000000002,13.01575,False,0.20025756049279775,False,False,15.4,11.673025,0.0031251745223998973,False,False,No issues detected.
C_00881,11.996,12.201,12.415,12.536,LOT_022,False,0.264,13.2,14.00455,7.16116872337298,-0.20507127491730137,False,10.409875000000001,13.882875,False,0.12597708896898918,False,False,20.4,12.761613,0.0038931450843811,False,False,No issues detected.
C_00882,12.12,19.138,29.65,37.264,LOT_022,True,0.718,1119.7,14.00455,7.16116872337298,3.247996367420397,True,10.409875000000001,13.882875,True,-0.16556791079292987,True,True,60.3,37.26775,0.12590104018317327,True,True,"[Module A] Flagged because 168h leakage is 3.2 standard deviations from its lot's mean (37.26uA vs lot mean 14.00uA); and 168h leakage (37.26uA) falls outside the lot's normal IQR range [10.41, 13.88]uA; and the combination of readings across all four checkpoints is unusual relative to its lot (multivariate outlier). [Module B] The strongest driver was delta_24h (7.018), which pushed the predicted 168h value up by 18.30uA relative to baseline."
C_00883,11.16,11.056,11.793,11.946,LOT_022,False,0.41,55.0,14.00455,7.16116872337298,-0.28746006127201024,False,10.409875000000001,13.882875,False,0.18516580653459558,False,False,18.1,11.705719,0.0045119374593099015,False,False,No issues detected.
C_00884,11.596,11.966,12.333,12.82,LOT_022,False,0.387,44.2,14.00455,7.16116872337298,-0.16541294385842445,False,10.409875000000001,13.882875,False,0.14020990363769842,False,False,19.4,12.313149,0.0024107600847880096,False,False,No issues detected.
C_00885,11.485,11.53,11.811,12.41,LOT_022,False,0.397,48.6,14.00455,7.16116872337298,-0.2226661682744086,False,10.409875000000001,13.882875,False,0.1917439024055781,False,False,17.3,11.949087,0.002910327381557893,False,False,No issues detected.
C_00886,12.232,12.171,12.297,12.519,LOT_022,False,0.345,29.0,14.00455,7.16116872337298,-0.20744518910040308,False,10.409875000000001,13.882875,False,0.11220594464440314,False,False,21.1,12.880713,0.0049285657140943784,False,False,No issues detected.
C_00887,11.477,11.267,11.628,11.958,LOT_022,False,0.308,20.3,14.00455,7.16116872337298,-0.28578435714276185,False,10.409875000000001,13.882875,False,0.20781311196027358,False,False,17.0,11.893224,0.004348776128556997,False,False,No issues detected.
C_00888,11.567,11.138,11.81,12.101,LOT_022,False,0.343,28.6,14.00455,7.16116872337298,-0.26581554960255266,False,10.409875000000001,13.882875,False,0.18525600187040608,False,False,18.0,11.763412,0.004343142191569011,False,False,No issues detected.
C_00889,11.355,11.549,11.522,12.211,LOT_022,False,0.367,36.1,14.00455,7.16116872337298,-0.2504549284177765,False,10.409875000000001,13.882875,False,0.19620056954818116,False,False,17.3,11.916493,0.0025520376099480557,False,False,No issues detected.
C_00890,11.489,11.264,11.576,11.438,LOT_022,False,0.29,17.1,14.00455,7.16116872337298,-0.3583982027435222,False,10.409875000000001,13.882875,False,0.1844479706683539,False,False,18.8,11.834102,0.0039590394232008235,False,False,No issues detected.
C_00891,11.418,11.634,11.565,11.578,LOT_022,False,0.284,16.1,14.00455,7.16116872337298,-0.33884832123562536,False,10.409875000000001,13.882875,False,0.19082498181450464,False,False,18.3,11.839589,0.0014277022149827721,False,False,No issues detected.
C_00892,10.911,11.009,11.267,12.078,LOT_022,False,0.351,30.8,14.00455,7.16116872337298,-0.26902731585027884,False,10.409875000000001,13.882875,False,0.13349581170807828,False,False,20.6,11.6944275,0.004759913126627602,False,False,No issues detected.
C_00893,10.637,11.724,12.311,13.454,LOT_022,False,0.482,111.0,14.00455,7.16116872337298,-0.07687990902980499,False,10.409875000000001,13.882875,False,0.03484837014916209,False,False,23.9,11.8256035,0.0007055797576904283,False,False,No issues detected.
C_00894,11.234,11.393,11.647,12.224,LOT_022,False,0.414,57.4,14.00455,7.16116872337298,-0.2486395822777575,False,10.409875000000001,13.882875,False,0.19571315208350493,False,False,17.3,11.864862,0.003276822514004173,False,False,No issues detected.
C_00895,11.458,11.797,12.303,12.395,LOT_022,False,0.422,61.9,14.00455,7.16116872337298,-0.22476079843596908,False,10.409875000000001,13.882875,False,0.17003159881318514,False,False,18.4,12.319845,0.0036308694415622244,False,False,No issues detected.
C_00896,11.473,11.775,11.958,12.004,LOT_022,False,0.333,26.0,14.00455,7.16116872337298,-0.2793608246473101,False,10.409875000000001,13.882875,False,0.20179569232728556,False,False,17.2,12.092287,0.0022033823861016145,False,False,No issues detected.
C_00897,12.448,12.563,13.319,13.467,LOT_022,False,0.344,29.0,14.00455,7.16116872337298,-0.075064562889786,False,10.409875000000001,13.882875,False,0.0027991102881039787,False,False,25.5,13.175732,0.004255080964830182,False,False,No issues detected.
C_00898,11.202,11.505,11.627,12.011,LOT_022,False,0.375,39.0,14.00455,7.16116872337298,-0.2783833305719153,False,10.409875000000001,13.882875,False,0.20210884101790327,False,False,17.2,11.83751,0.0023090979788038413,False,False,No issues detected.
C_00899,11.515,11.71,11.909,11.927,LOT_022,False,0.325,24.0,14.00455,7.16116872337298,-0.29011325947665345,False,10.409875000000001,13.882875,False,0.20638421187269884,False,False,17.1,12.05783,0.00241548511717054,False,False,No issues detected.
C_00900,10.538,10.739,10.757,11.298,LOT_022,False,0.322,23.3,14.00455,7.16116872337298,-0.3779480842514193,False,10.409875000000001,13.882875,False,-0.0003816968574686941,True,True,28.2,11.15603,0.0028960395918952043,False,True,[Module A] Flagged because the combination of readings across all four checkpoints is unusual relative to its lot (multivariate outlier).
C_00901,11.696,11.824,12.64,12.76,LOT_022,False,0.372,37.8,14.00455,7.16116872337298,-0.1737914645046661,False,10.409875000000001,13.882875,False,0.12679743501719726,False,False,20.1,12.484369,0.004585897763570151,False,False,No issues detected.
C_00902,11.385,11.383,11.474,11.518,LOT_022,False,0.338,27.2,14.00455,7.16116872337298,-0.34722684188186675,False,10.409875000000001,13.882875,False,0.19392249837462344,False,False,18.2,11.922108,0.00374380344814725,False,False,No issues detected.
C_00903,11.21,11.194,11.567,11.576,LOT_022,False,0.347,29.6,14.00455,7.16116872337298,-0.33912760525716656,False,10.409875000000001,13.882875,False,0.19332147637814734,False,False,18.2,11.704726,0.0035467098553975365,False,False,No issues detected.
C_00904,11.182,11.702,11.574,12.014,LOT_022,False,0.299,18.7,14.00455,7.16116872337298,-0.2779644045396032,False,10.409875000000001,13.882875,False,0.19405409101853727,False,False,17.6,11.997927,0.0020550466113620335,False,False,No issues detected.
C_00905,11.219,11.053,11.744,11.512,LOT_022,False,0.365,35.5,14.00455,7.16116872337298,-0.3480646939464909,False,10.409875000000001,13.882875,False,0.18090174730575265,False,False,18.9,11.67161,0.0042959019343058215,False,False,No issues detected.
C_00906,10.438,10.952,10.853,11.44,LOT_022,False,0.367,36.1,14.00455,7.16116872337298,-0.358118918721981,False,10.409875000000001,13.882875,False,0.04442526147619297,False,False,25.8,11.373006,0.0029236518541971845,False,False,No issues detected.
C_00907,10.765,11.062,11.28,11.323,LOT_022,False,0.311,21.0,14.00455,7.16116872337298,-0.37445703398215197,False,10.409875000000001,13.882875,False,0.10818633331995525,False,False,22.7,11.446229,0.0026682568126254655,False,False,No issues detected.
C_00908,10.845,11.366,11.806,11.817,LOT_022,False,0.406,52.8,14.00455,7.16116872337298,-0.3054738806614296,False,10.409875000000001,13.882875,False,0.16034949521407443,False,False,19.5,11.671554,0.0021219000816345237,False,False,No issues detected.
C_00909,11.464,15.732,22.454,27.067,LOT_022,True,0.681,779.4,14.00455,7.16116872337298,1.8240667835916395,False,10.409875000000001,13.882875,True,-0.15660968079555437,True,True,48.0,27.026728,0.07843560886383057,True,True,"[Module A] Flagged because 168h leakage (27.07uA) falls outside the lot's normal IQR range [10.41, 13.88]uA; and the combination of readings across all four checkpoints is unusual relative to its lot (multivariate outlier). [Module B] The strongest driver was delta_24h (4.268), which pushed the predicted 168h value up by 12.16uA relative to baseline."
C_00910,11.535,11.728,12.526,12.072,LOT_022,False,0.292,17.3,14.00455,7.16116872337298,-0.269865167914903,False,10.409875000000001,13.882875,False,0.16401095810206984,False,False,19.0,12.124157,0.002751089943779841,False,False,No issues detected.
C_00911,12.403,12.236,12.05,12.714,LOT_022,False,0.312,21.1,14.00455,7.16116872337298,-0.1802149970001179,False,10.409875000000001,13.882875,False,0.0800562645667417,False,False,22.5,12.863081,0.004354729016621903,False,False,No issues detected.
C_00912,12.803,12.297,12.691,13.013,LOT_022,False,0.326,24.2,14.00455,7.16116872337298,-0.13846203577968072,False,10.409875000000001,13.882875,False,0.01931961530197579,False,False,25.2,12.959717,0.004602199978298607,False,False,No issues detected.
C_00913,11.513,11.676,11.952,11.972,LOT_022,False,0.341,28.0,14.00455,7.16116872337298,-0.28382936899197225,False,10.409875000000001,13.882875,False,0.20916664848146954,False,False,16.9,11.980479,0.0021144391695658354,False,False,No issues detected.
C_00914,11.31,10.972,11.446,11.724,LOT_022,False,0.348,30.1,14.00455,7.16116872337298,-0.31846058766310403,False,10.409875000000001,13.882875,False,0.17085177151205194,False,False,19.1,11.705198,0.005091654777526859,False,False,No issues detected.
C_00915,12.304,12.599,12.59,13.072,LOT_022,False,0.351,30.8,14.00455,7.16116872337298,-0.13022315714420993,False,10.409875000000001,13.882875,False,0.07166427724852747,False,False,22.5,12.947275,0.0024185775121053047,False,False,No issues detected.
C_00916,11.455,11.376,11.585,11.677,LOT_022,False,0.248,11.3,14.00455,7.16116872337298,-0.3250237621693267,False,10.409875000000001,13.882875,False,0.20612161254349487,False,False,17.4,11.911672,0.003719941933949792,False,False,No issues detected.
C_00917,11.024,11.666,11.207,11.853,LOT_022,False,0.309,20.4,14.00455,7.16116872337298,-0.3004467682736847,False,10.409875000000001,13.882875,False,0.14284161429338138,False,False,20.4,11.719275,0.00036996857325235745,False,False,No issues detected.
C_00918,12.106,21.17,35.966,47.822,LOT_022,True,0.759,1675.3,14.00455,7.16116872337298,4.722336717137375,True,10.409875000000001,13.882875,True,-0.21930245503288825,True,True,75.3,37.26775,0.11178992907206216,True,True,"[Module A] Flagged because 168h leakage is 4.7 standard deviations from its lot's mean (47.82uA vs lot mean 14.00uA); and 168h leakage (47.82uA) falls outside the lot's normal IQR range [10.41, 13.88]uA; and the combination of readings across all four checkpoints is unusual relative to its lot (multivariate outlier). [Module B] The strongest driver was delta_24h (9.064), which pushed the predicted 168h value up by 18.30uA relative to baseline."
C_00919,11.646,11.454,11.946,12.189,LOT_022,False,0.372,38.1,14.00455,7.16116872337298,-0.2535270526547318,False,10.409875000000001,13.882875,False,0.18309284252688063,False,False,18.0,11.947049,0.0034239523675706606,False,False,No issues detected.
C_00920,11.292,11.077,11.444,11.408,LOT_022,False,0.265,13.3,14.00455,7.16116872337298,-0.36258746306664313,False,10.409875000000001,13.882875,False,0.17645478038030427,False,False,19.2,11.662998,0.0040694319407145185,False,False,No issues detected.
C_00921,8.177,8.276,8.308,8.544,LOT_023,False,0.331,25.6,10.615075000000001,6.130744081612833,-0.3378178851424437,False,7.221750000000002,10.717749999999997,False,0.24636796573986136,False,False,15.5,8.616885,0.002367258230845135,False,False,No issues detected.
C_00922,8.474,8.699,9.02,9.082,LOT_023,False,0.377,40.1,10.615075000000001,6.130744081612833,-0.2500634473714143,False,7.221750000000002,10.717749999999997,False,0.22787447961434604,False,False,15.7,8.906867,0.001443521022796632,False,False,No issues detected.
C_00923,7.436,7.381,7.59,7.572,LOT_023,False,0.296,18.1,10.615075000000001,6.130744081612833,-0.49636307754660836,False,7.221750000000002,10.717749999999997,False,0.07992650000691792,False,False,25.1,7.6426854,0.0018172598150041352,False,False,No issues detected.
C_00924,8.074,8.417,8.413,8.739,LOT_023,False,0.378,40.2,10.615075000000001,6.130744081612833,-0.3060109792588921,False,7.221750000000002,10.717749999999997,False,0.24378956923373568,False,False,15.4,8.703526,0.0019897607167561862,False,False,No issues detected.
C_00925,8.162,10.65,13.658,15.571,LOT_023,True,0.653,592.2,10.615075000000001,6.130744081612833,0.8083725130304622,False,7.221750000000002,10.717749999999997,True,0.013496970402053443,False,True,31.1,17.805622,0.049691820144653315,True,True,"[Module A] Flagged because 168h leakage (15.57uA) falls outside the lot's normal IQR range [7.22, 10.72]uA. [Module B] The strongest driver was delta_24h (2.488), which pushed the predicted 168h value up by 6.78uA relative to baseline."
C_00926,8.327,9.155,8.93,8.877,LOT_023,False,0.412,56.1,10.615075000000001,6.130744081612833,-0.2835014766336095,False,7.221750000000002,10.717749999999997,False,0.20663981496472023,False,False,17.0,9.3126745,0.0010949619611104373,False,False,No issues detected.
C_00927,6.868,7.021,7.354,7.083,LOT_023,False,0.36,33.6,10.615075000000001,6.130744081612833,-0.5761250107622837,False,7.221750000000002,10.717749999999997,True,-0.04792378180590562,True,True,32.2,7.1475444,0.0008787804444630947,False,True,"[Module A] Flagged because 168h leakage (7.08uA) falls outside the lot's normal IQR range [7.22, 10.72]uA; and the combination of readings across all four checkpoints is unusual relative to its lot (multivariate outlier)."
C_00928,8.065,8.392,8.457,8.665,LOT_023,False,0.32,22.8,10.615075000000001,6.130744081612833,-0.3180812922608555,False,7.221750000000002,10.717749999999997,False,0.24690918763957242,False,False,15.3,8.706705,0.002185452037387428,False,False,No issues detected.
C_00929,8.437,8.527,8.826,8.595,LOT_023,False,0.292,17.4,10.615075000000001,6.130744081612833,-0.329499155911361,False,7.221750000000002,10.717749999999997,False,0.23483595370687882,False,False,16.0,8.75919,0.0016124278174506346,False,False,No issues detected.
C_00930,8.717,9.46,9.504,9.512,LOT_023,False,0.38,41.1,10.615075000000001,6.130744081612833,-0.17992514208973656,False,7.221750000000002,10.717749999999997,False,0.13140294265198377,False,False,19.9,9.602283,0.0009880730840894853,False,False,No issues detected.
C_00931,7.778,10.329,14.1,16.629,LOT_023,True,0.685,810.9,10.615075000000001,6.130744081612833,0.9809453664909626,False,7.221750000000002,10.717749999999997,True,0.024852129515330335,False,True,31.9,16.544352,0.04316216373443603,True,True,"[Module A] Flagged because 168h leakage (16.63uA) falls outside the lot's normal IQR range [7.22, 10.72]uA. [Module B] The strongest driver was delta_24h (2.551), which pushed the predicted 168h value up by 6.25uA relative to baseline."
C_00932,8.761,9.208,8.961,9.306,LOT_023,False,0.35,30.7,10.615075000000001,6.130744081612833,-0.21352628368979634,False,7.221750000000002,10.717749999999997,False,0.1918555034049979,False,False,17.2,9.370699,0.0011298536724514419,False,False,No issues detected.
C_00933,9.119,9.287,9.336,9.661,LOT_023,False,0.327,24.5,10.615075000000001,6.130744081612833,-0.15562140374794603,False,7.221750000000002,10.717749999999997,False,0.09280169261524063,False,False,21.7,9.63932,0.002446669260660802,False,False,No issues detected.
C_00934,8.591,8.588,8.867,8.894,LOT_023,False,0.368,36.4,10.615075000000001,6.130744081612833,-0.2807285668899153,False,7.221750000000002,10.717749999999997,False,0.2330708737888192,False,False,15.7,8.872857,0.0019781742625766385,False,False,No issues detected.
C_00935,8.173,7.992,8.315,8.0,LOT_023,False,0.325,23.9,10.615075000000001,6.130744081612833,-0.42655099694065934,False,7.221750000000002,10.717749999999997,False,0.21293310395317738,False,False,17.9,8.301498,0.0021492945353190104,False,False,No issues detected.
C_00936,8.337,8.908,9.196,9.337,LOT_023,False,0.345,29.2,10.615075000000001,6.130744081612833,-0.2084698012160009,False,7.221750000000002,10.717749999999997,False,0.22193577437655126,False,False,15.6,9.036203,0.0008903012805514902,False,False,No issues detected.
C_00937,8.249,8.18,8.241,8.486,LOT_023,False,0.343,28.7,10.615075000000001,6.130744081612833,-0.34727840073857696,False,7.221750000000002,10.717749999999997,False,0.2323611015625513,False,False,16.3,8.612112,0.0030007780922783767,False,False,No issues detected.
C_00938,7.957,8.527,8.193,8.594,LOT_023,False,0.359,33.4,10.615075000000001,6.130744081612833,-0.3296622682492255,False,7.221750000000002,10.717749999999997,False,0.22864968557130005,False,False,16.3,8.656356,0.0008983045683966795,False,False,No issues detected.
C_00939,7.785,11.109,15.844,19.364,LOT_023,True,0.708,1014.4,10.615075000000001,6.130744081612833,1.427057610550006,False,7.221750000000002,10.717749999999997,True,-0.0018404959639163332,True,True,37.0,18.31391,0.05003409396277533,True,True,"[Module A] Flagged because 168h leakage (19.36uA) falls outside the lot's normal IQR range [7.22, 10.72]uA; and the combination of readings across all four checkpoints is unusual relative to its lot (multivariate outlier). [Module B] The strongest driver was delta_24h (3.324), which pushed the predicted 168h value up by 8.31uA relative to baseline."
C_00940,7.927,7.867,8.175,8.148,LOT_023,False,0.362,34.4,10.615075000000001,6.130744081612833,-0.4024103709367331,False,7.221750000000002,10.717749999999997,False,0.20630902468725942,False,False,18.0,8.285872,0.002908836523691813,False,False,No issues detected.
C_00941,7.698,7.74,7.64,7.986,LOT_023,False,0.244,10.9,10.615075000000001,6.130744081612833,-0.4288345696707605,False,7.221750000000002,10.717749999999997,False,0.14850864512826295,False,False,21.1,8.027645,0.001997535493638779,False,False,No issues detected.
C_00942,8.546,8.633,8.703,9.389,LOT_023,False,0.374,38.6,10.615075000000001,6.130744081612833,-0.19998795964705388,False,7.221750000000002,10.717749999999997,False,0.21862292384313042,False,False,15.7,8.941325,0.0021411471366882383,False,False,No issues detected.
C_00943,8.392,17.941,31.819,42.363,LOT_023,True,0.809,2723.4,10.615075000000001,6.130744081612833,5.1784782690925795,True,7.221750000000002,10.717749999999997,True,-0.22311647577161264,True,True,79.3,39.013535,0.14633704545762805,True,True,"[Module A] Flagged because 168h leakage is 5.2 standard deviations from its lot's mean (42.36uA vs lot mean 10.62uA); and 168h leakage (42.36uA) falls outside the lot's normal IQR range [7.22, 10.72]uA; and the combination of readings across all four checkpoints is unusual relative to its lot (multivariate outlier). [Module B] The strongest driver was delta_24h (9.549), which pushed the predicted 168h value up by 18.81uA relative to baseline."
C_00944,8.142,8.112,8.355,8.37,LOT_023,False,0.294,17.8,10.615075000000001,6.130744081612833,-0.36619943193084376,False,7.221750000000002,10.717749999999997,False,0.24198126594672537,False,False,16.0,8.43638,0.002252641571892632,False,False,No issues detected.
C_00945,8.865,8.876,8.979,9.412,LOT_023,False,0.355,32.3,10.615075000000001,6.130744081612833,-0.1962363758761732,False,7.221750000000002,10.717749999999997,False,0.2037150155577261,False,False,16.4,9.202455,0.002267045603858104,False,False,No issues detected.
C_00946,8.447,8.659,8.835,8.819,LOT_023,False,0.367,36.0,10.615075000000001,6.130744081612833,-0.29296199222974273,False,7.221750000000002,10.717749999999997,False,0.24238225717655892,False,False,15.3,8.897216,0.0016542766888936313,False,False,No issues detected.
C_00947,8.08,8.79,8.822,9.171,LOT_023,False,0.401,50.2,10.615075000000001,6.130744081612833,-0.23554644930148586,False,7.221750000000002,10.717749999999997,False,0.2126012844531892,False,False,16.3,8.980781,0.0013248652882046229,False,False,No issues detected.
C_00948,8.515,8.378,8.695,8.771,LOT_023,False,0.346,29.4,10.615075000000001,6.130744081612833,-0.30079138444723236,False,7.221750000000002,10.717749999999997,False,0.23165145926006353,False,False,15.9,8.742568,0.0025317223336961524,False,False,No issues detected.
C_00949,7.597,11.916,18.729,24.306,LOT_023,True,0.739,1373.7,10.615075000000001,6.130744081612833,2.233158784275707,False,7.221750000000002,10.717749999999997,True,-0.08982431850976857,True,True,48.1,21.372356,0.06566914176940918,True,True,"[Module A] Flagged because 168h leakage (24.31uA) falls outside the lot's normal IQR range [7.22, 10.72]uA; and the combination of readings across all four checkpoints is unusual relative to its lot (multivariate outlier). [Module B] The strongest driver was delta_24h (4.319), which pushed the predicted 168h value up by 10.87uA relative to baseline."
C_00950,8.958,8.845,9.244,9.177,LOT_023,False,0.355,32.1,10.615075000000001,6.130744081612833,-0.23456777527429962,False,7.221750000000002,10.717749999999997,False,0.1757609588429958,False,False,18.2,9.2246,0.0026361099878946894,False,False,No issues detected.
C_00951,9.005,8.969,9.047,9.405,LOT_023,False,0.36,33.8,10.615075000000001,6.130744081612833,-0.197378162241224,False,7.221750000000002,10.717749999999997,False,0.1798109205814244,False,False,17.7,9.210978,0.0016803996827867336,False,False,No issues detected.
C_00952,7.789,7.954,8.524,8.499,LOT_023,False,0.424,63.1,10.615075000000001,6.130744081612833,-0.3451579403463402,False,7.221750000000002,10.717749999999997,False,0.20993961047295512,False,False,17.4,8.34714,0.0027301410569085032,False,False,No issues detected.
C_00953,8.006,8.443,8.604,8.636,LOT_023,False,0.403,51.4,10.615075000000001,6.130744081612833,-0.32281155005892215,False,7.221750000000002,10.717749999999997,False,0.24487895915806546,False,False,15.4,8.664504,0.0015382225778367811,False,False,No issues detected.
C_00954,8.607,8.339,8.705,8.767,LOT_023,False,0.317,22.1,10.615075000000001,6.130744081612833,-0.30144383379869005,False,7.221750000000002,10.717749999999997,False,0.22065221261308193,False,False,16.5,8.7425995,0.0028027742173936604,False,False,No issues detected.
C_00955,7.604,7.535,7.932,7.853,LOT_023,False,0.335,26.4,10.615075000000001,6.130744081612833,-0.45052851060672133,False,7.221750000000002,10.717749999999997,False,0.13460017477158792,False,False,22.0,7.8687396,0.002317636145485771,False,False,No issues detected.
C_00956,8.283,8.456,8.803,9.031,LOT_023,False,0.336,26.7,10.615075000000001,6.130744081612833,-0.258382176602497,False,7.221750000000002,10.717749999999997,False,0.24055049918223032,False,False,15.1,8.720132,0.001834249125586619,False,False,No issues detected.
C_00957,8.535,8.915,9.356,9.473,LOT_023,False,0.344,29.0,10.615075000000001,6.130744081612833,-0.18628652326644682,False,7.221750000000002,10.717749999999997,False,0.20880441984601023,False,False,16.1,9.072534,0.0010939833852979931,False,False,No issues detected.
C_00958,8.118,8.212,8.141,8.485,LOT_023,False,0.306,19.9,10.615075000000001,6.130744081612833,-0.3474415130764415,False,7.221750000000002,10.717749999999997,False,0.22899299852117155,False,False,16.4,8.616885,0.0028117026752895796,False,False,No issues detected.
C_00959,7.93,7.92,8.298,8.581,LOT_023,False,0.328,24.8,10.615075000000001,6.130744081612833,-0.3317827286414623,False,7.221750000000002,10.717749999999997,False,0.22656957848167625,False,False,16.4,8.323809,0.0028042268753051764,False,False,No issues detected.
C_00960,9.015,8.932,9.355,9.45,LOT_023,False,0.391,45.9,10.615075000000001,6.130744081612833,-0.1900381070373275,False,7.221750000000002,10.717749999999997,False,0.17218642801869283,False,False,18.0,9.231404,0.002079196559058293,False,False,No issues detected.
C_00961,9.674,13.139,19.266,23.737,LOT_024,True,0.696,899.9,11.025400000000001,3.5850979373669585,3.5456771954564545,True,8.597249999999997,11.649250000000004,True,-0.1378346036965894,True,True,61.4,23.289848,0.070492002275255,True,True,"[Module A] Flagged because 168h leakage is 3.5 standard deviations from its lot's mean (23.74uA vs lot mean 11.03uA); and 168h leakage (23.74uA) falls outside the lot's normal IQR range [8.60, 11.65]uA; and the combination of readings across all four checkpoints is unusual relative to its lot (multivariate outlier). [Module B] The strongest driver was delta_24h (3.465), which pushed the predicted 168h value up by 9.54uA relative to baseline."
C_00962,8.861,9.325,9.537,9.711,LOT_024,False,0.36,33.7,11.025400000000001,3.5850979373669585,-0.36662875686050284,False,8.597249999999997,11.649250000000004,False,0.16122429449354136,False,False,20.0,9.665686,0.0023658725950453066,False,False,No issues detected.
C_00963,10.086,10.263,10.004,10.581,LOT_024,False,0.33,25.2,11.025400000000001,3.5850979373669585,-0.12395756204261106,False,8.597249999999997,11.649250000000004,False,0.1237704743644562,False,False,19.8,10.6229,0.002499305619133844,False,False,No issues detected.
C_00964,9.178,9.345,9.777,10.355,LOT_024,False,0.42,60.8,11.025400000000001,3.5850979373669585,-0.1869962862136954,False,8.597249999999997,11.649250000000004,False,0.14676912624580724,False,False,19.2,9.809754,0.003227460914187957,False,False,No issues detected.
C_00965,9.355,9.409,9.326,9.198,LOT_024,False,0.321,23.1,11.025400000000001,3.5850979373669585,-0.5097210820807081,False,8.597249999999997,11.649250000000004,False,0.11808666359156839,False,False,23.3,9.759974,0.0024373161527845547,False,False,No issues detected.
C_00966,9.552,10.1,10.027,10.569,LOT_024,False,0.372,38.0,11.025400000000001,3.5850979373669585,-0.12730475093665058,False,8.597249999999997,11.649250000000004,False,0.1650066004956936,False,False,17.8,10.422846,0.0022419850031534854,False,False,No issues detected.
C_00967,8.728,8.831,9.441,9.129,LOT_024,False,0.338,27.3,11.025400000000001,3.5850979373669585,-0.5289674182214377,False,8.597249999999997,11.649250000000004,False,0.0718973805679094,False,False,25.8,9.130358,0.0020788732104831307,False,False,No issues detected.
C_00968,9.156,9.503,9.226,9.846,LOT_024,False,0.349,30.3,11.025400000000001,3.5850979373669585,-0.32897288180255413,False,8.597249999999997,11.649250000000004,False,0.1568485273183131,False,False,19.9,9.828524,0.0022605808046129005,False,False,No issues detected.
C_00969,9.143,9.337,9.698,10.069,LOT_024,False,0.384,42.8,11.025400000000001,3.5850979373669585,-0.2667709548549793,False,8.597249999999997,11.649250000000004,False,0.17619146275023445,False,False,18.4,9.80324,0.003237776544358997,False,False,No issues detected.
C_00970,9.609,9.696,9.781,9.692,LOT_024,False,0.362,34.6,11.025400000000001,3.5850979373669585,-0.3719284726093994,False,8.597249999999997,11.649250000000004,False,0.17027354146625356,False,False,19.6,9.965805,0.0018736462063259568,False,False,No issues detected.
C_00971,9.227,9.067,9.335,9.1,LOT_024,False,0.327,24.4,11.025400000000001,3.5850979373669585,-0.5370564580487007,False,8.597249999999997,11.649250000000004,False,0.10546618608212516,False,False,24.2,9.52751,0.0031979839536878784,False,False,No issues detected.
C_00972,9.437,9.902,10.032,10.106,LOT_024,False,0.399,49.5,11.025400000000001,3.5850979373669585,-0.2564504557650233,False,8.597249999999997,11.649250000000004,False,0.18767967637681765,False,False,17.8,10.198604,0.0020597474310133247,False,False,No issues detected.
C_00973,8.948,8.977,9.154,9.28,LOT_024,False,0.347,29.9,11.025400000000001,3.5850979373669585,-0.48684862463810247,False,8.597249999999997,11.649250000000004,False,0.10849423841816108,False,False,23.6,9.299493,0.0022395335833231586,False,False,No issues detected.
C_00974,10.672,10.801,10.993,10.92,LOT_024,False,0.341,28.1,11.025400000000001,3.5850979373669585,-0.029399475785984053,False,8.597249999999997,11.649250000000004,False,0.015970379714393856,False,False,24.4,11.093219,0.002029297245873344,False,False,No issues detected.
C_00975,9.177,9.336,10.12,9.958,LOT_024,False,0.397,48.4,11.025400000000001,3.5850979373669585,-0.2977324521248485,False,8.597249999999997,11.649250000000004,False,0.16780711198903192,False,False,19.1,9.819768,0.0033594996664259146,False,False,No issues detected.
C_00976,9.796,14.236,20.19,25.402,LOT_024,True,0.695,891.8,11.025400000000001,3.5850979373669585,4.01009965450449,True,8.597249999999997,11.649250000000004,True,-0.1740086595091931,True,True,67.1,25.640255,0.07919621509975856,True,True,"[Module A] Flagged because 168h leakage is 4.0 standard deviations from its lot's mean (25.40uA vs lot mean 11.03uA); and 168h leakage (25.40uA) falls outside the lot's normal IQR range [8.60, 11.65]uA; and the combination of readings across all four checkpoints is unusual relative to its lot (multivariate outlier). [Module B] The strongest driver was delta_24h (4.440), which pushed the predicted 168h value up by 11.89uA relative to baseline."
C_00977,9.542,10.037,10.042,9.832,LOT_024,False,0.369,36.8,11.025400000000001,3.5850979373669585,-0.3328779355122672,False,8.597249999999997,11.649250000000004,False,0.16917881017395253,False,False,19.3,10.2212925,0.0012798089981079046,False,False,No issues detected.
C_00978,8.928,9.245,9.322,9.752,LOT_024,False,0.369,36.8,11.025400000000001,3.5850979373669585,-0.35519252813919977,False,8.597249999999997,11.649250000000004,False,0.16208639057105817,False,False,19.9,9.531497,0.0019895625114440974,False,False,No issues detected.
C_00979,9.731,9.591,10.324,10.531,LOT_024,False,0.377,39.8,11.025400000000001,3.5850979373669585,-0.13790418243444363,False,8.597249999999997,11.649250000000004,False,0.17037458745983153,False,False,17.6,10.035586,0.0030874052577548605,False,False,No issues detected.
C_00980,9.574,10.297,10.453,10.621,LOT_024,False,0.398,48.8,11.025400000000001,3.5850979373669585,-0.1128002657291445,False,8.597249999999997,11.649250000000004,False,0.14078377306268802,False,False,18.9,10.7002,0.0028000005616082044,False,False,No issues detected.
C_00981,8.304,11.508,16.543,20.414,LOT_024,True,0.693,878.3,11.025400000000001,3.5850979373669585,2.6187848042152426,False,8.597249999999997,11.649250000000004,True,-0.16330307639874964,True,True,55.0,20.625624,0.06331683127085369,True,True,"[Module A] Flagged because 168h leakage (20.41uA) falls outside the lot's normal IQR range [8.60, 11.65]uA; and the combination of readings across all four checkpoints is unusual relative to its lot (multivariate outlier). [Module B] The strongest driver was delta_24h (3.204), which pushed the predicted 168h value up by 9.23uA relative to baseline."
C_00982,10.271,9.682,10.199,10.327,LOT_024,False,0.375,39.2,11.025400000000001,3.5850979373669585,-0.19480639363312194,False,8.597249999999997,11.649250000000004,False,0.12506574775151957,False,False,20.4,10.277616,0.004136219077640107,False,False,No issues detected.
C_00983,9.314,9.449,9.65,9.928,LOT_024,False,0.341,27.9,11.025400000000001,3.5850979373669585,-0.30610042435994805,False,8.597249999999997,11.649250000000004,False,0.18006618554000975,False,False,18.5,9.852198,0.0027999836603800465,False,False,No issues detected.
C_00984,9.655,9.593,9.989,9.891,LOT_024,False,0.343,28.7,11.025400000000001,3.5850979373669585,-0.3164209234499046,False,8.597249999999997,11.649250000000004,False,0.18645426918363206,False,False,18.3,10.000536,0.002830110867818197,False,False,No issues detected.
C_00985,9.12,9.428,9.403,9.86,LOT_024,False,0.35,30.5,11.025400000000001,3.5850979373669585,-0.3250678280928411,False,8.597249999999997,11.649250000000004,False,0.17619765730564985,False,False,18.9,9.791506,0.002524345927768278,False,False,No issues detected.
C_00986,9.772,9.84,10.225,10.233,LOT_024,False,0.352,31.4,11.025400000000001,3.5850979373669585,-0.22102603996976758,False,8.597249999999997,11.649250000000004,False,0.191766257242504,False,False,17.3,10.192438,0.00244748698340522,False,False,No issues detected.
C_00987,9.795,9.897,10.57,10.274,LOT_024,False,0.35,30.6,11.025400000000001,3.5850979373669585,-0.209589811248465,False,8.597249999999997,11.649250000000004,False,0.16689917915568725,False,False,18.4,10.312713,0.002886893537309433,False,False,No issues detected.
C_00988,9.866,10.277,10.544,10.393,LOT_024,False,0.341,28.1,11.025400000000001,3.5850979373669585,-0.17639685471590233,False,8.597249999999997,11.649250000000004,False,0.14903066558496447,False,False,19.0,10.547116,0.001875807497236469,False,False,No issues detected.
C_00989,9.716,9.595,10.472,10.496,LOT_024,False,0.373,38.3,11.025400000000001,3.5850979373669585,-0.1476668167087267,False,8.597249999999997,11.649250000000004,False,0.16996694587474653,False,False,17.7,10.18645,0.004107291698455806,False,False,No issues detected.
C_00990,8.436,8.649,8.852,9.235,LOT_024,False,0.306,19.9,11.025400000000001,3.5850979373669585,-0.4994005829907521,False,8.597249999999997,11.649250000000004,False,-0.0021777790519628137,True,True,29.3,8.970963,0.0022358508639865513,False,True,[Module A] Flagged because the combination of readings across all four checkpoints is unusual relative to its lot (multivariate outlier).
C_00991,10.082,9.926,10.408,10.365,LOT_024,False,0.317,22.1,11.025400000000001,3.5850979373669585,-0.1842069621353289,False,8.597249999999997,11.649250000000004,False,0.156401441447235,False,False,18.7,10.381983,0.003166547245449489,False,False,No issues detected.
C_00992,10.697,10.468,11.031,10.786,LOT_024,False,0.328,24.8,11.025400000000001,3.5850979373669585,-0.06677641843609625,False,8.597249999999997,11.649250000000004,False,0.022228816812539853,False,False,24.4,10.811277,0.002383870760599772,False,False,No issues detected.
C_00993,9.696,9.994,10.322,10.434,LOT_024,False,0.374,38.6,11.025400000000001,3.5850979373669585,-0.16496062599459976,False,8.597249999999997,11.649250000000004,False,0.18547250183803893,False,False,17.1,10.318875,0.002256078561147056,False,False,No issues detected.
C_00994,8.619,9.056,8.814,9.523,LOT_024,False,0.374,38.7,11.025400000000001,3.5850979373669585,-0.4190680495337946,False,8.597249999999997,11.649250000000004,False,0.055052943532357346,False,False,25.7,9.140164,0.000584474828508171,False,False,No issues detected.
C_00995,9.671,9.867,10.1,10.058,LOT_024,False,0.334,26.2,11.025400000000001,3.5850979373669585,-0.2698392113411828,False,8.597249999999997,11.649250000000004,False,0.1994284700151624,False,False,17.3,10.154276,0.0019949714872572097,False,False,No issues detected.
C_00996,8.883,8.723,9.25,9.693,LOT_024,False,0.432,68.3,11.025400000000001,3.5850979373669585,-0.3716495402015629,False,8.597249999999997,11.649250000000004,False,0.10671827741581924,False,False,22.8,9.1296425,0.0028239061567518395,False,False,No issues detected.
C_00997,10.37,10.715,11.149,10.978,LOT_024,False,0.353,31.5,11.025400000000001,3.5850979373669585,-0.013221396131457968,False,8.597249999999997,11.649250000000004,False,0.02523697554690807,False,False,23.8,11.130689,0.0028867268562316906,False,False,No issues detected.
C_00998,8.971,9.377,9.611,9.661,LOT_024,False,0.381,41.3,11.025400000000001,3.5850979373669585,-0.3805753772523359,False,8.597249999999997,11.649250000000004,False,0.16527554058399097,False,False,19.9,9.667055,0.002014271736145015,False,False,No issues detected.
C_00999,9.583,9.664,9.975,9.989,LOT_024,False,0.347,29.8,11.025400000000001,3.5850979373669585,-0.28908554748191195,False,8.597249999999997,11.649250000000004,False,0.19803124989203102,False,False,17.5,9.978299,0.002182632923126223,False,False,No issues detected.
C_01000,9.599,10.174,9.652,10.089,LOT_024,False,0.294,17.6,11.025400000000001,3.5850979373669585,-0.2611923066982463,False,8.597249999999997,11.649250000000004,False,0.15511463241018858,False,False,19.4,10.385063,0.0014657164679633282,False,False,No issues detected.
