component_id,Value_0h,Value_24h,Value_96h,Value_168h,lot_id,is_defective,activation_energy_ev,acceleration_factor,lot_mean_168h,lot_std_168h,zscore_168h,flag_zscore,iqr_lower,iqr_upper,flag_iqr,if_score,flag_isoforest,flag_module_a,anomaly_score
C_00001,10.979,10.946,11.104,10.989,LOT_000,False,0.272,14.3,11.951775000000001,3.819698454251364,-0.25205523722125817,False,9.380500000000001,12.610499999999998,False,0.20234933793861587,False,False,17.0
C_00002,10.951,10.801,11.263,11.118,LOT_000,False,0.353,31.4,11.951775000000001,3.819698454251364,-0.21828293777274507,False,9.380500000000001,12.610499999999998,False,0.1967890705061412,False,False,17.0
C_00003,10.587,10.411,10.509,10.637,LOT_000,False,0.343,28.5,11.951775000000001,3.819698454251364,-0.34420910858464304,False,9.380500000000001,12.610499999999998,False,0.20976462060985834,False,False,17.4
C_00004,11.047,10.657,10.847,10.939,LOT_000,False,0.367,36.0,11.951775000000001,3.819698454251364,-0.26514527576719366,False,9.380500000000001,12.610499999999998,False,0.1950013187431029,False,False,17.5
C_00005,10.885,11.334,11.529,11.611,LOT_000,False,0.345,29.3,11.951775000000001,3.819698454251364,-0.08921515770982251,False,9.380500000000001,12.610499999999998,False,0.14073270764722967,False,False,18.7
C_00006,10.693,10.679,10.949,10.948,LOT_000,False,0.355,32.0,11.951775000000001,3.819698454251364,-0.2627890688289252,False,9.380500000000001,12.610499999999998,False,0.2209123054143941,False,False,16.1
C_00007,10.657,10.696,10.88,11.338,LOT_000,False,0.292,17.3,11.951775000000001,3.819698454251364,-0.16068676817062988,False,9.380500000000001,12.610499999999998,False,0.2027440315616763,False,False,16.2
C_00008,11.004,11.166,11.292,11.382,LOT_000,False,0.283,15.9,11.951775000000001,3.819698454251364,-0.14916753425020665,False,9.380500000000001,12.610499999999998,False,0.17866184384216927,False,False,17.3
C_00009,9.821,14.571,21.323,26.511,LOT_000,True,0.73,1257.4,11.951775000000001,3.819698454251364,3.8116163289789093,True,9.380500000000001,12.610499999999998,True,-0.14436683929195326,True,True,64.0
C_00010,10.93,10.84,11.165,11.04,LOT_000,False,0.333,25.9,11.951775000000001,3.819698454251364,-0.23870339790440454,False,9.380500000000001,12.610499999999998,False,0.20427307800175404,False,False,16.8
C_00011,10.033,12.506,15.976,18.435,LOT_000,True,0.658,622.7,11.951775000000001,3.819698454251364,1.6973133030394325,False,9.380500000000001,12.610499999999998,True,-0.09126396771064071,True,True,43.7
C_00012,9.957,10.11,10.284,10.459,LOT_000,False,0.333,25.9,11.951775000000001,3.819698454251364,-0.39080964580817307,False,9.380500000000001,12.610499999999998,False,0.17969839259666676,False,False,19.3
C_00013,9.733,10.055,9.88,10.134,LOT_000,False,0.335,26.4,11.951775000000001,3.819698454251364,-0.47589489635675264,False,9.380500000000001,12.610499999999998,False,0.1469730732283726,False,False,21.6
C_00014,10.243,10.357,10.407,10.394,LOT_000,False,0.384,42.5,11.951775000000001,3.819698454251364,-0.4078266959178889,False,9.380500000000001,12.610499999999998,False,0.1954512276573579,False,False,18.6
C_00015,10.358,10.119,10.148,10.525,LOT_000,False,0.359,33.5,11.951775000000001,3.819698454251364,-0.37353079492753827,False,9.380500000000001,12.610499999999998,False,0.17275464137671998,False,False,19.5
C_00016,11.539,15.875,23.005,28.06,LOT_000,True,0.729,1247.6,11.951775000000001,3.819698454251364,4.217145723131986,True,9.380500000000001,12.610499999999998,True,-0.1791705785430998,True,True,69.1
C_00017,9.23,9.444,9.879,10.112,LOT_000,False,0.375,39.3,11.951775000000001,3.819698454251364,-0.48165451331696424,False,9.380500000000001,12.610499999999998,False,0.0861159446282398,False,False,24.7
C_00018,11.659,12.412,12.389,12.661,LOT_000,False,0.367,36.0,11.951775000000001,3.819698454251364,0.1856756517548194,False,9.380500000000001,12.610499999999998,True,0.02999872655014324,False,True,25.0
C_00019,10.245,10.261,10.407,10.855,LOT_000,False,0.393,46.5,11.951775000000001,3.819698454251364,-0.28713654052436494,False,9.380500000000001,12.610499999999998,False,0.20586357037934666,False,False,17.1
C_00020,10.747,10.693,10.914,11.228,LOT_000,False,0.421,61.1,11.951775000000001,3.819698454251364,-0.1894848529716875,False,9.380500000000001,12.610499999999998,False,0.21556720979362115,False,False,15.8
C_00021,11.478,12.012,12.033,12.015,LOT_000,False,0.317,22.2,11.951775000000001,3.819698454251364,0.01655235374133503,False,9.380500000000001,12.610499999999998,False,0.07553899852072388,False,False,21.4
C_00022,9.714,9.829,10.296,10.706,LOT_000,False,0.368,36.5,11.951775000000001,3.819698454251364,-0.32614485539125254,False,9.380500000000001,12.610499999999998,False,0.1444222380642124,False,False,20.5
C_00023,10.337,10.336,10.831,10.826,LOT_000,False,0.361,34.2,11.951775000000001,3.819698454251364,-0.2947287628810074,False,9.380500000000001,12.610499999999998,False,0.20950254454848194,False,False,17.0
C_00024,10.826,10.912,10.615,10.647,LOT_000,False,0.301,19.0,11.951775000000001,3.819698454251364,-0.341591100875456,False,9.380500000000001,12.610499999999998,False,0.18262545769539335,False,False,18.7
C_00025,9.601,9.76,9.848,10.032,LOT_000,False,0.314,21.6,11.951775000000001,3.819698454251364,-0.5025985749904608,False,9.380500000000001,12.610499999999998,False,0.13291479202476708,False,False,22.5
C_00026,10.412,10.39,10.517,10.737,LOT_000,False,0.376,39.4,11.951775000000001,3.819698454251364,-0.31802903149277245,False,9.380500000000001,12.610499999999998,False,0.21840904022823637,False,False,16.7
C_00027,10.829,10.934,11.324,11.295,LOT_000,False,0.297,18.2,11.951775000000001,3.819698454251364,-0.17194420132013408,False,9.380500000000001,12.610499999999998,False,0.19404335630991898,False,False,16.7
C_00028,10.319,10.388,10.246,10.573,LOT_000,False,0.322,23.3,11.951775000000001,3.819698454251364,-0.3609643579234403,False,9.380500000000001,12.610499999999998,False,0.20253937943730033,False,False,17.9
C_00029,11.863,11.896,12.55,13.092,LOT_000,False,0.425,63.8,11.951775000000001,3.819698454251364,0.2985117840207823,False,9.380500000000001,12.610499999999998,True,-0.0018130762037799064,True,True,27.6
C_00030,9.88,9.786,10.012,10.03,LOT_000,False,0.324,23.7,11.951775000000001,3.819698454251364,-0.5031221765322984,False,9.380500000000001,12.610499999999998,False,0.13865184918276563,False,False,22.3
C_00031,9.034,9.127,9.753,10.011,LOT_000,False,0.291,17.3,11.951775000000001,3.819698454251364,-0.5080963911797538,False,9.380500000000001,12.610499999999998,False,0.03210770314743239,False,False,27.6
C_00032,9.937,10.23,10.641,10.721,LOT_000,False,0.364,35.0,11.951775000000001,3.819698454251364,-0.32221784382747176,False,9.380500000000001,12.610499999999998,False,0.1818981045276118,False,False,18.6
C_00033,10.228,10.393,10.321,10.598,LOT_000,False,0.295,17.9,11.951775000000001,3.819698454251364,-0.35441933865047254,False,9.380500000000001,12.610499999999998,False,0.20601796382892618,False,False,17.7
C_00034,10.462,10.451,10.867,10.925,LOT_000,False,0.364,35.1,11.951775000000001,3.819698454251364,-0.2688104865600554,False,9.380500000000001,12.610499999999998,False,0.2147090486091559,False,False,16.5
C_00035,11.092,11.754,11.741,11.936,LOT_000,False,0.365,35.6,11.951775000000001,3.819698454251364,-0.004129907161242974,False,9.380500000000001,12.610499999999998,False,0.10934303265705941,False,False,19.6
C_00036,10.839,11.167,11.357,11.454,LOT_000,False,0.368,36.6,11.951775000000001,3.819698454251364,-0.1303178787440595,False,9.380500000000001,12.610499999999998,False,0.1824639603846233,False,False,17.0
C_00037,9.685,10.296,10.572,10.736,LOT_000,False,0.356,32.5,11.951775000000001,3.819698454251364,-0.31829083226369104,False,9.380500000000001,12.610499999999998,False,0.1677193823669732,False,False,19.3
C_00038,8.989,9.549,9.493,9.663,LOT_000,False,0.363,34.8,11.951775000000001,3.819698454251364,-0.5992030594594636,False,9.380500000000001,12.610499999999998,False,0.013295892161052425,False,False,29.3
C_00039,10.51,10.609,10.762,11.247,LOT_000,False,0.402,50.9,11.951775000000001,3.819698454251364,-0.184510638324232,False,9.380500000000001,12.610499999999998,False,0.190192616891654,False,False,17.0
C_00040,10.729,11.212,10.904,11.451,LOT_000,False,0.338,27.3,11.951775000000001,3.819698454251364,-0.13110328105681565,False,9.380500000000001,12.610499999999998,False,0.17503353520505438,False,False,17.3
C_00041,10.824,10.788,11.244,11.921,LOT_001,False,0.379,40.7,11.115675,4.332485609708743,0.18588059431642032,False,8.631124999999997,11.890125000000005,True,-0.0025297807011191997,True,True,26.7
C_00042,9.134,9.314,9.618,9.866,LOT_001,False,0.309,20.6,11.115675,4.332485609708743,-0.2884429661346321,False,8.631124999999997,11.890125000000005,False,0.1747101728406691,False,False,18.7
C_00043,8.498,8.83,8.41,8.809,LOT_001,False,0.362,34.5,11.115675,4.332485609708743,-0.532413770707266,False,8.631124999999997,11.890125000000005,False,0.030526496721610785,False,False,27.9
C_00044,8.994,8.954,9.524,9.815,LOT_001,False,0.409,54.5,11.115675,4.332485609708743,-0.30021449975166553,False,8.631124999999997,11.890125000000005,False,0.14955054866470124,False,False,20.0
C_00045,9.879,10.018,10.338,10.622,LOT_001,False,0.361,34.0,11.115675,4.332485609708743,-0.11394729134096018,False,8.631124999999997,11.890125000000005,False,0.22177067387156102,False,False,14.9
C_00046,9.538,9.964,10.439,10.542,LOT_001,False,0.409,54.6,11.115675,4.332485609708743,-0.13241244211277733,False,8.631124999999997,11.890125000000005,False,0.20251677715074212,False,False,16.0
C_00047,10.752,10.403,10.297,11.238,LOT_001,False,0.384,42.6,11.115675,4.332485609708743,0.02823436960203163,False,8.631124999999997,11.890125000000005,False,0.08215410074767304,False,False,21.1
C_00048,9.588,9.747,10.255,10.762,LOT_001,False,0.402,51.1,11.115675,4.332485609708743,-0.08163327749028007,False,8.631124999999997,11.890125000000005,False,0.20526256860677466,False,False,15.4
C_00049,9.944,9.921,10.232,10.375,LOT_001,False,0.293,17.6,11.115675,4.332485609708743,-0.17095844434894553,False,8.631124999999997,11.890125000000005,False,0.2247186972735326,False,False,15.2
C_00050,9.426,9.6,9.551,9.787,LOT_001,False,0.356,32.3,11.115675,4.332485609708743,-0.30667730252180125,False,8.631124999999997,11.890125000000005,False,0.19926504809437234,False,False,17.6
C_00051,10.198,10.346,10.722,10.28,LOT_001,False,0.334,26.2,11.115675,4.332485609708743,-0.19288581089047852,False,8.631124999999997,11.890125000000005,False,0.1877649767771436,False,False,17.2
C_00052,9.036,8.894,9.045,9.253,LOT_001,False,0.257,12.3,11.115675,4.332485609708743,-0.4299321839236807,False,8.631124999999997,11.890125000000005,False,0.10275100549995475,False,False,23.4
C_00053,9.568,9.835,10.002,10.373,LOT_001,False,0.404,52.0,11.115675,4.332485609708743,-0.17142007311824112,False,8.631124999999997,11.890125000000005,False,0.22355298637243987,False,False,15.3
C_00054,10.323,10.296,11.017,11.203,LOT_001,False,0.419,60.0,11.115675,4.332485609708743,0.020155866139361604,False,8.631124999999997,11.890125000000005,False,0.14376705692971004,False,False,18.0
C_00055,10.095,10.28,10.656,10.643,LOT_001,False,0.326,24.2,11.115675,4.332485609708743,-0.109100189263358,False,8.631124999999997,11.890125000000005,False,0.20835743156316588,False,False,15.5
C_00056,9.689,10.405,10.448,10.979,LOT_001,False,0.403,51.3,11.115675,4.332485609708743,-0.0315465560217264,False,8.631124999999997,11.890125000000005,False,0.18269190321808104,False,False,16.1
C_00057,10.097,9.851,10.09,10.435,LOT_001,False,0.364,35.1,11.115675,4.332485609708743,-0.15710958127008257,False,8.631124999999997,11.890125000000005,False,0.2137584418563513,False,False,15.6
C_00058,9.8,9.776,9.873,10.21,LOT_001,False,0.349,30.3,11.115675,4.332485609708743,-0.20904281781581815,False,8.631124999999997,11.890125000000005,False,0.22301295890379824,False,False,15.6
C_00059,9.415,16.669,27.319,35.48,LOT_001,True,0.768,1819.0,11.115675,4.332485609708743,5.623636682231917,True,8.631124999999997,11.890125000000005,True,-0.23738901725806838,True,True,83.7
C_00060,9.903,10.252,10.957,10.611,LOT_001,False,0.336,26.8,11.115675,4.332485609708743,-0.11648624957208485,False,8.631124999999997,11.890125000000005,False,0.19735682011793731,False,False,16.1
C_00061,9.791,9.832,10.317,10.251,LOT_001,False,0.373,38.4,11.115675,4.332485609708743,-0.1995794280452622,False,8.631124999999997,11.890125000000005,False,0.22820393812080664,False,False,15.3
C_00062,10.205,10.255,10.686,10.743,LOT_001,False,0.377,39.7,11.115675,4.332485609708743,-0.08601875079858667,False,8.631124999999997,11.890125000000005,False,0.20079042120955332,False,False,15.7
C_00063,8.437,9.04,9.122,8.963,LOT_001,False,0.337,26.9,11.115675,4.332485609708743,-0.49686835547151803,False,8.631124999999997,11.890125000000005,False,0.06216061479427415,False,False,26.0
C_00064,8.103,8.036,8.344,8.126,LOT_001,False,0.328,24.8,11.115675,4.332485609708743,-0.6900599954216546,False,8.631124999999997,11.890125000000005,True,-0.07854197378001271,True,True,34.7
C_00065,9.897,10.077,9.99,10.437,LOT_001,False,0.347,29.6,11.115675,4.332485609708743,-0.1566479525007874,False,8.631124999999997,11.890125000000005,False,0.22153615286814993,False,False,15.2
C_00066,9.167,9.554,9.357,9.814,LOT_001,False,0.314,21.6,11.115675,4.332485609708743,-0.30044531413631315,False,8.631124999999997,11.890125000000005,False,0.17081961121469047,False,False,19.0
C_00067,9.736,10.055,10.574,10.431,LOT_001,False,0.413,56.5,11.115675,4.332485609708743,-0.15803283880867375,False,8.631124999999997,11.890125000000005,False,0.2127579809132264,False,False,15.7
C_00068,9.307,9.329,9.788,10.214,LOT_001,False,0.396,48.0,11.115675,4.332485609708743,-0.20811956027722742,False,8.631124999999997,11.890125000000005,False,0.18258804986692562,False,False,17.6
C_00069,9.429,9.866,10.022,10.093,LOT_001,False,0.344,28.8,11.115675,4.332485609708743,-0.23604810081960093,False,8.631124999999997,11.890125000000005,False,0.22163112995797252,False,False,15.9
C_00070,9.884,10.082,10.468,10.759,LOT_001,False,0.431,67.9,11.115675,4.332485609708743,-0.08232572064422324,False,8.631124999999997,11.890125000000005,False,0.2188640758540749,False,False,14.7
C_00071,9.533,9.565,9.541,9.956,LOT_001,False,0.314,21.6,11.115675,4.332485609708743,-0.26766967151633786,False,8.631124999999997,11.890125000000005,False,0.203963207092148,False,False,17.0
C_00072,9.714,9.494,9.909,10.085,LOT_001,False,0.324,23.7,11.115675,4.332485609708743,-0.23789461589678243,False,8.631124999999997,11.890125000000005,False,0.21423617718739352,False,False,16.3
C_00073,10.129,9.907,10.144,9.682,LOT_001,False,0.292,17.3,11.115675,4.332485609708743,-0.33091281290981134,False,8.631124999999997,11.890125000000005,False,0.17612390765265462,False,False,19.0
C_00074,9.982,9.449,9.631,9.924,LOT_001,False,0.307,20.1,11.115675,4.332485609708743,-0.2750557318250647,False,8.631124999999997,11.890125000000005,False,0.18367672953709274,False,False,18.1
C_00075,8.755,8.958,9.323,9.463,LOT_001,False,0.36,33.8,11.115675,4.332485609708743,-0.381461163147661,False,8.631124999999997,11.890125000000005,False,0.11732838027627923,False,False,22.3
C_00076,9.798,10.229,9.949,10.021,LOT_001,False,0.279,15.3,11.115675,4.332485609708743,-0.25266673651423616,False,8.631124999999997,11.890125000000005,False,0.2028235217324854,False,False,17.0
C_00077,10.328,10.161,10.658,10.498,LOT_001,False,0.368,36.5,11.115675,4.332485609708743,-0.14256827503727684,False,8.631124999999997,11.890125000000005,False,0.18132584619861652,False,False,17.1
C_00078,9.343,9.262,9.765,9.504,LOT_001,False,0.299,18.5,11.115675,4.332485609708743,-0.3719977733771046,False,8.631124999999997,11.890125000000005,False,0.1694393480305944,False,False,19.6
C_00079,9.823,12.742,17.556,20.443,LOT_001,True,0.678,758.4,11.115675,4.332485609708743,2.1528807802842405,False,8.631124999999997,11.890125000000005,True,-0.13713195227693076,True,True,49.8
C_00080,10.301,11.011,11.575,12.016,LOT_001,False,0.452,83.0,11.115675,4.332485609708743,0.2078079608579533,False,8.631124999999997,11.890125000000005,True,0.01855172514154102,False,True,25.8
C_00081,7.914,7.94,8.097,8.303,LOT_002,False,0.378,40.2,9.384625,1.9538638863898534,-0.5535825742695482,False,7.610125000000003,10.393124999999998,False,0.11407623422255819,False,False,23.9
C_00082,7.941,8.336,8.057,8.382,LOT_002,False,0.281,15.6,9.384625,1.9538638863898534,-0.5131498703589564,False,7.610125000000003,10.393124999999998,False,0.1190609438588427,False,False,23.3
C_00083,9.001,9.28,9.116,8.947,LOT_002,False,0.363,34.7,9.384625,1.9538638863898534,-0.22397926644142985,False,7.610125000000003,10.393124999999998,False,0.19902726347973732,False,False,16.9
C_00084,7.915,8.002,8.431,8.326,LOT_002,False,0.336,26.8,9.384625,1.9538638863898534,-0.5418110275614012,False,7.610125000000003,10.393124999999998,False,0.12410533727551504,False,False,23.3
C_00085,8.833,9.313,9.333,9.775,LOT_002,False,0.361,34.1,9.384625,1.9538638863898534,0.19979641505186677,False,7.610125000000003,10.393124999999998,False,0.1745063100919486,False,False,17.9
C_00086,8.976,9.164,8.94,9.018,LOT_002,False,0.343,28.7,9.384625,1.9538638863898534,-0.18764101355975757,False,7.610125000000003,10.393124999999998,False,0.2101514845016626,False,False,16.1
C_00087,8.998,9.288,9.373,9.718,LOT_002,False,0.41,55.0,9.384625,1.9538638863898534,0.17062345147080632,False,7.610125000000003,10.393124999999998,False,0.19458938167277873,False,False,16.7
C_00088,8.075,8.137,8.318,8.578,LOT_002,False,0.319,22.5,9.384625,1.9538638863898534,-0.4128358201503986,False,7.610125000000003,10.393124999999998,False,0.16247794569221824,False,False,20.3
C_00089,7.969,10.046,12.752,14.318,LOT_002,True,0.698,919.4,9.384625,1.9538638863898534,2.5249327931002283,False,7.610125000000003,10.393124999999998,True,-0.10796170556106088,True,True,51.4
C_00090,8.655,8.734,8.695,8.728,LOT_002,False,0.378,40.3,9.384625,1.9538638863898534,-0.3360648633581346,False,7.610125000000003,10.393124999999998,False,0.21207166601176608,False,False,17.2
C_00091,8.673,8.145,8.338,8.476,LOT_002,False,0.309,20.5,9.384625,1.9538638863898534,-0.4650400707691372,False,7.610125000000003,10.393124999999998,False,0.1651140963846895,False,False,20.6
C_00092,8.614,8.99,9.041,9.21,LOT_002,False,0.381,41.3,9.384625,1.9538638863898534,-0.08937418886565986,False,7.610125000000003,10.393124999999998,False,0.19557758581539875,False,False,16.0
C_00093,8.951,8.605,8.592,9.231,LOT_002,False,0.356,32.6,9.384625,1.9538638863898534,-0.07862625491474343,False,7.610125000000003,10.393124999999998,False,0.19436894504863506,False,False,15.9
C_00094,8.285,8.459,8.289,8.172,LOT_002,False,0.276,14.8,9.384625,1.9538638863898534,-0.6206292098681252,False,7.610125000000003,10.393124999999998,False,0.1450828649730148,False,False,22.9
C_00095,9.025,9.05,9.022,8.724,LOT_002,False,0.338,27.2,9.384625,1.9538638863898534,-0.3381120888725948,False,7.610125000000003,10.393124999999998,False,0.190967854064863,False,False,18.3
C_00096,9.111,9.223,9.316,9.34,LOT_002,False,0.368,36.4,9.384625,1.9538638863898534,-0.02283935964569843,False,7.610125000000003,10.393124999999998,False,0.18741842672811043,False,False,15.8
C_00097,9.0,9.076,9.093,8.957,LOT_002,False,0.328,24.6,9.384625,1.9538638863898534,-0.21886120265527814,False,7.610125000000003,10.393124999999998,False,0.2154422806356996,False,False,16.1
C_00098,8.739,8.771,8.643,8.934,LOT_002,False,0.358,33.1,9.384625,1.9538638863898534,-0.23063274936342598,False,7.610125000000003,10.393124999999998,False,0.22370392919065024,False,False,15.7
C_00099,9.646,13.033,17.079,19.718,LOT_002,True,0.731,1273.1,9.384625,1.9538638863898534,5.288687237621724,True,7.610125000000003,10.393124999999998,True,-0.21534832226781464,True,True,79.8
C_00100,8.341,8.026,8.355,8.577,LOT_002,False,0.3,18.8,9.384625,1.9538638863898534,-0.4133476265290134,False,7.610125000000003,10.393124999999998,False,0.15830963059404696,False,False,20.5
C_00101,8.998,9.349,9.461,9.701,LOT_002,False,0.352,31.1,9.384625,1.9538638863898534,0.16192274303435003,False,7.610125000000003,10.393124999999998,False,0.17471726811024274,False,False,17.6
C_00102,8.633,8.609,8.602,8.784,LOT_002,False,0.3,18.8,9.384625,1.9538638863898534,-0.307403706155689,False,7.610125000000003,10.393124999999998,False,0.21880421642096243,False,False,16.6
C_00103,8.378,8.469,8.335,8.515,LOT_002,False,0.362,34.6,9.384625,1.9538638863898534,-0.44507962200314877,False,7.610125000000003,10.393124999999998,False,0.1837193994325389,False,False,19.5
C_00104,8.065,8.099,8.116,8.359,LOT_002,False,0.265,13.4,9.384625,1.9538638863898534,-0.5249214170671034,False,7.610125000000003,10.393124999999998,False,0.15077879732454025,False,False,21.8
C_00105,8.802,8.876,9.017,9.233,LOT_002,False,0.412,56.4,9.384625,1.9538638863898534,-0.0776026421575129,False,7.610125000000003,10.393124999999998,False,0.2120237729827294,False,False,15.0
C_00106,9.626,10.042,9.789,9.903,LOT_002,False,0.337,26.8,9.384625,1.9538638863898534,0.2653076315145986,False,7.610125000000003,10.393124999999998,False,0.026190328433505883,False,False,25.9
C_00107,10.516,10.373,10.503,10.899,LOT_002,False,0.384,42.7,9.384625,1.9538638863898534,0.7750667846152293,False,7.610125000000003,10.393124999999998,True,-0.08585873072359762,True,True,35.8
C_00108,8.884,8.544,9.094,8.867,LOT_002,False,0.351,30.8,9.384625,1.9538638863898534,-0.26492377673063633,False,7.610125000000003,10.393124999999998,False,0.19520846793604424,False,False,17.4
C_00109,8.777,8.481,8.737,8.771,LOT_002,False,0.353,31.6,9.384625,1.9538638863898534,-0.31405718907768515,False,7.610125000000003,10.393124999999998,False,0.21586766304223493,False,False,16.8
C_00110,8.82,8.536,8.596,8.988,LOT_002,False,0.31,20.6,9.384625,1.9538638863898534,-0.2029952049182109,False,7.610125000000003,10.393124999999998,False,0.21843627616789646,False,False,15.8
C_00111,8.773,8.504,8.596,8.679,LOT_002,False,0.349,30.3,9.384625,1.9538638863898534,-0.3611433759102739,False,7.610125000000003,10.393124999999998,False,0.20949067506035984,False,False,17.5
C_00112,8.994,9.223,9.354,9.437,LOT_002,False,0.333,25.9,9.384625,1.9538638863898534,0.026805859079965237,False,7.610125000000003,10.393124999999998,False,0.20337770077608835,False,False,15.1
C_00113,8.355,8.704,8.506,8.933,LOT_002,False,0.392,46.2,9.384625,1.9538638863898534,-0.2311445557420408,False,7.610125000000003,10.393124999999998,False,0.18418692691490118,False,False,17.7
C_00114,8.941,8.71,8.722,9.086,LOT_002,False,0.414,57.0,9.384625,1.9538638863898534,-0.15283817981393152,False,7.610125000000003,10.393124999999998,False,0.2193990293599547,False,False,15.3
C_00115,8.17,8.525,8.659,8.778,LOT_002,False,0.366,35.8,9.384625,1.9538638863898534,-0.3104745444273797,False,7.610125000000003,10.393124999999998,False,0.16946079450077006,False,False,19.1
C_00116,9.21,9.434,9.351,9.459,LOT_002,False,0.275,14.7,9.384625,1.9538638863898534,0.03806559940949738,False,7.610125000000003,10.393124999999998,False,0.14819079393408296,False,False,17.9
C_00117,8.589,8.669,8.855,9.054,LOT_002,False,0.367,36.0,9.384625,1.9538638863898534,-0.16921598392961446,False,7.610125000000003,10.393124999999998,False,0.20438727362628673,False,False,16.2
C_00118,8.809,9.088,9.191,9.155,LOT_002,False,0.374,38.6,9.384625,1.9538638863898534,-0.11752353968949066,False,7.610125000000003,10.393124999999998,False,0.20391803778618162,False,False,15.8
C_00119,8.856,9.109,8.681,9.378,LOT_002,False,0.398,49.0,9.384625,1.9538638863898534,-0.0033907172583248087,False,7.610125000000003,10.393124999999998,False,0.1899784318645968,False,False,15.5
C_00120,7.587,7.751,8.186,7.974,LOT_002,False,0.368,36.5,9.384625,1.9538638863898534,-0.7219668728339136,False,7.610125000000003,10.393124999999998,False,-0.0035714084227508325,True,True,31.2
C_00121,13.892,14.118,14.084,14.652,LOT_003,False,0.355,32.2,13.817699999999999,2.6650387037166445,0.3130536148823999,False,11.120750000000003,15.598749999999997,False,0.04206869689629944,False,False,25.5
C_00122,13.367,13.634,14.033,13.827,LOT_003,False,0.351,31.0,13.817699999999999,2.6650387037166445,0.003489630370857918,False,11.120750000000003,15.598749999999997,False,0.1295054202707525,False,False,18.6
C_00123,13.653,13.825,13.558,14.245,LOT_003,False,0.334,26.1,13.817699999999999,2.6650387037166445,0.16033538252337237,False,11.120750000000003,15.598749999999997,False,0.09632144343507354,False,False,21.5
C_00124,13.063,13.131,13.466,14.113,LOT_003,False,0.375,39.2,13.817699999999999,2.6650387037166445,0.11080514500152575,False,11.120750000000003,15.598749999999997,False,0.14777330287913448,False,False,18.5
C_00125,14.157,14.6,14.954,15.37,LOT_003,False,0.403,51.2,13.817699999999999,2.6650387037166445,0.5824680886754755,False,11.120750000000003,15.598749999999997,False,-0.10071326853787244,True,True,34.9
C_00126,12.807,12.779,13.082,13.332,LOT_003,False,0.321,23.0,13.817699999999999,2.6650387037166445,-0.18224876033606716,False,11.120750000000003,15.598749999999997,False,0.1461909452675973,False,False,19.2
C_00127,13.65,13.345,13.384,13.812,LOT_003,False,0.365,35.5,13.817699999999999,2.6650387037166445,-0.0021388057111703367,False,11.120750000000003,15.598749999999997,False,0.12588535806955137,False,False,18.7
C_00128,12.889,12.968,13.209,13.423,LOT_003,False,0.339,27.5,13.817699999999999,2.6650387037166445,-0.14810291477176396,False,11.120750000000003,15.598749999999997,False,0.15691277207164323,False,False,18.4
C_00129,11.094,11.225,11.686,11.893,LOT_003,False,0.335,26.6,13.817699999999999,2.6650387037166445,-0.7222033951386239,False,11.120750000000003,15.598749999999997,False,-0.04315266689306041,True,True,33.2
C_00130,12.31,12.76,12.719,13.316,LOT_003,False,0.369,37.0,13.817699999999999,2.6650387037166445,-0.18825242549023039,False,11.120750000000003,15.598749999999997,False,0.11657499184921671,False,False,20.7
C_00131,11.989,12.03,12.412,12.803,LOT_003,False,0.389,44.8,13.817699999999999,2.6650387037166445,-0.38074493949558935,False,11.120750000000003,15.598749999999997,False,0.07989472088303701,False,False,24.2
C_00132,11.915,12.201,13.106,12.458,LOT_003,False,0.368,36.3,13.817699999999999,2.6650387037166445,-0.5101989693822345,False,11.120750000000003,15.598749999999997,False,0.06283361908049695,False,False,26.1
C_00133,12.92,12.969,13.713,13.481,LOT_003,False,0.366,36.0,13.817699999999999,2.6650387037166445,-0.12633962858792225,False,11.120750000000003,15.598749999999997,False,0.15432924714217466,False,False,18.3
C_00134,12.312,12.717,12.613,12.791,LOT_003,False,0.348,29.9,13.817699999999999,2.6650387037166445,-0.385247688361212,False,11.120750000000003,15.598749999999997,False,0.101404095020174,False,False,23.1
C_00135,12.574,12.936,13.456,12.719,LOT_003,False,0.286,16.4,13.817699999999999,2.6650387037166445,-0.41226418155494693,False,11.120750000000003,15.598749999999997,False,0.10504208273812382,False,False,23.2
C_00136,12.893,13.088,13.252,13.228,LOT_003,False,0.344,28.9,13.817699999999999,2.6650387037166445,-0.2212725838381286,False,11.120750000000003,15.598749999999997,False,0.14087127166138763,False,False,19.8
C_00137,13.191,13.568,13.684,13.678,LOT_003,False,0.339,27.5,13.817699999999999,2.6650387037166445,-0.052419501377286966,False,11.120750000000003,15.598749999999997,False,0.13850524403654085,False,False,18.5
C_00138,12.887,13.302,13.843,14.152,LOT_003,False,0.413,56.8,13.817699999999999,2.6650387037166445,0.12543907881479854,False,11.120750000000003,15.598749999999997,False,0.13339490918500868,False,False,19.4
C_00139,12.732,17.004,24.316,29.417,LOT_003,True,0.662,644.0,13.817699999999999,2.6650387037166445,5.85331086495867,True,11.120750000000003,15.598749999999997,True,-0.28095457046268657,True,True,87.8
C_00140,12.51,12.626,13.089,12.869,LOT_003,False,0.304,19.5,13.817699999999999,2.6650387037166445,-0.3559798207346664,False,11.120750000000003,15.598749999999997,False,0.12048738065035974,False,False,21.9
C_00141,11.76,12.064,12.374,12.583,LOT_003,False,0.368,36.5,13.817699999999999,2.6650387037166445,-0.4632953353653342,False,11.120750000000003,15.598749999999997,False,0.07820317788349795,False,False,25.0
C_00142,12.391,12.724,12.903,13.646,LOT_003,False,0.34,27.8,13.817699999999999,2.6650387037166445,-0.06442683168561346,False,11.120750000000003,15.598749999999997,False,0.11656105606424211,False,False,19.7
C_00143,13.648,13.882,14.693,13.853,LOT_003,False,0.352,31.4,13.817699999999999,2.6650387037166445,0.013245586246373115,False,11.120750000000003,15.598749999999997,False,0.06141809201732018,False,False,22.0
C_00144,12.394,12.345,12.955,13.162,LOT_003,False,0.351,30.8,13.817699999999999,2.6650387037166445,-0.24603770259905158,False,11.120750000000003,15.598749999999997,False,0.11640223693803053,False,False,21.2
C_00145,13.612,13.672,14.001,14.672,LOT_003,False,0.361,34.1,13.817699999999999,2.6650387037166445,0.32055819632510446,False,11.120750000000003,15.598749999999997,False,0.09468795487761028,False,False,22.9
C_00146,11.553,11.369,11.665,11.829,LOT_003,False,0.303,19.2,13.817699999999999,2.6650387037166445,-0.7462180557552769,False,11.120750000000003,15.598749999999997,False,-0.0022096524906054515,True,True,31.3
C_00147,13.74,13.681,14.438,14.386,LOT_003,False,0.334,26.1,13.817699999999999,2.6650387037166445,0.21324268169443597,False,11.120750000000003,15.598749999999997,False,0.07271811607750672,False,False,23.1
C_00148,11.557,11.687,11.481,12.13,LOT_003,False,0.32,22.7,13.817699999999999,2.6650387037166445,-0.6332741050425809,False,11.120750000000003,15.598749999999997,False,0.016204118264440348,False,False,29.5
C_00149,13.09,13.445,13.797,13.82,LOT_003,False,0.35,30.5,13.817699999999999,2.6650387037166445,0.0008630268659116211,False,11.120750000000003,15.598749999999997,False,0.15529219231429803,False,False,17.2
C_00150,13.979,14.144,13.543,13.824,LOT_003,False,0.34,27.7,13.817699999999999,2.6650387037166445,0.002363943154452267,False,11.120750000000003,15.598749999999997,False,0.04513665407202522,False,False,22.8
C_00151,11.986,11.96,11.992,12.111,LOT_003,False,0.297,18.3,13.817699999999999,2.6650387037166445,-0.6404034574131497,False,11.120750000000003,15.598749999999997,False,0.059110557327947955,False,False,27.4
C_00152,12.235,12.3,13.023,13.397,LOT_003,False,0.441,74.7,13.817699999999999,2.6650387037166445,-0.15785887064727916,False,11.120750000000003,15.598749999999997,False,0.10041784581046231,False,False,21.3
C_00153,11.364,12.034,11.851,12.268,LOT_003,False,0.278,15.1,13.817699999999999,2.6650387037166445,-0.5814924930879228,False,11.120750000000003,15.598749999999997,False,0.03716244134568514,False,False,28.0
C_00154,13.481,13.264,13.779,13.945,LOT_003,False,0.314,21.5,13.817699999999999,2.6650387037166445,0.047766660882811965,False,11.120750000000003,15.598749999999997,False,0.14426329033250496,False,False,18.2
C_00155,11.296,11.962,12.192,12.061,LOT_003,False,0.303,19.3,13.817699999999999,2.6650387037166445,-0.6591649110199101,False,11.120750000000003,15.598749999999997,False,0.02989585101933312,False,False,29.0
C_00156,13.461,13.081,14.143,13.838,LOT_003,False,0.375,39.0,13.817699999999999,2.6650387037166445,0.007617150164344859,False,11.120750000000003,15.598749999999997,False,0.11346716049973071,False,False,19.4
C_00157,12.7,12.513,13.431,13.782,LOT_003,False,0.334,26.1,13.817699999999999,2.6650387037166445,-0.01339567787522618,False,11.120750000000003,15.598749999999997,False,0.12348394300852894,False,False,18.9
C_00158,13.122,13.044,13.722,13.316,LOT_003,False,0.321,23.1,13.817699999999999,2.6650387037166445,-0.18825242549023039,False,11.120750000000003,15.598749999999997,False,0.1364230583221558,False,False,19.7
C_00159,12.753,12.986,13.212,13.911,LOT_003,False,0.382,41.8,13.817699999999999,2.6650387037166445,0.03500887243021481,False,11.120750000000003,15.598749999999997,False,0.15513495938381483,False,False,17.5
C_00160,13.045,13.611,13.956,14.595,LOT_003,False,0.411,55.8,13.817699999999999,2.6650387037166445,0.29166555777069386,False,11.120750000000003,15.598749999999997,False,0.10352265595159399,False,False,22.3
C_00161,8.79,9.517,9.718,10.01,LOT_004,False,0.398,48.8,11.079225,5.275216182166353,-0.20268837580811805,False,7.725874999999998,12.156875000000003,False,0.16999690242210586,False,False,18.2
C_00162,9.299,9.464,9.915,9.931,LOT_004,False,0.43,67.0,11.079225,5.275216182166353,-0.21766406538593513,False,7.725874999999998,12.156875000000003,False,0.20942880349046739,False,False,16.3
C_00163,9.525,9.639,9.959,9.635,LOT_004,False,0.287,16.5,11.079225,5.275216182166353,-0.27377550988003396,False,7.725874999999998,12.156875000000003,False,0.19126871101605813,False,False,17.7
C_00164,9.507,10.07,9.499,10.129,LOT_004,False,0.34,27.8,11.079225,5.275216182166353,-0.18013005859596345,False,7.725874999999998,12.156875000000003,False,0.15965556339146492,False,False,18.5
C_00165,9.838,10.182,9.94,10.17,LOT_004,False,0.323,23.5,11.079225,5.275216182166353,-0.17235786527076724,False,7.725874999999998,12.156875000000003,False,0.16260468315582743,False,False,18.3
C_00166,9.939,9.736,10.256,10.529,LOT_004,False,0.32,22.7,11.079225,5.275216182166353,-0.10430378225258638,False,7.725874999999998,12.156875000000003,False,0.16302055108221747,False,False,17.7
C_00167,8.08,8.317,8.806,8.827,LOT_004,False,0.345,29.2,11.079225,5.275216182166353,-0.4269445880936555,False,7.725874999999998,12.156875000000003,False,0.04763706604058093,False,False,26.2
C_00168,10.875,10.445,10.599,11.061,LOT_004,False,0.369,36.8,11.079225,5.275216182166353,-0.0034548347158949756,False,7.725874999999998,12.156875000000003,False,-0.004131615597229077,True,True,25.2
C_00169,9.046,11.714,16.552,19.832,LOT_004,True,0.664,658.5,11.079225,5.275216182166353,1.6592258398035042,False,7.725874999999998,12.156875000000003,True,-0.1133003525334535,True,True,44.5
C_00170,9.732,12.323,15.798,18.498,LOT_004,True,0.655,602.6,11.079225,5.275216182166353,1.406345208198342,False,7.725874999999998,12.156875000000003,True,-0.10067493167995323,True,True,41.8
C_00171,9.218,8.848,9.492,9.4,LOT_004,False,0.34,27.7,11.079225,5.275216182166353,-0.31832344723176786,False,7.725874999999998,12.156875000000003,False,0.16434294683651007,False,False,19.4
C_00172,8.819,8.602,9.344,9.527,LOT_004,False,0.403,51.5,11.079225,5.275216182166353,-0.29424860449274587,False,7.725874999999998,12.156875000000003,False,0.1568517761833753,False,False,19.6
C_00173,9.3,9.467,9.918,10.049,LOT_004,False,0.365,35.3,11.079225,5.275216182166353,-0.19529531386463886,False,7.725874999999998,12.156875000000003,False,0.20626795027474593,False,False,16.3
C_00174,9.121,9.443,9.197,9.592,LOT_004,False,0.343,28.7,11.079225,5.275216182166353,-0.2819268345869469,False,7.725874999999998,12.156875000000003,False,0.173068922034055,False,False,18.7
C_00175,8.988,8.768,9.743,9.755,LOT_004,False,0.409,54.6,11.079225,5.275216182166353,-0.2510276269770207,False,7.725874999999998,12.156875000000003,False,0.1711448277434524,False,False,18.5
C_00176,9.539,9.633,9.69,9.759,LOT_004,False,0.294,17.6,11.079225,5.275216182166353,-0.25026936421358703,False,7.725874999999998,12.156875000000003,False,0.19917632661772283,False,False,17.1
C_00177,9.52,9.513,10.28,9.769,LOT_004,False,0.376,39.5,11.079225,5.275216182166353,-0.24837370730500263,False,7.725874999999998,12.156875000000003,False,0.17993734269860429,False,False,18.1
C_00178,10.242,10.329,10.286,10.349,LOT_004,False,0.316,21.9,11.079225,5.275216182166353,-0.13842560660710598,False,7.725874999999998,12.156875000000003,False,0.1320266787301655,False,False,19.6
C_00179,9.325,9.884,10.267,10.494,LOT_004,False,0.406,53.0,11.079225,5.275216182166353,-0.1109385814326319,False,7.725874999999998,12.156875000000003,False,0.1619946937010544,False,False,17.8
C_00180,8.831,9.252,9.319,9.35,LOT_004,False,0.313,21.3,11.079225,5.275216182166353,-0.32780173177469013,False,7.725874999999998,12.156875000000003,False,0.17635073566644655,False,False,18.9
C_00181,8.648,8.524,9.292,9.236,LOT_004,False,0.395,47.5,11.079225,5.275216182166353,-0.3494122205325524,False,7.725874999999998,12.156875000000003,False,0.14599324506009648,False,False,20.6
C_00182,10.45,18.462,31.277,40.787,LOT_004,True,0.753,1575.1,11.079225,5.275216182166353,5.631574891742166,True,7.725874999999998,12.156875000000003,True,-0.266721230129508,True,True,85.3
C_00183,10.116,10.598,10.532,10.824,LOT_004,False,0.345,29.3,11.079225,5.275216182166353,-0.04838190344934586,False,7.725874999999998,12.156875000000003,False,0.10231369016678721,False,False,20.3
C_00184,8.812,8.73,8.958,9.13,LOT_004,False,0.368,36.6,11.079225,5.275216182166353,-0.36950618376354727,False,7.725874999999998,12.156875000000003,False,0.15061952237705273,False,False,20.5
C_00185,8.919,9.507,9.832,10.499,LOT_004,False,0.395,47.5,11.079225,5.275216182166353,-0.10999075297833953,False,7.725874999999998,12.156875000000003,False,0.15014508711768282,False,False,18.4
C_00186,9.165,9.313,9.716,10.075,LOT_004,False,0.418,59.7,11.079225,5.275216182166353,-0.19036660590231938,False,7.725874999999998,12.156875000000003,False,0.1976261758569613,False,False,16.7
C_00187,9.804,9.721,9.951,9.921,LOT_004,False,0.295,17.9,11.079225,5.275216182166353,-0.2195597222945195,False,7.725874999999998,12.156875000000003,False,0.18516043578866753,False,False,17.6
C_00188,8.874,9.297,9.087,9.301,LOT_004,False,0.306,19.9,11.079225,5.275216182166353,-0.3370904506267537,False,7.725874999999998,12.156875000000003,False,0.1611776965766507,False,False,19.8
C_00189,10.118,9.749,10.407,11.002,LOT_004,False,0.363,34.8,11.079225,5.275216182166353,-0.014639210476542945,False,7.725874999999998,12.156875000000003,False,0.11858733968309565,False,False,19.2
C_00190,8.946,9.155,9.746,9.756,LOT_004,False,0.372,37.9,11.079225,5.275216182166353,-0.2508380612861624,False,7.725874999999998,12.156875000000003,False,0.19012223256274224,False,False,17.6
C_00191,8.604,9.126,9.235,9.269,LOT_004,False,0.273,14.4,11.079225,5.275216182166353,-0.34315655273422385,False,7.725874999999998,12.156875000000003,False,0.15059168435839992,False,False,20.3
C_00192,10.07,10.184,10.334,10.62,LOT_004,False,0.343,28.6,11.079225,5.275216182166353,-0.08705330438446825,False,7.725874999999998,12.156875000000003,False,0.1540386117203616,False,False,18.0
C_00193,10.048,10.308,10.979,10.734,LOT_004,False,0.312,21.0,11.079225,5.275216182166353,-0.06544281562660566,False,7.725874999999998,12.156875000000003,False,0.10037652093874538,False,False,20.5
C_00194,9.368,9.202,9.585,9.991,LOT_004,False,0.346,29.4,11.079225,5.275216182166353,-0.2062901239344285,False,7.725874999999998,12.156875000000003,False,0.19323163642979652,False,False,17.1
C_00195,8.346,8.27,8.544,8.641,LOT_004,False,0.321,23.1,11.079225,5.275216182166353,-0.46220380659332577,False,7.725874999999998,12.156875000000003,False,0.030298514379679897,False,False,27.3
C_00196,9.758,9.707,9.857,10.06,LOT_004,False,0.344,28.9,11.079225,5.275216182166353,-0.1932100912651958,False,7.725874999999998,12.156875000000003,False,0.18819750309923644,False,False,17.2
C_00197,8.358,8.76,8.913,9.158,LOT_004,False,0.356,32.6,11.079225,5.275216182166353,-0.3641983444195111,False,7.725874999999998,12.156875000000003,False,0.11215060910248181,False,False,22.4
C_00198,8.645,8.159,8.693,8.912,LOT_004,False,0.3,18.7,11.079225,5.275216182166353,-0.4108315043706877,False,7.725874999999998,12.156875000000003,False,0.07576941321160252,False,False,24.6
C_00199,9.276,9.234,10.017,9.765,LOT_004,False,0.322,23.3,11.079225,5.275216182166353,-0.24913197006843632,False,7.725874999999998,12.156875000000003,False,0.18848604138189207,False,False,17.7
C_00200,8.384,8.641,8.762,8.822,LOT_004,False,0.294,17.6,11.079225,5.275216182166353,-0.42789241654794785,False,7.725874999999998,12.156875000000003,False,0.10472317283957366,False,False,23.3
C_00201,9.961,10.351,10.905,10.88,LOT_005,False,0.395,47.7,10.860575,1.8087185985082759,0.010739647403427276,False,8.712,12.175999999999998,False,0.18074007615074994,False,False,16.1
C_00202,10.101,10.229,10.364,10.289,LOT_005,False,0.335,26.4,10.860575,1.8087185985082759,-0.31601101490934097,False,8.712,12.175999999999998,False,0.2186989001065866,False,False,16.7
C_00203,11.901,12.285,12.236,12.464,LOT_005,False,0.279,15.3,10.860575,1.8087185985082759,0.8864977677137891,False,8.712,12.175999999999998,True,-0.06383074932523747,True,True,35.6
C_00204,10.736,10.661,11.038,10.723,LOT_005,False,0.395,47.7,10.860575,1.8087185985082759,-0.07606213598592049,False,8.712,12.175999999999998,False,0.16593660995599907,False,False,17.3
C_00205,10.601,10.122,10.835,10.737,LOT_005,False,0.349,30.4,10.860575,1.8087185985082759,-0.06832184956903634,False,8.712,12.175999999999998,False,0.1832788024966978,False,False,16.4
C_00206,9.292,9.623,9.381,9.784,LOT_005,False,0.37,37.3,10.860575,1.8087185985082759,-0.5952142035183889,False,8.712,12.175999999999998,False,0.12687319797924812,False,False,23.6
C_00207,10.897,11.4,11.382,11.281,LOT_005,False,0.343,28.6,10.860575,1.8087185985082759,0.23244356548704784,False,8.712,12.175999999999998,False,0.10131300545647692,False,False,21.9
C_00208,9.459,9.465,10.043,9.505,LOT_005,False,0.366,35.6,10.860575,1.8087185985082759,-0.749467054254873,False,8.712,12.175999999999998,False,0.12825540863782453,False,False,24.8
C_00209,11.447,11.568,11.854,11.787,LOT_005,False,0.398,48.8,10.860575,1.8087185985082759,0.5121996316973025,False,8.712,12.175999999999998,False,0.013817383892003599,False,False,28.6
C_00210,9.258,9.096,9.706,9.678,LOT_005,False,0.355,32.3,10.860575,1.8087185985082759,-0.6538192292462287,False,8.712,12.175999999999998,False,0.10264647992666542,False,False,25.3
C_00211,10.004,10.422,10.122,10.436,LOT_005,False,0.29,17.0,10.860575,1.8087185985082759,-0.23473800753205346,False,8.712,12.175999999999998,False,0.2004525545405001,False,False,16.9
C_00212,10.328,10.222,10.405,10.683,LOT_005,False,0.344,29.0,10.860575,1.8087185985082759,-0.09817724003416246,False,8.712,12.175999999999998,False,0.21855067760680147,False,False,14.9
C_00213,10.173,10.668,10.498,10.711,LOT_005,False,0.331,25.5,10.860575,1.8087185985082759,-0.08269666720039318,False,8.712,12.175999999999998,False,0.20617565900661616,False,False,15.4
C_00214,8.771,8.996,9.261,9.141,LOT_005,False,0.359,33.6,10.860575,1.8087185985082759,-0.9507145010938708,False,8.712,12.175999999999998,False,0.02115847869893872,False,False,31.9
C_00215,8.702,9.013,9.028,9.137,LOT_005,False,0.376,39.3,10.860575,1.8087185985082759,-0.9529260114986947,False,8.712,12.175999999999998,False,-0.00188418871254592,True,True,33.0
C_00216,9.335,9.959,9.984,9.913,LOT_005,False,0.392,46.1,10.860575,1.8087185985082759,-0.5238929929628104,False,8.712,12.175999999999998,False,0.1523665668633304,False,False,21.7
C_00217,9.942,10.062,10.165,10.019,LOT_005,False,0.353,31.5,10.860575,1.8087185985082759,-0.4652879672349706,False,8.712,12.175999999999998,False,0.2107832064573591,False,False,18.3
C_00218,10.673,10.936,10.906,11.367,LOT_005,False,0.295,17.9,10.860575,1.8087185985082759,0.2799910391907672,False,8.712,12.175999999999998,False,0.15891289466202801,False,False,19.4
C_00219,9.367,9.672,9.695,10.081,LOT_005,False,0.377,39.8,10.860575,1.8087185985082759,-0.4310095559601967,False,8.712,12.175999999999998,False,0.15205587608505655,False,False,21.0
C_00220,10.122,10.109,10.426,10.61,LOT_005,False,0.324,23.7,10.860575,1.8087185985082759,-0.13853730492220337,False,8.712,12.175999999999998,False,0.2265478726673592,False,False,14.8
C_00221,10.2,10.181,10.272,10.523,LOT_005,False,0.303,19.3,10.860575,1.8087185985082759,-0.1866376562271284,False,8.712,12.175999999999998,False,0.22413034947363125,False,False,15.3
C_00222,10.709,10.903,10.713,11.436,LOT_005,False,0.313,21.4,10.860575,1.8087185985082759,0.31813959367398315,False,8.712,12.175999999999998,False,0.15523324423194912,False,False,19.9
C_00223,10.235,10.84,10.786,10.695,LOT_005,False,0.296,18.1,10.860575,1.8087185985082759,-0.09154270881968977,False,8.712,12.175999999999998,False,0.18316994966031597,False,False,16.6
C_00224,9.894,9.501,10.035,10.291,LOT_005,False,0.378,40.1,10.860575,1.8087185985082759,-0.3149052597069285,False,8.712,12.175999999999998,False,0.17612346433963783,False,False,18.8
C_00225,9.901,10.338,10.499,10.649,LOT_005,False,0.361,34.1,10.860575,1.8087185985082759,-0.1169750784751681,False,8.712,12.175999999999998,False,0.2191940882628226,False,False,15.0
C_00226,9.952,10.029,10.256,9.942,LOT_005,False,0.348,30.1,10.860575,1.8087185985082759,-0.5078595425278354,False,8.712,12.175999999999998,False,0.20592950369495977,False,False,18.9
C_00227,9.884,9.995,10.606,10.653,LOT_005,False,0.352,31.1,10.860575,1.8087185985082759,-0.11476356807034321,False,8.712,12.175999999999998,False,0.19703665557281858,False,False,16.1
C_00228,10.098,10.095,9.915,10.625,LOT_005,False,0.377,39.7,10.860575,1.8087185985082759,-0.1302441409041125,False,8.712,12.175999999999998,False,0.20009078099757532,False,False,16.1
C_00229,10.868,11.092,10.669,10.876,LOT_005,False,0.315,21.7,10.860575,1.8087185985082759,0.00852813699860239,False,8.712,12.175999999999998,False,0.14948470327341856,False,False,17.6
C_00230,10.441,10.409,10.526,10.49,LOT_005,False,0.305,19.8,10.860575,1.8087185985082759,-0.20488261706692731,False,8.712,12.175999999999998,False,0.20264919232562822,False,False,16.6
C_00231,9.901,9.513,9.644,9.57,LOT_005,False,0.327,24.3,10.860575,1.8087185985082759,-0.713530010176481,False,8.712,12.175999999999998,False,0.12671716356096707,False,False,24.6
C_00232,9.473,9.722,9.726,9.987,LOT_005,False,0.335,26.3,10.860575,1.8087185985082759,-0.4829800504735638,False,8.712,12.175999999999998,False,0.16517777339239592,False,False,20.8
C_00233,9.937,12.717,17.179,19.7,LOT_005,True,0.694,884.9,10.860575,1.8087185985082759,4.8871200900406695,True,8.712,12.175999999999998,True,-0.17694372796356928,True,True,74.6
C_00234,10.873,11.18,11.098,11.334,LOT_005,False,0.362,34.3,10.860575,1.8087185985082759,0.26174607835096725,False,8.712,12.175999999999998,False,0.13773056801261374,False,False,20.3
C_00235,9.728,9.658,10.273,10.562,LOT_005,False,0.325,24.1,10.860575,1.8087185985082759,-0.16507542978009312,False,8.712,12.175999999999998,False,0.17419195740875154,False,False,17.7
C_00236,9.198,9.425,9.192,9.727,LOT_005,False,0.379,40.7,10.860575,1.8087185985082759,-0.6267282267871332,False,8.712,12.175999999999998,False,0.09864797750168519,False,False,25.3
C_00237,10.623,10.307,10.312,10.155,LOT_005,False,0.288,16.6,10.860575,1.8087185985082759,-0.39009661347095004,False,8.712,12.175999999999998,False,0.167692236037691,False,False,19.9
C_00238,9.838,11.52,13.962,15.936,LOT_005,True,0.646,551.4,10.860575,1.8087185985082759,2.806088799101148,False,8.712,12.175999999999998,True,-0.07627304695893455,True,True,52.2
C_00239,10.213,10.382,10.445,10.763,LOT_005,False,0.375,39.0,10.860575,1.8087185985082759,-0.053947031937679496,False,8.712,12.175999999999998,False,0.22073088913919992,False,False,14.4
C_00240,10.853,10.099,10.802,11.283,LOT_005,False,0.372,38.0,10.860575,1.8087185985082759,0.2335493206894593,False,8.712,12.175999999999998,False,0.13476736266081474,False,False,20.2
C_00241,10.201,10.036,10.27,10.266,LOT_006,False,0.273,14.4,11.410925,4.971857246684609,-0.23028114911454323,False,8.333875,12.038874999999999,False,0.15356466400154456,False,False,19.2
C_00242,9.869,10.373,9.959,10.643,LOT_006,False,0.281,15.6,11.410925,4.971857246684609,-0.15445435415750855,False,8.333875,12.038874999999999,False,0.12388561370463896,False,False,20.1
C_00243,8.721,9.065,8.989,8.943,LOT_006,False,0.323,23.5,11.410925,4.971857246684609,-0.49637889375156363,False,8.333875,12.038874999999999,False,0.03762133815222779,False,False,27.3
C_00244,8.429,9.009,8.818,8.959,LOT_006,False,0.32,22.8,11.410925,4.971857246684609,-0.4931607804377372,False,8.333875,12.038874999999999,False,0.010053733901729367,False,False,28.6
C_00245,9.41,9.171,9.587,9.721,LOT_006,False,0.359,33.3,11.410925,4.971857246684609,-0.3398981338667549,False,8.333875,12.038874999999999,False,0.16146260991455008,False,False,19.8
C_00246,9.114,9.448,9.58,9.657,LOT_006,False,0.339,27.5,11.410925,4.971857246684609,-0.3527705871220605,False,8.333875,12.038874999999999,False,0.1678960493305185,False,False,19.5
C_00247,10.1,10.545,10.134,10.715,LOT_006,False,0.341,27.9,11.410925,4.971857246684609,-0.13997284424528994,False,8.333875,12.038874999999999,False,0.11596723365637973,False,False,20.4
C_00248,9.778,9.887,10.413,10.674,LOT_006,False,0.413,56.7,11.410925,4.971857246684609,-0.14821925961197016,False,8.333875,12.038874999999999,False,0.1519748894047524,False,False,18.6
C_00249,9.3,9.334,9.892,10.097,LOT_006,False,0.358,33.1,11.410925,4.971857246684609,-0.26427247099183465,False,8.333875,12.038874999999999,False,0.16175430976795846,False,False,19.1
C_00250,10.238,14.481,21.445,27.44,LOT_006,True,0.703,966.1,11.410925,4.971857246684609,3.223961229113867,True,8.333875,12.038874999999999,True,-0.15771880664055382,True,True,59.8
C_00251,8.975,13.731,20.505,25.71,LOT_006,True,0.715,1087.6,11.410925,4.971857246684609,2.876002727056388,False,8.333875,12.038874999999999,True,-0.15512305656154146,True,True,56.7
C_00252,10.112,10.072,10.545,10.377,LOT_006,False,0.299,18.7,11.410925,4.971857246684609,-0.20795548799987243,False,8.333875,12.038874999999999,False,0.14630776460826972,False,False,19.4
C_00253,9.241,9.269,9.729,9.914,LOT_006,False,0.373,38.4,11.410925,4.971857246684609,-0.30107964201872406,False,8.333875,12.038874999999999,False,0.16978029020426433,False,False,19.0
C_00254,8.806,8.851,9.433,9.324,LOT_006,False,0.373,38.2,11.410925,4.971857246684609,-0.4197475704660725,False,8.333875,12.038874999999999,False,0.05451745838896915,False,False,25.8
C_00255,9.303,9.707,9.545,9.95,LOT_006,False,0.355,32.0,11.410925,4.971857246684609,-0.29383888706261474,False,8.333875,12.038874999999999,False,0.1687841185610081,False,False,19.0
C_00256,9.724,10.097,10.91,11.25,LOT_006,False,0.427,64.8,11.410925,4.971857246684609,-0.03236718031421971,False,8.333875,12.038874999999999,False,0.05811499295819256,False,False,22.4
C_00257,9.179,9.654,9.485,9.738,LOT_006,False,0.381,41.3,11.410925,4.971857246684609,-0.3364788884708145,False,8.333875,12.038874999999999,False,0.17238709130036417,False,False,19.2
C_00258,8.326,8.969,8.883,9.026,LOT_006,False,0.326,24.2,11.410925,4.971857246684609,-0.47968493093608916,False,8.333875,12.038874999999999,False,0.0035794584040929056,False,False,28.8
C_00259,9.621,9.658,9.918,9.937,LOT_006,False,0.389,44.6,11.410925,4.971857246684609,-0.29645360413009864,False,8.333875,12.038874999999999,False,0.18656749092963876,False,False,18.1
C_00260,9.462,9.606,9.396,9.792,LOT_006,False,0.352,31.3,11.410925,4.971857246684609,-0.32561775603665033,False,8.333875,12.038874999999999,False,0.1592662414402411,False,False,19.8
C_00261,10.044,10.088,10.068,10.111,LOT_006,False,0.304,19.5,11.410925,4.971857246684609,-0.26145662184223634,False,8.333875,12.038874999999999,False,0.16688169410447612,False,False,18.8
C_00262,9.915,10.212,10.33,10.669,LOT_006,False,0.358,33.0,11.410925,4.971857246684609,-0.1492249200225407,False,8.333875,12.038874999999999,False,0.14932077062175336,False,False,18.8
C_00263,9.202,8.911,9.208,9.568,LOT_006,False,0.278,15.1,11.410925,4.971857246684609,-0.37067134243021993,False,8.333875,12.038874999999999,False,0.10937790128945579,False,False,22.6
C_00264,9.175,9.606,10.036,10.362,LOT_006,False,0.406,53.0,11.410925,4.971857246684609,-0.2109724692315848,False,8.333875,12.038874999999999,False,0.14703739010110184,False,False,19.4
C_00265,9.746,9.918,10.206,10.52,LOT_006,False,0.37,37.1,11.410925,4.971857246684609,-0.1791936002575492,False,8.333875,12.038874999999999,False,0.169068512898296,False,False,18.0
C_00266,9.639,9.776,10.318,9.91,LOT_006,False,0.318,22.3,11.410925,4.971857246684609,-0.30188417034718057,False,8.333875,12.038874999999999,False,0.16692064074745444,False,False,19.2
C_00267,10.159,10.466,10.503,10.801,LOT_006,False,0.354,31.8,11.410925,4.971857246684609,-0.12267548518347299,False,8.333875,12.038874999999999,False,0.11192952722709204,False,False,20.4
C_00268,10.089,10.204,11.085,10.825,LOT_006,False,0.363,34.7,11.410925,4.971857246684609,-0.11784831521273356,False,8.333875,12.038874999999999,False,0.08286248182457495,False,False,21.8
C_00269,9.151,9.337,9.458,9.724,LOT_006,False,0.312,21.2,11.410925,4.971857246684609,-0.3392947376204124,False,8.333875,12.038874999999999,False,0.17601497574417202,False,False,19.0
C_00270,9.058,8.982,9.461,9.368,LOT_006,False,0.359,33.4,11.410925,4.971857246684609,-0.41089775885304974,False,8.333875,12.038874999999999,False,0.11335427188998026,False,False,22.8
C_00271,9.184,9.512,10.142,9.587,LOT_006,False,0.402,50.9,11.410925,4.971857246684609,-0.3668498328700511,False,8.333875,12.038874999999999,False,0.1458960560772704,False,False,20.8
C_00272,9.208,9.131,9.569,9.633,LOT_006,False,0.316,22.0,11.410925,4.971857246684609,-0.3575977570928003,False,8.333875,12.038874999999999,False,0.16541782659432058,False,False,19.7
C_00273,10.333,10.141,10.022,10.421,LOT_006,False,0.374,38.8,11.410925,4.971857246684609,-0.19910567638685012,False,8.333875,12.038874999999999,False,0.11374704882007214,False,False,21.0
C_00274,10.017,9.86,10.097,9.934,LOT_006,False,0.345,29.2,11.410925,4.971857246684609,-0.2970570003764411,False,8.333875,12.038874999999999,False,0.16392685077984936,False,False,19.3
C_00275,9.606,9.78,9.958,10.014,LOT_006,False,0.357,32.8,11.410925,4.971857246684609,-0.2809664338073091,False,8.333875,12.038874999999999,False,0.18432886382652708,False,False,18.1
C_00276,9.723,9.602,9.802,10.15,LOT_006,False,0.354,31.7,11.410925,4.971857246684609,-0.25361247063978454,False,8.333875,12.038874999999999,False,0.1637013125266763,False,False,18.9
C_00277,9.611,15.506,24.48,31.944,LOT_006,True,0.728,1228.6,11.410925,4.971857246684609,4.129860126955998,True,8.333875,12.038874999999999,True,-0.2085087596935844,True,True,69.8
C_00278,9.58,9.528,9.874,9.847,LOT_006,False,0.324,23.8,11.410925,4.971857246684609,-0.3145554915203721,False,8.333875,12.038874999999999,False,0.17981563127934908,False,False,18.6
C_00279,10.181,9.946,10.21,10.078,LOT_006,False,0.356,32.5,11.410925,4.971857246684609,-0.2680939805520035,False,8.333875,12.038874999999999,False,0.1475325148773709,False,False,19.9
C_00280,10.525,10.609,10.592,10.838,LOT_006,False,0.313,21.3,11.410925,4.971857246684609,-0.11523359814524962,False,8.333875,12.038874999999999,False,-0.0004881079641945174,True,True,26.0
C_00281,11.741,12.128,12.591,13.114,LOT_007,False,0.37,37.1,12.426224999999999,3.096505039701604,0.22211331523176844,False,9.217875,14.890875000000001,False,0.1344831126766502,False,False,20.1
C_00282,11.653,11.351,12.026,12.259,LOT_007,False,0.377,39.9,12.426224999999999,3.096505039701604,-0.05400443333885648,False,9.217875,14.890875000000001,False,0.14459086044659636,False,False,18.2
C_00283,11.887,11.867,12.122,12.269,LOT_007,False,0.255,12.1,12.426224999999999,3.096505039701604,-0.05077498598715333,False,9.217875,14.890875000000001,False,0.1478582505883912,False,False,18.0
C_00284,11.422,11.163,11.685,11.849,LOT_007,False,0.276,14.9,12.426224999999999,3.096505039701604,-0.1864117747586883,False,9.217875,14.890875000000001,False,0.14847514507867754,False,False,19.1
C_00285,9.263,9.068,9.789,9.651,LOT_007,False,0.299,18.6,12.426224999999999,3.096505039701604,-0.8962443026630549,False,9.217875,14.890875000000001,False,-0.13784657194078442,True,True,39.4
C_00286,11.829,12.397,12.414,12.065,LOT_007,False,0.368,36.6,12.426224999999999,3.096505039701604,-0.1166557119618991,False,9.217875,14.890875000000001,False,0.11016657253345008,False,False,20.5
C_00287,12.547,12.748,13.568,13.073,LOT_007,False,0.398,49.0,12.426224999999999,3.096505039701604,0.20887258108978515,False,9.217875,14.890875000000001,False,0.010815092209187194,False,False,26.2
C_00288,10.642,11.304,11.706,11.681,LOT_007,False,0.33,25.3,12.426224999999999,3.096505039701604,-0.24066649026730264,False,9.217875,14.890875000000001,False,0.13754198780742294,False,False,20.1
C_00289,11.674,11.793,12.435,12.435,LOT_007,False,0.402,50.7,12.426224999999999,3.096505039701604,0.0028338400511201366,False,9.217875,14.890875000000001,False,0.1431229586268542,False,False,17.9
C_00290,12.252,11.806,12.197,12.568,LOT_007,False,0.338,27.4,12.426224999999999,3.096505039701604,0.0457854898287726,False,9.217875,14.890875000000001,False,0.11605487570346434,False,False,19.6
C_00291,10.974,11.879,11.674,11.936,LOT_007,False,0.255,12.1,12.426224999999999,3.096505039701604,-0.15831558279887042,False,9.217875,14.890875000000001,False,0.14148208707933713,False,False,19.2
C_00292,10.304,10.567,11.356,11.13,LOT_007,False,0.36,33.9,12.426224999999999,3.096505039701604,-0.4186090393461492,False,9.217875,14.890875000000001,False,0.07551944898007412,False,False,24.7
C_00293,11.561,12.323,13.065,13.02,LOT_007,False,0.409,54.6,12.426224999999999,3.096505039701604,0.19175651012575787,False,9.217875,14.890875000000001,False,0.09288375415203748,False,False,22.0
C_00294,11.142,11.412,11.711,12.102,LOT_007,False,0.41,55.1,12.426224999999999,3.096505039701604,-0.10470675676059694,False,9.217875,14.890875000000001,False,0.17018133751698916,False,False,17.4
C_00295,10.211,10.423,10.648,10.308,LOT_007,False,0.356,32.5,12.426224999999999,3.096505039701604,-0.6840696116561537,False,9.217875,14.890875000000001,False,0.03780614008255101,False,False,28.8
C_00296,12.07,12.118,12.651,13.543,LOT_007,False,0.451,82.4,12.426224999999999,3.096505039701604,0.36065660661983584,False,9.217875,14.890875000000001,False,0.08490111948479606,False,False,23.8
C_00297,11.231,10.896,11.783,11.68,LOT_007,False,0.345,29.3,12.426224999999999,3.096505039701604,-0.24098943500247277,False,9.217875,14.890875000000001,False,0.1323162924944789,False,False,20.4
C_00298,11.066,11.445,11.957,11.842,LOT_007,False,0.339,27.5,12.426224999999999,3.096505039701604,-0.18867238790488045,False,9.217875,14.890875000000001,False,0.16549742275023693,False,False,18.3
C_00299,11.467,12.373,12.24,13.04,LOT_007,False,0.395,47.5,12.426224999999999,3.096505039701604,0.19821540482916414,False,9.217875,14.890875000000001,False,0.11678252608821887,False,False,20.8
C_00300,10.539,10.924,10.898,11.353,LOT_007,False,0.332,25.8,12.426224999999999,3.096505039701604,-0.34659236340316785,False,9.217875,14.890875000000001,False,0.10791024413139938,False,False,22.5
C_00301,11.059,11.016,10.733,11.259,LOT_007,False,0.315,21.8,12.426224999999999,3.096505039701604,-0.37694916850917787,False,9.217875,14.890875000000001,False,0.10301919997608128,False,False,23.0
C_00302,12.839,12.994,12.616,12.759,LOT_007,False,0.282,15.7,12.426224999999999,3.096505039701604,0.10746793424630421,False,9.217875,14.890875000000001,False,-0.0033973611590570885,True,True,26.1
C_00303,10.179,9.853,10.065,10.35,LOT_007,False,0.276,14.8,12.426224999999999,3.096505039701604,-0.6705059327790003,False,9.217875,14.890875000000001,False,0.010222010729897368,False,False,30.1
C_00304,10.741,11.449,11.227,11.653,LOT_007,False,0.349,30.4,12.426224999999999,3.096505039701604,-0.2497089428520712,False,9.217875,14.890875000000001,False,0.1392096438364766,False,False,20.1
C_00305,11.031,10.887,11.091,11.322,LOT_007,False,0.311,20.8,12.426224999999999,3.096505039701604,-0.35660365019344803,False,9.217875,14.890875000000001,False,0.12239402786648002,False,False,21.9
C_00306,11.894,12.102,12.763,13.055,LOT_007,False,0.383,42.2,12.426224999999999,3.096505039701604,0.20305957585671916,False,9.217875,14.890875000000001,False,0.12066348201157628,False,False,20.7
C_00307,11.106,11.425,11.962,11.859,LOT_007,False,0.372,37.8,12.426224999999999,3.096505039701604,-0.18318232740698515,False,9.217875,14.890875000000001,False,0.17093028461879745,False,False,18.0
C_00308,10.124,10.006,10.251,10.349,LOT_007,False,0.3,18.7,12.426224999999999,3.096505039701604,-0.6708288775141704,False,9.217875,14.890875000000001,False,0.019628974893696083,False,False,29.6
C_00309,12.272,12.505,13.059,13.402,LOT_007,False,0.376,39.7,12.426224999999999,3.096505039701604,0.31512139896082053,False,9.217875,14.890875000000001,False,0.06752324263453202,False,False,24.2
C_00310,11.676,11.51,12.11,11.581,LOT_007,False,0.269,13.8,12.426224999999999,3.096505039701604,-0.27296096378433465,False,9.217875,14.890875000000001,False,0.1296807353147792,False,False,20.8
C_00311,11.475,11.797,12.163,12.034,LOT_007,False,0.346,29.4,12.426224999999999,3.096505039701604,-0.12666699875217868,False,9.217875,14.890875000000001,False,0.16137161820536922,False,False,18.0
C_00312,11.232,11.674,11.477,11.263,LOT_007,False,0.381,41.3,12.426224999999999,3.096505039701604,-0.37565738956849676,False,9.217875,14.890875000000001,False,0.11380221004951463,False,False,22.4
C_00313,12.572,12.644,13.148,13.322,LOT_007,False,0.372,38.0,12.426224999999999,3.096505039701604,0.2892858201471948,False,9.217875,14.890875000000001,False,0.043471381755758376,False,False,25.2
C_00314,11.581,12.348,12.361,12.777,LOT_007,False,0.386,43.6,12.426224999999999,3.096505039701604,0.11328093947936965,False,9.217875,14.890875000000001,False,0.13438562268811916,False,False,19.2
C_00315,11.194,15.691,24.064,30.669,LOT_007,True,0.7,941.0,12.426224999999999,3.096505039701604,5.89140814114676,True,9.217875,14.890875000000001,True,-0.2824294556501806,True,True,88.2
C_00316,12.298,12.172,12.251,12.378,LOT_007,False,0.341,28.2,12.426224999999999,3.096505039701604,-0.015574009853588307,False,9.217875,14.890875000000001,False,0.11187988826506379,False,False,19.5
C_00317,11.156,11.37,11.677,12.238,LOT_007,False,0.396,48.0,12.426224999999999,3.096505039701604,-0.06078627277743349,False,9.217875,14.890875000000001,False,0.16372265497170235,False,False,17.3
C_00318,10.458,10.641,10.808,11.281,LOT_007,False,0.375,38.9,12.426224999999999,3.096505039701604,-0.3698443843354307,False,9.217875,14.890875000000001,False,0.09641165387565392,False,False,23.3
C_00319,10.753,11.39,11.129,11.65,LOT_007,False,0.338,27.1,12.426224999999999,3.096505039701604,-0.2506777770575822,False,9.217875,14.890875000000001,False,0.13375121896576647,False,False,20.4
C_00320,9.618,10.362,10.729,10.93,LOT_007,False,0.366,35.6,12.426224999999999,3.096505039701604,-0.48319798638021383,False,9.217875,14.890875000000001,False,-0.0013939105540768937,True,True,29.1
C_00321,11.53,11.863,11.83,12.735,LOT_008,False,0.395,47.7,11.665575,2.701855012218694,0.39581139445443986,False,8.99875,13.692750000000002,False,-0.0015072990998357128,True,True,28.4
C_00322,10.815,11.233,11.526,11.931,LOT_008,False,0.409,54.5,11.665575,2.701855012218694,0.09823806192399587,False,8.99875,13.692750000000002,False,0.15562518431613387,False,False,18.0
C_00323,11.27,11.489,11.729,12.018,LOT_008,False,0.31,20.8,11.665575,2.701855012218694,0.13043816133960418,False,8.99875,13.692750000000002,False,0.13901259961427231,False,False,19.1
C_00324,11.125,12.004,11.973,12.306,LOT_008,False,0.362,34.6,11.665575,2.701855012218694,0.2370315938878223,False,8.99875,13.692750000000002,False,0.036266139864417624,False,False,25.2
C_00325,9.536,10.364,10.469,11.188,LOT_008,False,0.4,49.7,11.665575,2.701855012218694,-0.1767581894069984,False,8.99875,13.692750000000002,False,0.09252580181139708,False,False,21.8
C_00326,10.349,10.774,11.435,11.331,LOT_008,False,0.397,48.6,11.665575,2.701855012218694,-0.1238315892181263,False,8.99875,13.692750000000002,False,0.13354947965099961,False,False,19.4
C_00327,10.54,10.928,11.3,11.684,LOT_008,False,0.326,24.2,11.665575,2.701855012218694,0.006819388870488896,False,8.99875,13.692750000000002,False,0.14287828535128083,False,False,17.9
C_00328,11.821,11.659,11.732,12.019,LOT_008,False,0.323,23.4,11.665575,2.701855012218694,0.13080827742484083,False,8.99875,13.692750000000002,False,0.038665442377013304,False,False,24.2
C_00329,11.369,11.245,11.665,11.844,LOT_008,False,0.317,22.2,11.665575,2.701855012218694,0.06603796250838823,False,8.99875,13.692750000000002,False,0.14512444098564575,False,False,18.3
C_00330,11.335,11.203,11.722,11.773,LOT_008,False,0.337,26.9,11.665575,2.701855012218694,0.03975972045657052,False,8.99875,13.692750000000002,False,0.1395658509878117,False,False,18.4
C_00331,10.154,10.018,10.673,11.479,LOT_008,False,0.408,53.9,11.665575,2.701855012218694,-0.06905440860306958,False,8.99875,13.692750000000002,False,0.10277117855341977,False,False,20.4
C_00332,9.239,9.357,9.899,9.978,LOT_008,False,0.401,50.6,11.665575,2.701855012218694,-0.624598652543612,False,8.99875,13.692750000000002,False,0.01105352673212845,False,False,29.7
C_00333,10.638,10.515,10.919,11.185,LOT_008,False,0.31,20.6,11.665575,2.701855012218694,-0.17786853766270902,False,8.99875,13.692750000000002,False,0.12758793148864261,False,False,20.1
C_00334,10.403,10.706,10.576,10.976,LOT_008,False,0.349,30.4,11.665575,2.701855012218694,-0.2552227994772148,False,8.99875,13.692750000000002,False,0.12265317145720245,False,False,21.0
C_00335,10.281,11.063,11.76,11.87,LOT_008,False,0.413,56.5,11.665575,2.701855012218694,0.07566098072454679,False,8.99875,13.692750000000002,False,0.1246548793824766,False,False,19.4
C_00336,9.648,10.031,10.476,9.947,LOT_008,False,0.291,17.1,11.665575,2.701855012218694,-0.6360722511859552,False,8.99875,13.692750000000002,False,0.08004803348695938,False,False,26.3
C_00337,10.059,10.127,10.306,10.451,LOT_008,False,0.347,29.9,11.665575,2.701855012218694,-0.449533744226572,False,8.99875,13.692750000000002,False,0.12279305382459876,False,False,22.6
C_00338,10.057,10.33,10.492,10.696,LOT_008,False,0.384,42.8,11.665575,2.701855012218694,-0.358855303343539,False,8.99875,13.692750000000002,False,0.13839884101869743,False,False,21.1
C_00339,8.631,8.92,9.06,9.092,LOT_008,False,0.362,34.5,11.665575,2.701855012218694,-0.952521504063479,False,8.99875,13.692750000000002,False,-0.14025883720263976,True,True,40.0
C_00340,10.691,10.401,10.936,11.383,LOT_008,False,0.355,32.0,11.665575,2.701855012218694,-0.10458555278580918,False,8.99875,13.692750000000002,False,0.11999879006633807,False,False,19.9
C_00341,10.352,10.637,11.286,10.809,LOT_008,False,0.327,24.4,11.665575,2.701855012218694,-0.3170321857117728,False,8.99875,13.692750000000002,False,0.12666296407676064,False,False,21.3
C_00342,9.611,9.833,10.24,10.78,LOT_008,False,0.419,60.2,11.665575,2.701855012218694,-0.327765552183642,False,8.99875,13.692750000000002,False,0.08312451027911699,False,False,23.6
C_00343,11.114,11.027,11.879,12.084,LOT_008,False,0.316,21.9,11.665575,2.701855012218694,0.15486582296523724,False,8.99875,13.692750000000002,False,0.12249026900885823,False,False,20.2
C_00344,9.923,10.373,10.485,10.451,LOT_008,False,0.343,28.7,11.665575,2.701855012218694,-0.449533744226572,False,8.99875,13.692750000000002,False,0.13295332047498049,False,False,22.1
C_00345,11.18,11.388,11.616,11.427,LOT_008,False,0.302,19.2,11.665575,2.701855012218694,-0.0883004450353867,False,8.99875,13.692750000000002,False,0.1296091784037991,False,False,19.3
C_00346,9.957,9.936,11.017,11.114,LOT_008,False,0.386,43.3,11.665575,2.701855012218694,-0.20414677971452674,False,8.99875,13.692750000000002,False,0.10656976284635378,False,False,21.4
C_00347,11.0,11.16,12.215,12.055,LOT_008,False,0.373,38.4,11.665575,2.701855012218694,0.144132456493368,False,8.99875,13.692750000000002,False,0.10122471913123987,False,False,21.1
C_00348,10.58,10.935,11.238,11.236,LOT_008,False,0.31,20.6,11.665575,2.701855012218694,-0.15899261731562858,False,8.99875,13.692750000000002,False,0.14542645588623465,False,False,19.1
C_00349,10.344,10.901,10.838,10.908,LOT_008,False,0.348,30.0,11.665575,2.701855012218694,-0.28039069327332256,False,8.99875,13.692750000000002,False,0.13363801482195076,False,False,20.7
C_00350,11.062,11.465,11.574,11.959,LOT_008,False,0.377,39.9,11.665575,2.701855012218694,0.10860131231062842,False,8.99875,13.692750000000002,False,0.1535102238333162,False,False,18.2
C_00351,11.002,11.482,10.898,11.551,LOT_008,False,0.311,20.9,11.665575,2.701855012218694,-0.042406050466014554,False,8.99875,13.692750000000002,False,0.09912009135838912,False,False,20.4
C_00352,9.989,10.082,10.391,10.439,LOT_008,False,0.325,23.9,11.665575,2.701855012218694,-0.4539751372494146,False,8.99875,13.692750000000002,False,0.13247520549642966,False,False,22.2
C_00353,10.582,11.211,11.688,11.626,LOT_008,False,0.38,41.1,11.665575,2.701855012218694,-0.01464734407324953,False,8.99875,13.692750000000002,False,0.14952842807926803,False,False,17.6
C_00354,10.013,11.209,11.083,11.934,LOT_008,False,0.424,62.9,11.665575,2.701855012218694,0.09934841017970653,False,8.99875,13.692750000000002,False,0.09688225997278216,False,False,21.0
C_00355,9.916,10.031,10.53,10.554,LOT_008,False,0.37,37.1,11.665575,2.701855012218694,-0.4114117874471744,False,8.99875,13.692750000000002,False,0.1330428442279184,False,False,21.8
C_00356,10.969,11.117,11.626,11.932,LOT_008,False,0.373,38.4,11.665575,2.701855012218694,0.09860817800923319,False,8.99875,13.692750000000002,False,0.1584380179183955,False,False,17.9
C_00357,11.344,11.247,11.274,12.011,LOT_008,False,0.344,28.8,11.665575,2.701855012218694,0.12784734874294554,False,8.99875,13.692750000000002,False,0.12056427626656019,False,False,20.0
C_00358,10.201,14.655,21.315,27.616,LOT_008,True,0.688,834.7,11.665575,2.701855012218694,5.90350885886431,True,8.99875,13.692750000000002,True,-0.2837098108400745,True,True,88.4
C_00359,9.656,9.937,9.789,10.264,LOT_008,False,0.37,37.4,11.665575,2.701855012218694,-0.5187454521658672,False,8.99875,13.692750000000002,False,0.06435406966901502,False,False,26.1
C_00360,9.0,9.308,9.537,9.987,LOT_008,False,0.355,32.1,11.665575,2.701855012218694,-0.62126760777648,False,8.99875,13.692750000000002,False,-0.02518908022135402,True,True,31.4
C_00361,11.19,11.219,11.249,11.371,LOT_009,False,0.35,30.6,11.451775,3.043334604045288,-0.026541609947401346,False,8.674375000000005,13.049374999999998,False,0.10005803105376077,False,False,20.2
C_00362,10.493,10.593,10.735,10.719,LOT_009,False,0.346,29.5,11.451775,3.043334604045288,-0.2407802937692012,False,8.674375000000005,13.049374999999998,False,0.1849695855162959,False,False,17.8
C_00363,10.299,10.2,10.81,10.56,LOT_009,False,0.315,21.9,11.451775,3.043334604045288,-0.29302561697114277,False,8.674375000000005,13.049374999999998,False,0.18144593147956617,False,False,18.4
C_00364,10.143,10.681,10.704,11.366,LOT_009,False,0.396,47.9,11.451775,3.043334604045288,-0.028184544639286567,False,8.674375000000005,13.049374999999998,False,0.15348296930368455,False,False,17.6
C_00365,9.259,9.408,9.034,9.48,LOT_009,False,0.364,35.2,11.451775,3.043334604045288,-0.6478995104182954,False,8.674375000000005,13.049374999999998,False,-0.04942888111709476,True,True,32.9
C_00366,10.364,10.768,10.846,10.806,LOT_009,False,0.299,18.6,11.451775,3.043334604045288,-0.2121932301304029,False,8.674375000000005,13.049374999999998,False,0.18399050947630985,False,False,17.6
C_00367,10.413,10.478,10.23,9.913,LOT_009,False,0.32,22.9,11.451775,3.043334604045288,-0.5056213661010575,False,8.674375000000005,13.049374999999998,False,0.09983132428767921,False,False,24.2
C_00368,11.621,11.641,11.505,11.535,LOT_009,False,0.334,26.2,11.451775,3.043334604045288,0.027346647946425436,False,8.674375000000005,13.049374999999998,False,0.035421798481141686,False,False,23.5
C_00369,10.661,10.957,10.738,11.338,LOT_009,False,0.414,57.2,11.451775,3.043334604045288,-0.03738497891384253,False,8.674375000000005,13.049374999999998,False,0.1540132321867595,False,False,17.6
C_00370,9.956,10.311,10.282,10.335,LOT_009,False,0.249,11.4,11.451775,3.043334604045288,-0.36695767810596613,False,8.674375000000005,13.049374999999998,False,0.15640049504035125,False,False,20.2
C_00371,9.436,9.691,9.525,10.206,LOT_009,False,0.349,30.3,11.451775,3.043334604045288,-0.4093453931565987,False,8.674375000000005,13.049374999999998,False,0.04510123754424933,False,False,26.2
C_00372,11.618,11.739,11.767,12.043,LOT_009,False,0.349,30.2,11.451775,3.043334604045288,0.19426881264193768,False,8.674375000000005,13.049374999999998,False,-0.0007809899360811112,True,True,26.7
C_00373,10.333,9.971,10.443,10.205,LOT_009,False,0.345,29.2,11.451775,3.043334604045288,-0.40967398009497547,False,8.674375000000005,13.049374999999998,False,0.1433564634046166,False,False,21.2
C_00374,9.848,9.668,9.998,9.934,LOT_009,False,0.332,25.7,11.451775,3.043334604045288,-0.4987210403951409,False,8.674375000000005,13.049374999999998,False,0.0938963637083271,False,False,24.5
C_00375,10.172,10.361,11.471,11.429,LOT_009,False,0.446,78.0,11.451775,3.043334604045288,-0.007483567521535797,False,8.674375000000005,13.049374999999998,False,0.08888850824586425,False,False,20.6
C_00376,10.799,15.958,22.47,26.827,LOT_009,True,0.724,1186.2,11.451775,3.043334604045288,5.052098109607406,True,8.674375000000005,13.049374999999998,True,-0.24679170464649558,True,True,79.4
C_00377,10.126,10.248,10.541,10.849,LOT_009,False,0.38,40.9,11.451775,3.043334604045288,-0.19806399178019185,False,8.674375000000005,13.049374999999998,False,0.17919888212247542,False,False,17.7
C_00378,9.566,9.906,10.688,10.639,LOT_009,False,0.392,46.3,11.451775,3.043334604045288,-0.26706724883936067,False,8.674375000000005,13.049374999999998,False,0.0952597084435608,False,False,22.5
C_00379,9.982,10.21,10.602,10.642,LOT_009,False,0.351,30.8,11.451775,3.043334604045288,-0.2660814880242297,False,8.674375000000005,13.049374999999998,False,0.17441013621750256,False,False,18.5
C_00380,9.695,9.74,9.846,9.812,LOT_009,False,0.364,35.2,11.451775,3.043334604045288,-0.538808646877134,False,8.674375000000005,13.049374999999998,False,0.08301849094614666,False,False,25.3
C_00381,11.04,11.302,11.318,11.613,LOT_009,False,0.345,29.2,11.451775,3.043334604045288,0.05297642913983071,False,8.674375000000005,13.049374999999998,False,0.10911146820288503,False,False,20.0
C_00382,10.716,10.915,11.356,11.46,LOT_009,False,0.407,53.4,11.451775,3.043334604045288,0.0027026275681511823,False,8.674375000000005,13.049374999999998,False,0.12581033437112205,False,False,18.7
C_00383,10.028,10.413,10.328,10.866,LOT_009,False,0.331,25.4,11.451775,3.043334604045288,-0.19247801382778315,False,8.674375000000005,13.049374999999998,False,0.1522578670261735,False,False,19.0
C_00384,10.275,13.851,17.617,21.087,LOT_009,True,0.7,938.8,11.451775,3.043334604045288,3.166009083323464,True,8.674375000000005,13.049374999999998,True,-0.18553607227060287,True,True,60.7
C_00385,9.229,9.535,9.41,9.639,LOT_009,False,0.381,41.4,11.451775,3.043334604045288,-0.5956541872163539,False,8.674375000000005,13.049374999999998,False,0.005727259531261519,False,False,29.7
C_00386,9.971,10.046,10.377,10.056,LOT_009,False,0.306,19.8,11.451775,3.043334604045288,-0.45863343391314776,False,8.674375000000005,13.049374999999998,False,0.14228475873811147,False,False,21.7
C_00387,10.323,10.827,10.694,11.402,LOT_009,False,0.389,44.7,11.451775,3.043334604045288,-0.01635541485771495,False,8.674375000000005,13.049374999999998,False,0.15929039408086265,False,False,17.2
C_00388,11.325,11.063,11.305,11.69,LOT_009,False,0.324,23.7,11.451775,3.043334604045288,0.07827762339485916,False,8.674375000000005,13.049374999999998,False,0.0738172431291309,False,False,22.0
C_00389,10.35,10.179,10.444,10.78,LOT_009,False,0.352,31.2,11.451775,3.043334604045288,-0.22073649052820465,False,8.674375000000005,13.049374999999998,False,0.17989702753640835,False,False,17.8
C_00390,11.542,11.375,11.7,11.696,LOT_009,False,0.381,41.5,11.451775,3.043334604045288,0.0802491450251212,False,8.674375000000005,13.049374999999998,False,0.058335435090743404,False,False,22.8
C_00391,10.69,10.75,10.983,10.976,LOT_009,False,0.357,32.9,11.451775,3.043334604045288,-0.1563334506063135,False,8.674375000000005,13.049374999999998,False,0.15576343755479516,False,False,18.5
C_00392,9.782,10.06,10.107,10.255,LOT_009,False,0.365,35.4,11.451775,3.043334604045288,-0.3932446331761256,False,8.674375000000005,13.049374999999998,False,0.12843811003658162,False,False,21.9
C_00393,11.594,11.305,12.284,11.743,LOT_009,False,0.393,46.4,11.451775,3.043334604045288,0.09569273112884008,False,8.674375000000005,13.049374999999998,False,0.02043156966337678,False,False,24.8
C_00394,10.096,10.613,10.483,10.619,LOT_009,False,0.365,35.4,11.451775,3.043334604045288,-0.2736389876069004,False,8.674375000000005,13.049374999999998,False,0.16030220799963474,False,False,19.3
C_00395,10.462,11.303,10.826,10.677,LOT_009,False,0.345,29.1,11.451775,3.043334604045288,-0.25458094518103486,False,8.674375000000005,13.049374999999998,False,0.12937777746187312,False,False,20.7
C_00396,10.474,10.334,10.715,10.591,LOT_009,False,0.372,37.9,11.451775,3.043334604045288,-0.2828394218814564,False,8.674375000000005,13.049374999999998,False,0.17741402742793044,False,False,18.5
C_00397,9.931,10.054,9.961,10.171,LOT_009,False,0.302,19.2,11.451775,3.043334604045288,-0.4208459359997935,False,8.674375000000005,13.049374999999998,False,0.13005737548944724,False,False,22.0
C_00398,10.986,10.814,10.872,11.165,LOT_009,False,0.357,32.8,11.451775,3.043334604045288,-0.09423051925306236,False,8.674375000000005,13.049374999999998,False,0.13425354652625704,False,False,19.1
C_00399,10.64,10.79,10.668,10.724,LOT_009,False,0.295,17.9,11.451775,3.043334604045288,-0.239137359077316,False,8.674375000000005,13.049374999999998,False,0.1739665530096689,False,False,18.3
C_00400,10.641,10.215,10.532,10.852,LOT_009,False,0.303,19.3,11.451775,3.043334604045288,-0.19707823096506083,False,8.674375000000005,13.049374999999998,False,0.1677140473613345,False,False,18.3
C_00401,9.26,9.609,9.91,10.3,LOT_010,False,0.394,47.2,11.284425,5.140203417542729,-0.19151479426676146,False,8.2165,12.084500000000002,False,0.16663438328593555,False,False,18.3
C_00402,9.326,9.851,9.975,9.814,LOT_010,False,0.348,29.9,11.284425,5.140203417542729,-0.28606358164380513,False,8.2165,12.084500000000002,False,0.13816333149948895,False,False,20.5
C_00403,10.79,10.671,11.068,11.861,LOT_010,False,0.39,45.3,11.284425,5.140203417542729,0.11216968535374255,False,8.2165,12.084500000000002,False,0.0019670149099493273,False,False,25.8
C_00404,8.744,9.23,9.1,9.468,LOT_010,False,0.347,29.9,11.284425,5.140203417542729,-0.35337609282170035,False,8.2165,12.084500000000002,False,0.09321929037251286,False,False,23.3
C_00405,8.982,9.281,9.558,9.853,LOT_010,False,0.385,43.0,11.284425,5.140203417542729,-0.2784763332740424,False,8.2165,12.084500000000002,False,0.14526627466773395,False,False,20.1
C_00406,10.185,10.334,10.479,10.377,LOT_010,False,0.316,21.9,11.284425,5.140203417542729,-0.17653484235722988,False,8.2165,12.084500000000002,False,0.11192097577529347,False,False,20.9
C_00407,9.986,9.885,10.646,10.604,LOT_010,False,0.357,32.9,11.284425,5.140203417542729,-0.13237316594861107,False,8.2165,12.084500000000002,False,0.11756079105185618,False,False,20.2
C_00408,9.067,16.196,27.891,37.464,LOT_010,True,0.758,1645.6,11.284425,5.140203417542729,5.093100967687993,True,8.2165,12.084500000000002,True,-0.2559617166634611,True,True,80.2
C_00409,9.211,9.307,9.462,10.006,LOT_010,False,0.366,35.7,11.284425,5.140203417542729,-0.24871097428497307,False,8.2165,12.084500000000002,False,0.16061745943154898,False,False,19.0
C_00410,9.184,9.688,9.299,9.698,LOT_010,False,0.335,26.4,11.284425,5.140203417542729,-0.3086307819230994,False,8.2165,12.084500000000002,False,0.1391543283496629,False,False,20.6
C_00411,10.765,10.553,11.287,11.076,LOT_010,False,0.381,41.4,11.284425,5.140203417542729,-0.04054800619148211,False,8.2165,12.084500000000002,False,0.03653168268761664,False,False,23.5
C_00412,9.318,9.269,9.623,9.538,LOT_010,False,0.309,20.5,11.284425,5.140203417542729,-0.3397579547221261,False,8.2165,12.084500000000002,False,0.1529446000150329,False,False,20.2
C_00413,9.78,9.996,10.526,10.49,LOT_010,False,0.348,29.9,11.284425,5.140203417542729,-0.15455127656791737,False,8.2165,12.084500000000002,False,0.12016597625324771,False,False,20.3
C_00414,11.417,11.237,11.713,11.972,LOT_010,False,0.371,37.5,11.284425,5.140203417542729,0.1337641614830671,False,8.2165,12.084500000000002,False,-0.1162354233873446,True,True,31.9
C_00415,9.561,9.521,9.684,10.225,LOT_010,False,0.356,32.3,11.284425,5.140203417542729,-0.2061056565163054,False,8.2165,12.084500000000002,False,0.1476104314757663,False,False,19.3
C_00416,8.716,8.855,8.943,9.148,LOT_010,False,0.337,27.1,11.284425,5.140203417542729,-0.4156304384197537,False,8.2165,12.084500000000002,False,0.08511336703324751,False,False,24.2
C_00417,9.108,8.886,9.353,9.589,LOT_010,False,0.34,27.6,11.284425,5.140203417542729,-0.3298361683924363,False,8.2165,12.084500000000002,False,0.13245480118331615,False,False,21.1
C_00418,9.053,9.451,9.927,10.31,LOT_010,False,0.37,37.1,11.284425,5.140203417542729,-0.18956934596682234,False,8.2165,12.084500000000002,False,0.14509971620905399,False,False,19.3
C_00419,8.692,8.87,8.811,9.133,LOT_010,False,0.341,28.0,11.284425,5.140203417542729,-0.4185486108696626,False,8.2165,12.084500000000002,False,0.06471781512588792,False,False,25.3
C_00420,9.43,9.954,10.157,10.202,LOT_010,False,0.318,22.3,11.284425,5.140203417542729,-0.21058018760616545,False,8.2165,12.084500000000002,False,0.1441256833296688,False,False,19.5
C_00421,9.29,9.613,9.372,9.693,LOT_010,False,0.26,12.7,11.284425,5.140203417542729,-0.30960350607306913,False,8.2165,12.084500000000002,False,0.14597997879075464,False,False,20.3
C_00422,9.374,9.53,9.948,10.252,LOT_010,False,0.355,32.1,11.284425,5.140203417542729,-0.20085294610646948,False,8.2165,12.084500000000002,False,0.1744444227449482,False,False,18.0
C_00423,9.8,14.314,21.797,27.938,LOT_010,True,0.69,852.1,11.284425,5.140203417542729,3.239866917165941,True,8.2165,12.084500000000002,True,-0.20759661157884013,True,True,62.4
C_00424,9.362,9.337,9.827,9.95,LOT_010,False,0.367,36.2,11.284425,5.140203417542729,-0.2596054847646326,False,8.2165,12.084500000000002,False,0.1591623219636163,False,False,19.2
C_00425,9.153,8.971,9.239,9.069,LOT_010,False,0.308,20.3,11.284425,5.140203417542729,-0.43099947998927296,False,8.2165,12.084500000000002,False,0.11042980096303501,False,False,23.1
C_00426,9.93,9.627,10.011,10.652,LOT_010,False,0.383,42.3,11.284425,5.140203417542729,-0.12303501410890305,False,8.2165,12.084500000000002,False,0.13244559692580127,False,False,19.4
C_00427,9.282,9.13,9.583,10.312,LOT_010,False,0.417,58.9,11.284425,5.140203417542729,-0.18918025630683472,False,8.2165,12.084500000000002,False,0.15077497990966787,False,False,19.0
C_00428,9.035,9.024,9.44,9.398,LOT_010,False,0.353,31.4,11.284425,5.140203417542729,-0.36699423092127453,False,8.2165,12.084500000000002,False,0.14066032708215914,False,False,21.0
C_00429,10.18,10.284,10.485,10.893,LOT_010,False,0.311,20.9,11.284425,5.140203417542729,-0.07614971008036885,False,8.2165,12.084500000000002,False,0.11404760581759482,False,False,19.9
C_00430,8.602,8.602,9.315,9.428,LOT_010,False,0.406,53.0,11.284425,5.140203417542729,-0.3611578860214568,False,8.2165,12.084500000000002,False,0.058032121890485566,False,False,25.1
C_00431,9.345,9.619,9.994,10.628,LOT_010,False,0.427,65.0,11.284425,5.140203417542729,-0.12770409002875688,False,8.2165,12.084500000000002,False,0.14903438566856986,False,False,18.6
C_00432,9.251,9.148,9.88,10.351,LOT_010,False,0.389,44.9,11.284425,5.140203417542729,-0.18159300793707167,False,8.2165,12.084500000000002,False,0.14917194463606143,False,False,19.1
C_00433,10.136,10.386,10.766,10.762,LOT_010,False,0.316,22.0,11.284425,5.140203417542729,-0.10163508280957198,False,8.2165,12.084500000000002,False,0.10516398178349029,False,False,20.6
C_00434,9.11,9.062,8.619,9.299,LOT_010,False,0.295,17.8,11.284425,5.140203417542729,-0.38625416909067234,False,8.2165,12.084500000000002,False,0.06371883500680914,False,False,25.0
C_00435,8.712,8.5,9.015,8.685,LOT_010,False,0.338,27.2,11.284425,5.140203417542729,-0.505704694706937,False,8.2165,12.084500000000002,False,-0.0002682293059022012,True,True,29.2
C_00436,10.327,10.508,10.852,10.98,LOT_010,False,0.351,30.8,11.284425,5.140203417542729,-0.059224309870898134,False,8.2165,12.084500000000002,False,0.08520434289395046,False,False,21.2
C_00437,9.869,9.847,10.187,10.547,LOT_010,False,0.361,34.0,11.284425,5.140203417542729,-0.14346222125826405,False,8.2165,12.084500000000002,False,0.1430058397376237,False,False,19.0
C_00438,10.542,10.429,10.866,10.901,LOT_010,False,0.348,30.1,11.284425,5.140203417542729,-0.07459335144041768,False,8.2165,12.084500000000002,False,0.07351832968172484,False,False,21.9
C_00439,10.185,9.914,10.19,10.328,LOT_010,False,0.302,19.2,11.284425,5.140203417542729,-0.18606753902693204,False,8.2165,12.084500000000002,False,0.13088877730565207,False,False,20.0
C_00440,10.0,9.935,9.935,10.183,LOT_010,False,0.294,17.8,11.284425,5.140203417542729,-0.2142765393760499,False,8.2165,12.084500000000002,False,0.13098148137669857,False,False,20.2
C_00441,9.194,9.428,10.059,9.951,LOT_011,False,0.352,31.1,10.55845,0.633749281089968,-0.9585020734938957,False,8.769375,12.214375,False,0.10340415165192629,False,False,27.8
C_00442,8.977,9.352,9.336,9.472,LOT_011,False,0.346,29.3,10.55845,0.633749281089968,-1.7143214713103034,False,8.769375,12.214375,False,-0.0032880338366727546,True,True,39.5
C_00443,10.316,10.634,10.831,10.844,LOT_011,False,0.337,26.9,10.55845,0.633749281089968,0.45057250322854686,False,8.769375,12.214375,False,0.1530416248825205,False,False,21.1
C_00444,9.974,9.705,10.088,9.923,LOT_011,False,0.324,23.8,10.55845,0.633749281089968,-1.0026835831783627,False,8.769375,12.214375,False,0.12146434548378815,False,False,27.3
C_00445,10.49,10.569,10.801,10.912,LOT_011,False,0.282,15.7,10.55845,0.633749281089968,0.5578704553193959,False,8.769375,12.214375,False,0.14742518945777594,False,False,22.3
C_00446,10.32,10.768,11.015,10.954,LOT_011,False,0.355,32.0,10.55845,0.633749281089968,0.6241427198460952,False,8.769375,12.214375,False,0.13461089312992452,False,False,23.5
C_00447,10.381,10.46,10.614,10.684,LOT_011,False,0.384,42.7,10.55845,0.633749281089968,0.19810673360302472,False,8.769375,12.214375,False,0.16486588420467085,False,False,18.4
C_00448,9.859,10.397,10.883,10.63,LOT_011,False,0.357,32.9,10.55845,0.633749281089968,0.11289953635441345,False,8.769375,12.214375,False,0.12770458085122366,False,False,19.6
C_00449,10.153,10.227,10.683,11.082,LOT_011,False,0.431,67.8,10.55845,0.633749281089968,0.8261153355465128,False,8.769375,12.214375,False,0.12147738303868977,False,False,25.8
C_00450,11.549,11.051,11.23,11.122,LOT_011,False,0.368,36.5,10.55845,0.633749281089968,0.889231777952892,False,8.769375,12.214375,False,0.03208348157970864,False,False,30.8
C_00451,10.811,10.876,11.552,11.422,LOT_011,False,0.447,78.8,10.55845,0.633749281089968,1.3626050960007468,False,8.769375,12.214375,False,0.03735607795407758,False,False,34.5
C_00452,10.237,10.398,10.6,10.443,LOT_011,False,0.348,30.2,10.55845,0.633749281089968,-0.18216983189541716,False,8.769375,12.214375,False,0.16102512770281058,False,False,18.5
C_00453,10.581,10.799,10.728,10.772,LOT_011,False,0.322,23.3,10.55845,0.633749281089968,0.3369629068970633,False,8.769375,12.214375,False,0.1377769628493375,False,False,20.9
C_00454,9.707,10.41,10.697,11.016,LOT_011,False,0.431,67.5,10.55845,0.633749281089968,0.7219732055759839,False,8.769375,12.214375,False,0.10061845257464364,False,False,26.0
C_00455,9.293,9.599,10.065,9.974,LOT_011,False,0.345,29.1,10.55845,0.633749281089968,-0.9222101191102274,False,8.769375,12.214375,False,0.1395739357343846,False,False,25.7
C_00456,8.885,9.171,9.276,10.035,LOT_011,False,0.417,58.7,10.55845,0.633749281089968,-0.8259575444404973,False,8.769375,12.214375,False,-0.03128183477309976,True,True,33.4
C_00457,10.798,11.064,11.238,11.367,LOT_011,False,0.352,31.2,10.55845,0.633749281089968,1.275819987691974,False,8.769375,12.214375,False,0.07420111502255045,False,False,31.9
C_00458,9.79,10.053,10.511,10.631,LOT_011,False,0.427,64.8,10.55845,0.633749281089968,0.11447744741457208,False,8.769375,12.214375,False,0.1672540421396304,False,False,17.6
C_00459,9.611,9.554,10.02,10.161,LOT_011,False,0.287,16.5,10.55845,0.633749281089968,-0.6271407508603997,False,8.769375,12.214375,False,0.16156902379002136,False,False,22.1
C_00460,10.671,10.107,10.53,10.324,LOT_011,False,0.273,14.4,10.55845,0.633749281089968,-0.36994124805439876,False,8.769375,12.214375,False,0.09134054927441981,False,False,23.5
C_00461,9.465,9.498,9.965,9.842,LOT_011,False,0.372,38.1,10.55845,0.633749281089968,-1.1304943790512825,False,8.769375,12.214375,False,0.12031831160828926,False,False,28.4
C_00462,11.473,11.263,11.72,12.552,LOT_011,False,0.404,51.9,10.55845,0.633749281089968,3.145644593980994,True,8.769375,12.214375,True,-0.07493274707296838,True,True,55.0
C_00463,9.278,9.619,9.63,9.785,LOT_011,False,0.343,28.7,10.55845,0.633749281089968,-1.2204353094803753,False,8.769375,12.214375,False,0.0717202374950684,False,False,31.6
C_00464,10.361,10.315,10.441,10.708,LOT_011,False,0.341,28.0,10.55845,0.633749281089968,0.23597659904685445,False,8.769375,12.214375,False,0.15321072613193365,False,False,19.3
C_00465,9.671,10.107,10.213,10.34,LOT_011,False,0.353,31.6,10.55845,0.633749281089968,-0.34469467109184654,False,8.769375,12.214375,False,0.1576301659260948,False,False,20.0
C_00466,10.137,10.103,10.644,10.594,LOT_011,False,0.378,40.2,10.55845,0.633749281089968,0.056094738188668856,False,8.769375,12.214375,False,0.16691501311206164,False,False,17.1
C_00467,10.238,10.799,10.337,10.566,LOT_011,False,0.36,33.7,10.55845,0.633749281089968,0.01191322850420458,False,8.769375,12.214375,False,0.12361379456244181,False,False,18.9
C_00468,9.546,9.546,10.021,10.07,LOT_011,False,0.412,56.0,10.55845,0.633749281089968,-0.7707306573349141,False,8.769375,12.214375,False,0.16157808228897858,False,False,23.3
C_00469,11.804,11.548,12.194,11.958,LOT_011,False,0.335,26.5,10.55845,0.633749281089968,2.2083654242462445,False,8.769375,12.214375,False,-0.11409526273043513,True,True,49.1
C_00470,9.724,9.947,9.977,10.482,LOT_011,False,0.38,41.2,10.55845,0.633749281089968,-0.12063130054919666,False,8.769375,12.214375,False,0.15432531246091824,False,False,18.3
C_00471,9.777,9.801,10.259,10.375,LOT_011,False,0.38,41.2,10.55845,0.633749281089968,-0.2894677839862634,False,8.769375,12.214375,False,0.1543407575302015,False,False,19.7
C_00472,10.199,10.724,10.978,11.261,LOT_011,False,0.38,41.1,10.55845,0.633749281089968,1.1085614153150631,False,8.769375,12.214375,False,0.11250647174307327,False,False,28.6
C_00473,9.034,9.588,9.359,9.669,LOT_011,False,0.368,36.7,10.55845,0.633749281089968,-1.4034729924588782,False,8.769375,12.214375,False,0.03990361600072112,False,False,34.7
C_00474,11.024,11.489,11.107,11.198,LOT_011,False,0.301,19.0,10.55845,0.633749281089968,1.0091530185250157,False,8.769375,12.214375,False,0.02411224813560031,False,False,32.2
C_00475,9.671,9.537,9.88,10.415,LOT_011,False,0.379,40.6,10.55845,0.633749281089968,-0.22635134157988424,False,8.769375,12.214375,False,0.1268955570396333,False,False,20.5
C_00476,9.796,10.017,9.444,9.888,LOT_011,False,0.32,22.8,10.55845,0.633749281089968,-1.057910470283946,False,8.769375,12.214375,False,0.07290551755211161,False,False,30.2
C_00477,9.809,9.895,10.14,10.556,LOT_011,False,0.366,35.9,10.55845,0.633749281089968,-0.0038658820973930066,False,8.769375,12.214375,False,0.15845623202818293,False,False,17.1
C_00478,9.831,10.217,10.471,10.362,LOT_011,False,0.357,32.9,10.55845,0.633749281089968,-0.30998062776833685,False,8.769375,12.214375,False,0.16471363405486006,False,False,19.3
C_00479,9.777,9.885,9.777,9.924,LOT_011,False,0.34,27.7,10.55845,0.633749281089968,-1.0011056721182041,False,8.769375,12.214375,False,0.12892917073770893,False,False,26.9
C_00480,9.877,10.024,10.013,10.074,LOT_011,False,0.319,22.6,10.55845,0.633749281089968,-0.7644190130942767,False,8.769375,12.214375,False,0.14971342558110012,False,False,23.9
C_00481,9.505,10.202,11.147,11.059,LOT_012,False,0.424,63.1,10.71835,2.6955088815971706,0.12637687908420273,False,7.799375000000004,12.650374999999997,False,0.11443177348346917,False,False,20.3
C_00482,10.073,10.261,10.014,10.273,LOT_012,False,0.32,22.9,10.71835,2.6955088815971706,-0.16521926640290502,False,7.799375000000004,12.650374999999997,False,0.16807075849340403,False,False,18.0
C_00483,9.693,9.486,10.262,9.798,LOT_012,False,0.366,35.7,10.71835,2.6955088815971706,-0.3414383110675057,False,7.799375000000004,12.650374999999997,False,0.16292754934481374,False,False,19.7
C_00484,10.155,10.286,10.442,10.825,LOT_012,False,0.417,58.7,10.71835,2.6955088815971706,0.03956581287048358,False,7.799375000000004,12.650374999999997,False,0.20241315208310584,False,False,15.2
C_00485,9.103,8.943,9.434,9.444,LOT_012,False,0.366,35.8,10.71835,2.6955088815971706,-0.47276787277543947,False,7.799375000000004,12.650374999999997,False,0.14715620202833418,False,False,21.6
C_00486,9.998,9.979,10.379,10.624,LOT_012,False,0.399,49.6,10.71835,2.6955088815971706,-0.03500266708232598,False,7.799375000000004,12.650374999999997,False,0.20351894223127565,False,False,15.1
C_00487,8.89,9.261,8.956,9.072,LOT_012,False,0.293,17.6,10.71835,2.6955088815971706,-0.6107752088075065,False,7.799375000000004,12.650374999999997,False,0.10011394660317435,False,False,25.1
C_00488,9.547,9.26,9.694,9.575,LOT_012,False,0.363,34.7,10.71835,2.6955088815971706,-0.4241685151942554,False,7.799375000000004,12.650374999999997,False,0.18397471221420902,False,False,19.3
C_00489,8.594,9.177,9.486,9.062,LOT_012,False,0.308,20.3,10.71835,2.6955088815971706,-0.6144850834320242,False,7.799375000000004,12.650374999999997,False,0.08678811603406555,False,False,25.8
C_00490,8.371,8.611,8.78,8.872,LOT_012,False,0.34,27.8,10.71835,2.6955088815971706,-0.6849727012978644,False,7.799375000000004,12.650374999999997,False,-0.0040645156296929,True,True,30.9
C_00491,9.312,13.559,19.645,24.511,LOT_012,True,0.723,1177.4,10.71835,2.6955088815971706,5.116900223985698,True,7.799375000000004,12.650374999999997,True,-0.2064567782383968,True,True,78.0
C_00492,9.377,9.415,9.634,10.006,LOT_012,False,0.38,41.1,10.71835,2.6955088815971706,-0.26427291887753307,False,7.799375000000004,12.650374999999997,False,0.19250875246567262,False,False,17.6
C_00493,9.777,9.902,10.555,10.923,LOT_012,False,0.409,54.6,10.71835,2.6955088815971706,0.0759225841907594,False,7.799375000000004,12.650374999999997,False,0.1753684864543898,False,False,16.9
C_00494,10.557,10.477,11.234,10.791,LOT_012,False,0.271,14.2,10.71835,2.6955088815971706,0.02695223914712308,False,7.799375000000004,12.650374999999997,False,0.07619561778924455,False,False,21.4
C_00495,10.005,9.751,9.806,10.297,LOT_012,False,0.27,14.0,10.71835,2.6955088815971706,-0.15631556730406168,False,7.799375000000004,12.650374999999997,False,0.17519395246352032,False,False,17.5
C_00496,9.938,10.005,10.156,10.362,LOT_012,False,0.332,25.6,10.71835,2.6955088815971706,-0.13220138224469544,False,7.799375000000004,12.650374999999997,False,0.1887066322681853,False,False,16.7
C_00497,9.179,8.877,9.228,9.365,LOT_012,False,0.359,33.4,10.71835,2.6955088815971706,-0.5020758823091312,False,7.799375000000004,12.650374999999997,False,0.1194834374478565,False,False,23.2
C_00498,10.182,10.321,10.358,10.656,LOT_012,False,0.381,41.5,10.71835,2.6955088815971706,-0.023131068283868652,False,7.799375000000004,12.650374999999997,False,0.19350204576479946,False,False,15.5
C_00499,8.97,9.332,9.312,9.611,LOT_012,False,0.368,36.4,10.71835,2.6955088815971706,-0.4108129665459904,False,7.799375000000004,12.650374999999997,False,0.17343320043185112,False,False,19.8
C_00500,10.1,10.11,10.126,10.537,LOT_012,False,0.323,23.5,10.71835,2.6955088815971706,-0.06727857631563172,False,7.799375000000004,12.650374999999997,False,0.19149833151468576,False,False,16.0
C_00501,9.896,10.21,10.848,10.949,LOT_012,False,0.44,73.5,10.71835,2.6955088815971706,0.0855682582145059,False,7.799375000000004,12.650374999999997,False,0.17934366707079102,False,False,16.7
C_00502,10.354,10.19,10.358,10.85,LOT_012,False,0.36,33.8,10.71835,2.6955088815971706,0.04884049943177849,False,7.799375000000004,12.650374999999997,False,0.18871768411134132,False,False,16.0
C_00503,9.677,9.477,9.638,9.911,LOT_012,False,0.35,30.7,10.71835,2.6955088815971706,-0.29951672781045346,False,7.799375000000004,12.650374999999997,False,0.20138080910960593,False,False,17.4
C_00504,9.455,9.353,9.75,10.137,LOT_012,False,0.375,39.2,10.71835,2.6955088815971706,-0.21567356129634832,False,7.799375000000004,12.650374999999997,False,0.18199490776514216,False,False,17.7
C_00505,9.367,9.374,9.674,9.876,LOT_012,False,0.356,32.6,10.71835,2.6955088815971706,-0.3125012889962662,False,7.799375000000004,12.650374999999997,False,0.19583055711932928,False,False,17.8
C_00506,9.749,12.175,15.793,18.641,LOT_012,True,0.649,572.1,10.71835,2.6955088815971706,2.939203819393683,False,7.799375000000004,12.650374999999997,True,-0.1272014564368289,True,True,55.9
C_00507,10.208,10.552,10.686,10.918,LOT_012,False,0.346,29.5,10.71835,2.6955088815971706,0.07406764687850015,False,7.799375000000004,12.650374999999997,False,0.1544071610669422,False,False,17.9
C_00508,10.358,10.145,10.355,10.673,LOT_012,False,0.346,29.5,10.71835,2.6955088815971706,-0.016824281422188402,False,7.799375000000004,12.650374999999997,False,0.18564782162830312,False,False,15.9
C_00509,8.9,9.39,9.582,9.717,LOT_012,False,0.347,29.7,10.71835,2.6955088815971706,-0.3714882955261006,False,7.799375000000004,12.650374999999997,False,0.16535296957338996,False,False,19.8
C_00510,8.995,9.102,9.222,9.621,LOT_012,False,0.317,22.2,10.71835,2.6955088815971706,-0.4071030919214726,False,7.799375000000004,12.650374999999997,False,0.14841891132862772,False,False,21.0
C_00511,9.838,9.795,9.791,10.171,LOT_012,False,0.335,26.5,10.71835,2.6955088815971706,-0.20305998757298782,False,7.799375000000004,12.650374999999997,False,0.1864828838882961,False,False,17.4
C_00512,10.871,11.391,11.077,11.744,LOT_012,False,0.352,31.4,10.71835,2.6955088815971706,0.38050329086367984,False,7.799375000000004,12.650374999999997,False,-0.046240151335776525,True,True,30.5
C_00513,10.087,10.005,10.699,10.38,LOT_012,False,0.341,28.1,10.71835,2.6955088815971706,-0.12552360792056294,False,7.799375000000004,12.650374999999997,False,0.17119195887105354,False,False,17.5
C_00514,8.38,8.653,8.934,8.944,LOT_012,False,0.401,50.4,10.71835,2.6955088815971706,-0.658261604001335,False,7.799375000000004,12.650374999999997,False,0.029806447951081116,False,False,29.0
C_00515,9.503,9.282,9.418,9.541,LOT_012,False,0.326,24.1,10.71835,2.6955088815971706,-0.4367820889176159,False,7.799375000000004,12.650374999999997,False,0.18828650707004096,False,False,19.2
C_00516,9.192,9.521,9.472,9.633,LOT_012,False,0.364,35.2,10.71835,2.6955088815971706,-0.4026512423720516,False,7.799375000000004,12.650374999999997,False,0.17643171636740113,False,False,19.5
C_00517,10.38,10.275,10.518,11.046,LOT_012,False,0.319,22.7,10.71835,2.6955088815971706,0.12155404207232946,False,7.799375000000004,12.650374999999997,False,0.1562182821345416,False,False,18.2
C_00518,9.839,9.385,9.459,9.938,LOT_012,False,0.362,34.5,10.71835,2.6955088815971706,-0.28950006632425473,False,7.799375000000004,12.650374999999997,False,0.18348724736573208,False,False,18.2
C_00519,9.51,10.035,10.797,10.883,LOT_012,False,0.43,66.8,10.71835,2.6955088815971706,0.0610830856926874,False,7.799375000000004,12.650374999999997,False,0.15697504403803136,False,False,17.7
C_00520,9.645,9.688,9.724,9.498,LOT_012,False,0.328,24.6,10.71835,2.6955088815971706,-0.45273454980304334,False,7.799375000000004,12.650374999999997,False,0.17320001081761238,False,False,20.1
C_00521,8.123,8.381,8.618,8.808,LOT_013,False,0.362,34.5,9.416,2.689542283048864,-0.22606077020316337,False,7.221124999999997,10.216125000000002,False,0.26826411235952075,False,False,13.5
C_00522,8.357,8.584,8.665,8.32,LOT_013,False,0.32,22.9,9.416,2.689542283048864,-0.40750428312938625,False,7.221124999999997,10.216125000000002,False,0.2642045598768187,False,False,15.2
C_00523,9.439,9.104,9.303,9.394,LOT_013,False,0.353,31.6,9.416,2.689542283048864,-0.008179830500772442,False,7.221124999999997,10.216125000000002,False,0.15420997756417232,False,False,17.4
C_00524,8.172,8.33,8.336,8.887,LOT_013,False,0.435,70.2,9.416,2.689542283048864,-0.19668774249584423,False,7.221124999999997,10.216125000000002,False,0.2686171597710621,False,False,13.2
C_00525,8.604,8.459,8.321,8.798,LOT_013,False,0.284,16.1,9.416,2.689542283048864,-0.2297788749762416,False,7.221124999999997,10.216125000000002,False,0.251649476082488,False,False,14.3
C_00526,9.269,9.392,9.23,9.374,LOT_013,False,0.34,27.7,9.416,2.689542283048864,-0.015616040046928965,False,7.221124999999997,10.216125000000002,False,0.15996313783347693,False,False,17.1
C_00527,8.695,9.018,9.109,9.068,LOT_013,False,0.345,29.1,9.416,2.689542283048864,-0.12939004610312657,False,7.221124999999997,10.216125000000002,False,0.23706137076947265,False,False,14.2
C_00528,8.749,8.18,8.479,8.814,LOT_013,False,0.415,57.8,9.416,2.689542283048864,-0.22382990733931626,False,7.221124999999997,10.216125000000002,False,0.2279313311205759,False,False,15.5
C_00529,9.608,12.126,15.238,18.116,LOT_013,True,0.677,745.9,9.416,2.689542283048864,3.234751152578157,True,7.221124999999997,10.216125000000002,True,-0.07329318966949705,True,True,55.6
C_00530,8.695,8.91,8.922,8.852,LOT_013,False,0.358,33.2,9.416,2.689542283048864,-0.20970110920161847,False,7.221124999999997,10.216125000000002,False,0.254839421496116,False,False,14.0
C_00531,8.062,8.206,8.155,8.584,LOT_013,False,0.359,33.4,9.416,2.689542283048864,-0.3093463171201183,False,7.221124999999997,10.216125000000002,False,0.2658563593389216,False,False,14.3
C_00532,8.058,8.456,8.153,8.721,LOT_013,False,0.369,37.0,9.416,2.689542283048864,-0.2584082817289448,False,7.221124999999997,10.216125000000002,False,0.25677377685730335,False,False,14.3
C_00533,8.143,8.469,8.355,8.486,LOT_013,False,0.362,34.3,9.416,2.689542283048864,-0.34578374389628563,False,7.221124999999997,10.216125000000002,False,0.28273536933504234,False,False,13.7
C_00534,8.361,8.536,8.976,9.357,LOT_013,False,0.396,48.2,9.416,2.689542283048864,-0.021936818161162604,False,7.221124999999997,10.216125000000002,False,0.22358051493970837,False,False,14.0
C_00535,8.149,8.171,8.713,8.174,LOT_013,False,0.381,41.3,9.416,2.689542283048864,-0.4617886128163303,False,7.221124999999997,10.216125000000002,False,0.23965676316928636,False,False,16.9
C_00536,8.056,8.138,8.328,8.488,LOT_013,False,0.334,26.1,9.416,2.689542283048864,-0.3450401229416704,False,7.221124999999997,10.216125000000002,False,0.26990603921194717,False,False,14.4
C_00537,7.624,7.735,7.696,7.686,LOT_013,False,0.315,21.8,9.416,2.689542283048864,-0.6432321257425532,False,7.221124999999997,10.216125000000002,False,0.10609288046288701,False,False,25.1
C_00538,8.191,8.286,8.482,8.549,LOT_013,False,0.332,25.7,9.416,2.689542283048864,-0.32235968382589253,False,7.221124999999997,10.216125000000002,False,0.2849960171451454,False,False,13.4
C_00539,9.523,9.587,9.745,9.894,LOT_013,False,0.363,34.9,9.416,2.689542283048864,0.17772540815314464,False,7.221124999999997,10.216125000000002,False,0.0407524001438867,False,False,24.4
C_00540,8.221,11.996,15.462,18.505,LOT_013,True,0.721,1156.3,9.416,2.689542283048864,3.379385428250904,True,7.221124999999997,10.216125000000002,True,-0.03643493157035538,True,True,55.0
C_00541,8.642,8.601,8.691,8.347,LOT_013,False,0.313,21.3,9.416,2.689542283048864,-0.397465400242075,False,7.221124999999997,10.216125000000002,False,0.2421931619462273,False,False,16.2
C_00542,7.895,7.813,8.156,8.19,LOT_013,False,0.411,55.7,9.416,2.689542283048864,-0.455839645179405,False,7.221124999999997,10.216125000000002,False,0.2267153126502654,False,False,17.5
C_00543,8.267,8.239,8.278,8.466,LOT_013,False,0.268,13.8,9.416,2.689542283048864,-0.35321995344244284,False,7.221124999999997,10.216125000000002,False,0.28378785497413034,False,False,13.8
C_00544,7.24,7.194,7.496,7.356,LOT_013,False,0.366,35.9,9.416,2.689542283048864,-0.7659295832541385,False,7.221124999999997,10.216125000000002,False,-0.005557145474166414,True,True,31.7
C_00545,7.956,11.727,15.925,19.087,LOT_013,True,0.73,1251.4,9.416,2.689542283048864,3.595779126044064,True,7.221124999999997,10.216125000000002,True,-0.07368313779802071,True,True,58.6
C_00546,8.178,8.111,8.163,8.336,LOT_013,False,0.263,13.0,9.416,2.689542283048864,-0.4015553154924609,False,7.221124999999997,10.216125000000002,False,0.2656036524524794,False,False,15.1
C_00547,8.251,7.803,7.983,8.256,LOT_013,False,0.305,19.6,9.416,2.689542283048864,-0.4313001536770877,False,7.221124999999997,10.216125000000002,False,0.2072512434572864,False,False,18.2
C_00548,7.812,7.798,8.235,8.22,LOT_013,False,0.428,65.5,9.416,2.689542283048864,-0.44468533086016954,False,7.221124999999997,10.216125000000002,False,0.21294458668362204,False,False,18.1
C_00549,8.746,8.983,8.63,8.699,LOT_013,False,0.285,16.2,9.416,2.689542283048864,-0.2665881122297173,False,7.221124999999997,10.216125000000002,False,0.23214383090700236,False,False,15.6
C_00550,8.36,8.408,8.735,8.749,LOT_013,False,0.353,31.4,9.416,2.689542283048864,-0.2479975883643253,False,7.221124999999997,10.216125000000002,False,0.28410624015639635,False,False,12.9
C_00551,9.089,9.322,9.385,9.168,LOT_013,False,0.347,29.6,9.416,2.689542283048864,-0.09220899837234328,False,7.221124999999997,10.216125000000002,False,0.1630260220548514,False,False,17.6
C_00552,8.311,8.306,8.805,8.756,LOT_013,False,0.38,41.0,9.416,2.689542283048864,-0.2453949150231706,False,7.221124999999997,10.216125000000002,False,0.274182174898022,False,False,13.3
C_00553,8.833,9.117,9.26,9.717,LOT_013,False,0.396,48.1,9.416,2.689542283048864,0.11191495366965813,False,7.221124999999997,10.216125000000002,False,0.1617184446907472,False,False,17.8
C_00554,7.697,7.525,7.96,8.007,LOT_013,False,0.342,28.4,9.416,2.689542283048864,-0.5238809625267385,False,7.221124999999997,10.216125000000002,False,0.14086787792779032,False,False,22.3
C_00555,8.587,8.75,9.093,8.733,LOT_013,False,0.333,26.0,9.416,2.689542283048864,-0.25394655600125066,False,7.221124999999997,10.216125000000002,False,0.2458875119809973,False,False,14.8
C_00556,7.959,7.974,8.295,8.149,LOT_013,False,0.354,31.9,9.416,2.689542283048864,-0.4710838747490263,False,7.221124999999997,10.216125000000002,False,0.23438718056057034,False,False,17.2
C_00557,8.38,8.737,8.287,8.389,LOT_013,False,0.296,18.1,9.416,2.689542283048864,-0.38184936019514604,False,7.221124999999997,10.216125000000002,False,0.23943036992463762,False,False,16.2
C_00558,8.698,8.517,8.934,8.96,LOT_013,False,0.365,35.5,9.416,2.689542283048864,-0.1695455776523722,False,7.221124999999997,10.216125000000002,False,0.25502013335138474,False,False,13.7
C_00559,8.297,8.363,9.096,9.172,LOT_013,False,0.447,79.1,9.416,2.689542283048864,-0.09072175646311145,False,7.221124999999997,10.216125000000002,False,0.227761122642273,False,False,14.4
C_00560,8.796,8.84,8.952,9.008,LOT_013,False,0.36,33.9,9.416,2.689542283048864,-0.1516986747415968,False,7.221124999999997,10.216125000000002,False,0.24479877233422187,False,False,14.0
C_00561,10.199,10.32,11.164,10.947,LOT_014,False,0.418,59.4,12.458875,4.919726608974453,-0.3073087429781309,False,9.206500000000002,13.128499999999999,False,0.23318462628901648,False,False,15.9
C_00562,9.81,9.631,10.344,10.377,LOT_014,False,0.363,34.7,12.458875,4.919726608974453,-0.42316883954532986,False,9.206500000000002,13.128499999999999,False,0.19866936286922965,False,False,18.6
C_00563,11.045,11.643,11.58,11.283,LOT_014,False,0.298,18.4,12.458875,4.919726608974453,-0.23901226500167652,False,9.206500000000002,13.128499999999999,False,0.22455491924383864,False,False,15.8
C_00564,11.177,10.857,11.229,11.56,LOT_014,False,0.34,27.6,12.458875,4.919726608974453,-0.18270832333656367,False,9.206500000000002,13.128499999999999,False,0.24493720295241622,False,False,14.3
C_00565,10.196,10.596,10.679,10.857,LOT_014,False,0.338,27.3,12.458875,4.919726608974453,-0.3256024424361097,False,9.206500000000002,13.128499999999999,False,0.24097780491730014,False,False,15.7
C_00566,9.63,10.169,10.257,10.279,LOT_014,False,0.341,27.9,12.458875,4.919726608974453,-0.4430886456217959,False,9.206500000000002,13.128499999999999,False,0.1860706852325797,False,False,19.4
C_00567,9.396,9.755,9.682,10.174,LOT_014,False,0.35,30.5,12.458875,4.919726608974453,-0.4644312949894379,False,9.206500000000002,13.128499999999999,False,0.10776824779039529,False,False,23.5
C_00568,10.81,10.767,10.301,11.229,LOT_014,False,0.276,14.8,12.458875,4.919726608974453,-0.24998848467646387,False,9.206500000000002,13.128499999999999,False,0.22323928518857944,False,False,15.9
C_00569,9.863,10.254,10.823,11.007,LOT_014,False,0.39,45.2,12.458875,4.919726608974453,-0.29511294333947824,False,9.206500000000002,13.128499999999999,False,0.22537871362140993,False,False,16.2
C_00570,10.948,10.839,11.362,11.467,LOT_014,False,0.382,41.7,12.458875,4.919726608974453,-0.20161181277647514,False,9.206500000000002,13.128499999999999,False,0.2726562890498967,False,False,13.0
C_00571,10.728,10.725,10.67,11.086,LOT_014,False,0.227,9.2,12.458875,4.919726608974453,-0.27905514048191893,False,9.206500000000002,13.128499999999999,False,0.2598529487154044,False,False,14.3
C_00572,9.871,9.882,9.862,9.734,LOT_014,False,0.362,34.6,12.458875,4.919726608974453,-0.5538671590062233,False,9.206500000000002,13.128499999999999,False,0.14396537637407136,False,False,22.4
C_00573,11.03,11.412,11.268,11.591,LOT_014,False,0.336,26.7,12.458875,4.919726608974453,-0.17640716018992678,False,9.206500000000002,13.128499999999999,False,0.2521081881809677,False,False,13.9
C_00574,11.424,11.735,12.014,11.804,LOT_014,False,0.282,15.7,12.458875,4.919726608974453,-0.13311207147270998,False,9.206500000000002,13.128499999999999,False,0.16642636569259267,False,False,17.8
C_00575,11.068,11.475,11.977,11.986,LOT_014,False,0.385,43.0,12.458875,4.919726608974453,-0.0961181459021305,False,9.206500000000002,13.128499999999999,False,0.21737989645251815,False,False,14.9
C_00576,10.523,10.435,11.201,10.896,LOT_014,False,0.372,38.1,12.458875,4.919726608974453,-0.3176751726709852,False,9.206500000000002,13.128499999999999,False,0.24693335974391944,False,False,15.3
C_00577,10.438,10.762,11.697,11.106,LOT_014,False,0.43,66.7,12.458875,4.919726608974453,-0.27498987393570146,False,9.206500000000002,13.128499999999999,False,0.22920897629827747,False,False,15.8
C_00578,12.231,12.443,12.924,13.387,LOT_014,False,0.374,38.6,12.458875,4.919726608974453,0.18865377566040667,False,9.206500000000002,13.128499999999999,True,-0.013689304868690022,True,True,27.3
C_00579,9.966,9.985,10.284,10.617,LOT_014,False,0.381,41.7,12.458875,4.919726608974453,-0.37438564099071964,False,9.206500000000002,13.128499999999999,False,0.23557293871351037,False,False,16.3
C_00580,10.491,10.702,10.812,11.372,LOT_014,False,0.302,19.2,12.458875,4.919726608974453,-0.22092182887100847,False,9.206500000000002,13.128499999999999,False,0.2447145441373067,False,False,14.6
C_00581,10.888,11.206,11.277,11.656,LOT_014,False,0.349,30.4,12.458875,4.919726608974453,-0.16319504391471956,False,9.206500000000002,13.128499999999999,False,0.26779701864908606,False,False,13.0
C_00582,9.832,10.152,10.421,10.504,LOT_014,False,0.39,45.1,12.458875,4.919726608974453,-0.3973543969768489,False,9.206500000000002,13.128499999999999,False,0.23040517783972664,False,False,16.8
C_00583,10.053,12.962,16.959,20.832,LOT_014,True,0.667,678.5,12.458875,4.919726608974453,1.701949247489878,False,9.206500000000002,13.128499999999999,True,-0.05436142747022199,True,True,41.9
C_00584,11.162,10.979,11.803,12.291,LOT_014,False,0.382,41.8,12.458875,4.919726608974453,-0.03412283107231339,False,9.206500000000002,13.128499999999999,False,0.1904031553452215,False,False,15.8
C_00585,10.862,17.048,27.261,35.605,LOT_014,True,0.746,1473.2,12.458875,4.919726608974453,4.704758381853448,True,9.206500000000002,13.128499999999999,True,-0.1490590894180669,True,True,71.7
C_00586,9.98,9.96,10.065,10.442,LOT_014,False,0.325,24.0,12.458875,4.919726608974453,-0.40995672327012306,False,9.206500000000002,13.128499999999999,False,0.22168150851766372,False,False,17.3
C_00587,11.049,11.356,11.725,12.002,LOT_014,False,0.362,34.3,12.458875,4.919726608974453,-0.09286593266515647,False,9.206500000000002,13.128499999999999,False,0.2371973416375242,False,False,13.9
C_00588,11.089,15.38,23.014,28.549,LOT_014,True,0.7,940.1,12.458875,4.919726608974453,3.2705323443479077,True,9.206500000000002,13.128499999999999,True,-0.09460294438776806,True,True,57.0
C_00589,10.903,10.992,10.961,11.46,LOT_014,False,0.336,26.7,12.458875,4.919726608974453,-0.2030346560676512,False,9.206500000000002,13.128499999999999,False,0.2679867921685882,False,False,13.3
C_00590,10.076,10.454,10.811,10.514,LOT_014,False,0.415,58.1,12.458875,4.919726608974453,-0.39532176370374017,False,9.206500000000002,13.128499999999999,False,0.23975907759177273,False,False,16.3
C_00591,10.722,10.533,10.559,10.985,LOT_014,False,0.336,26.6,12.458875,4.919726608974453,-0.2995847365403176,False,9.206500000000002,13.128499999999999,False,0.25354263116799697,False,False,14.8
C_00592,9.952,10.454,10.714,10.689,LOT_014,False,0.338,27.3,12.458875,4.919726608974453,-0.3597506814243367,False,9.206500000000002,13.128499999999999,False,0.2415206260743597,False,False,15.9
C_00593,11.006,11.137,11.345,11.475,LOT_014,False,0.348,30.1,12.458875,4.919726608974453,-0.1999857061579883,False,9.206500000000002,13.128499999999999,False,0.26950292825536015,False,False,13.2
C_00594,10.608,11.269,11.269,11.427,LOT_014,False,0.301,18.9,12.458875,4.919726608974453,-0.20974234586891036,False,9.206500000000002,13.128499999999999,False,0.2497920996095746,False,False,14.3
C_00595,11.843,11.536,11.829,12.142,LOT_014,False,0.326,24.1,12.458875,4.919726608974453,-0.06440906684163408,False,9.206500000000002,13.128499999999999,False,0.13763514298995422,False,False,18.7
C_00596,10.786,10.767,11.629,11.402,LOT_014,False,0.414,57.4,12.458875,4.919726608974453,-0.21482392905168232,False,9.206500000000002,13.128499999999999,False,0.2620801464528718,False,False,13.7
C_00597,10.783,10.641,10.918,10.642,LOT_014,False,0.244,10.9,12.458875,4.919726608974453,-0.369304057807948,False,9.206500000000002,13.128499999999999,False,0.23744252108269343,False,False,16.2
C_00598,10.729,10.443,10.918,11.043,LOT_014,False,0.351,31.0,12.458875,4.919726608974453,-0.28779546355628677,False,9.206500000000002,13.128499999999999,False,0.2621970342284868,False,False,14.3
C_00599,9.797,9.47,9.387,10.273,LOT_014,False,0.35,30.8,12.458875,4.919726608974453,-0.4443082255856612,False,9.206500000000002,13.128499999999999,False,0.10038823570372646,False,False,23.7
C_00600,11.428,11.249,11.429,11.663,LOT_014,False,0.315,21.7,12.458875,4.919726608974453,-0.1617722006235435,False,9.206500000000002,13.128499999999999,False,0.21898619035748107,False,False,15.4
C_00601,10.231,10.333,10.601,10.758,LOT_015,False,0.297,18.2,12.990825000000001,6.369251004098136,-0.35056319786476403,False,9.460250000000002,13.172249999999998,False,0.19624086346369918,False,False,18.1
C_00602,10.138,11.19,11.019,11.379,LOT_015,False,0.348,30.1,12.990825000000001,6.369251004098136,-0.253063507618543,False,9.460250000000002,13.172249999999998,False,0.16140701843099592,False,False,19.0
C_00603,10.229,10.641,10.583,10.808,LOT_015,False,0.323,23.5,12.990825000000001,6.369251004098136,-0.34271298125878796,False,9.460250000000002,13.172249999999998,False,0.19071317553699785,False,False,18.3
C_00604,11.025,11.311,11.527,11.464,LOT_015,False,0.274,14.6,12.990825000000001,6.369251004098136,-0.2397181393883838,False,9.460250000000002,13.172249999999998,False,0.19281596304259574,False,False,17.4
C_00605,9.439,9.5,9.452,9.49,LOT_015,False,0.309,20.6,12.990825000000001,6.369251004098136,-0.5496446909923132,False,9.460250000000002,13.172249999999998,False,-0.0031583578330129924,True,True,29.7
C_00606,10.758,10.688,11.234,11.463,LOT_015,False,0.385,43.0,12.990825000000001,6.369251004098136,-0.2398751437205035,False,9.460250000000002,13.172249999999998,False,0.19647079285236924,False,False,17.2
C_00607,12.243,11.693,12.047,12.199,LOT_015,False,0.28,15.4,12.990825000000001,6.369251004098136,-0.12431995528053785,False,9.460250000000002,13.172249999999998,False,0.039201768871671816,False,False,24.1
C_00608,9.729,9.638,10.125,10.174,LOT_015,False,0.374,38.6,12.990825000000001,6.369251004098136,-0.4422537278225627,False,9.460250000000002,13.172249999999998,False,0.14403859367222344,False,False,21.5
C_00609,12.071,11.908,12.302,12.622,LOT_015,False,0.354,31.8,12.990825000000001,6.369251004098136,-0.05790712279398155,False,9.460250000000002,13.172249999999998,False,0.02316129077542861,False,False,24.3
C_00610,11.003,11.35,11.918,12.02,LOT_015,False,0.373,38.4,12.990825000000001,6.369251004098136,-0.1524237307299317,False,9.460250000000002,13.172249999999998,False,0.1708728023150775,False,False,17.7
C_00611,11.282,15.603,24.068,30.386,LOT_015,True,0.688,832.0,12.990825000000001,6.369251004098136,2.7311178329771435,False,9.460250000000002,13.172249999999998,True,-0.12414768545413501,True,True,54.0
C_00612,9.929,10.175,10.486,10.443,LOT_015,False,0.317,22.1,12.990825000000001,6.369251004098136,-0.4000195624824122,False,9.460250000000002,13.172249999999998,False,0.16581994701744013,False,False,20.0
C_00613,9.355,9.864,9.965,10.088,LOT_015,False,0.353,31.5,12.990825000000001,6.369251004098136,-0.4557561003848414,False,9.460250000000002,13.172249999999998,False,0.0767726057248167,False,False,25.0
C_00614,10.427,10.561,10.547,11.243,LOT_015,False,0.346,29.5,12.990825000000001,6.369251004098136,-0.2744160967867974,False,9.460250000000002,13.172249999999998,False,0.20466259076465515,False,False,17.1
C_00615,9.732,9.633,10.119,10.204,LOT_015,False,0.348,30.0,12.990825000000001,6.369251004098136,-0.437543597858977,False,9.460250000000002,13.172249999999998,False,0.1449251286343981,False,False,21.4
C_00616,9.81,10.286,10.631,10.898,LOT_015,False,0.395,47.5,12.990825000000001,6.369251004098136,-0.32858259136803136,False,9.460250000000002,13.172249999999998,False,0.17261746558687813,False,False,19.1
C_00617,11.601,12.031,11.947,12.797,LOT_015,False,0.371,37.8,12.990825000000001,6.369251004098136,-0.030431364673065717,False,9.460250000000002,13.172249999999998,False,0.05276165573679914,False,False,22.6
C_00618,10.723,10.98,11.647,11.711,LOT_015,False,0.329,25.0,12.990825000000001,6.369251004098136,-0.20093806935486277,False,9.460250000000002,13.172249999999998,False,0.18560320839715228,False,False,17.4
C_00619,10.459,10.839,10.85,11.779,LOT_015,False,0.384,42.6,12.990825000000001,6.369251004098136,-0.19026177477073558,False,9.460250000000002,13.172249999999998,False,0.18377718513904162,False,False,17.4
C_00620,10.509,10.635,11.041,11.064,LOT_015,False,0.265,13.3,12.990825000000001,6.369251004098136,-0.30251987223619126,False,9.460250000000002,13.172249999999998,False,0.20582229923504464,False,False,17.2
C_00621,10.009,10.331,10.75,10.867,LOT_015,False,0.355,32.2,12.990825000000001,6.369251004098136,-0.3334497256637362,False,9.460250000000002,13.172249999999998,False,0.18589275485088597,False,False,18.5
C_00622,11.143,11.377,11.575,11.784,LOT_015,False,0.24,10.5,12.990825000000001,6.369251004098136,-0.18947675311013787,False,9.460250000000002,13.172249999999998,False,0.19981059350174135,False,False,16.6
C_00623,11.445,10.896,11.631,11.881,LOT_015,False,0.358,33.1,12.990825000000001,6.369251004098136,-0.17424733289454464,False,9.460250000000002,13.172249999999998,False,0.15523973891763948,False,False,18.7
C_00624,10.322,10.443,10.81,11.346,LOT_015,False,0.383,42.3,12.990825000000001,6.369251004098136,-0.25824465057848706,False,9.460250000000002,13.172249999999998,False,0.2046702803284075,False,False,16.9
C_00625,10.246,10.596,10.966,11.182,LOT_015,False,0.381,41.5,12.990825000000001,6.369251004098136,-0.283993361046088,False,9.460250000000002,13.172249999999998,False,0.21080670679523772,False,False,16.8
C_00626,10.893,10.709,11.096,11.315,LOT_015,False,0.286,16.4,12.990825000000001,6.369251004098136,-0.2631117848741922,False,9.460250000000002,13.172249999999998,False,0.20404073886694096,False,False,17.0
C_00627,9.667,9.83,10.369,10.597,LOT_015,False,0.417,58.9,12.990825000000001,6.369251004098136,-0.3758408953360064,False,9.460250000000002,13.172249999999998,False,0.1451888292788076,False,False,20.9
C_00628,9.943,10.3,10.255,11.081,LOT_015,False,0.394,47.0,12.990825000000001,6.369251004098136,-0.2998507985901595,False,9.460250000000002,13.172249999999998,False,0.16321513902098206,False,False,19.3
C_00629,11.362,11.54,11.39,11.741,LOT_015,False,0.275,14.6,12.990825000000001,6.369251004098136,-0.1962279393912773,False,9.460250000000002,13.172249999999998,False,0.15233377623138117,False,False,19.0
C_00630,10.857,11.247,11.303,11.76,LOT_015,False,0.319,22.6,12.990825000000001,6.369251004098136,-0.19324485708100644,False,9.460250000000002,13.172249999999998,False,0.19976947322656396,False,False,16.6
C_00631,9.104,9.323,9.91,10.41,LOT_015,False,0.405,52.4,12.990825000000001,6.369251004098136,-0.40520070544235626,False,9.460250000000002,13.172249999999998,False,0.03056093008427696,False,False,26.8
C_00632,10.753,17.649,29.583,39.028,LOT_015,True,0.738,1363.7,12.990825000000001,6.369251004098136,4.087949271154022,True,9.460250000000002,13.172249999999998,True,-0.17285886329189526,True,True,67.7
C_00633,10.465,10.726,10.882,11.157,LOT_015,False,0.308,20.3,12.990825000000001,6.369251004098136,-0.287918469349076,False,9.460250000000002,13.172249999999998,False,0.21793385087784523,False,False,16.5
C_00634,11.113,11.332,11.985,11.661,LOT_015,False,0.323,23.5,12.990825000000001,6.369251004098136,-0.20878828596083882,False,9.460250000000002,13.172249999999998,False,0.17236360977973586,False,False,18.1
C_00635,10.857,10.714,10.969,11.295,LOT_015,False,0.367,36.0,12.990825000000001,6.369251004098136,-0.2662518715165825,False,9.460250000000002,13.172249999999998,False,0.2045533844599473,False,False,17.0
C_00636,10.305,16.127,25.997,34.64,LOT_015,True,0.725,1195.4,12.990825000000001,6.369251004098136,3.3990142618135755,True,9.460250000000002,13.172249999999998,True,-0.11584953102914741,True,True,59.1
C_00637,11.069,11.0,11.46,11.864,LOT_015,False,0.296,18.1,12.990825000000001,6.369251004098136,-0.1769164065405764,False,9.460250000000002,13.172249999999998,False,0.19456664693646114,False,False,16.7
C_00638,10.206,10.08,10.303,10.281,LOT_015,False,0.315,21.7,12.990825000000001,6.369251004098136,-0.4254542642857741,False,9.460250000000002,13.172249999999998,False,0.15285671219525537,False,False,20.9
C_00639,10.369,10.501,10.799,11.157,LOT_015,False,0.34,27.7,12.990825000000001,6.369251004098136,-0.287918469349076,False,9.460250000000002,13.172249999999998,False,0.21055108074519668,False,False,16.9
C_00640,10.869,11.385,11.652,11.596,LOT_015,False,0.382,41.9,12.990825000000001,6.369251004098136,-0.21899356754860744,False,9.460250000000002,13.172249999999998,False,0.1901076200688599,False,False,17.3
C_00641,10.515,10.63,10.641,11.006,LOT_016,False,0.369,36.9,10.93475,3.0903956824909935,0.023055300136379405,False,8.073875000000003,12.200874999999998,False,0.19188123406426716,False,False,15.6
C_00642,8.891,8.985,8.927,9.205,LOT_016,False,0.328,24.8,10.93475,3.0903956824909935,-0.5597179706793226,False,8.073875000000003,12.200874999999998,False,0.18923472770316901,False,False,20.2
C_00643,7.685,8.047,8.395,8.106,LOT_016,False,0.331,25.3,10.93475,3.0903956824909935,-0.9153358633092263,False,8.073875000000003,12.200874999999998,False,-0.02106848819389473,True,True,33.7
C_00644,8.863,9.293,9.462,9.406,LOT_016,False,0.415,57.9,10.93475,3.0903956824909935,-0.49467775555774773,False,8.073875000000003,12.200874999999998,False,0.21009039717594952,False,False,18.6
C_00645,9.881,9.702,10.466,10.294,LOT_016,False,0.325,24.0,10.93475,3.0903956824909935,-0.20733590964750714,False,8.073875000000003,12.200874999999998,False,0.2667004212952912,False,False,13.4
C_00646,9.391,9.666,9.465,9.37,LOT_016,False,0.274,14.6,10.93475,3.0903956824909935,-0.5063267493108661,False,8.073875000000003,12.200874999999998,False,0.24535816485233175,False,False,17.0
C_00647,9.438,9.542,9.319,9.768,LOT_016,False,0.432,68.5,10.93475,3.0903956824909935,-0.37754065170695145,False,8.073875000000003,12.200874999999998,False,0.2505300824764282,False,False,15.6
C_00648,9.634,9.479,9.912,10.122,LOT_016,False,0.348,29.9,10.93475,3.0903956824909935,-0.262992213134626,False,8.073875000000003,12.200874999999998,False,0.2740167502969611,False,False,13.5
C_00649,10.062,10.266,10.411,10.594,LOT_016,False,0.354,32.0,10.93475,3.0903956824909935,-0.11026096170485863,False,8.073875000000003,12.200874999999998,False,0.30483287696885075,False,False,10.7
C_00650,10.025,10.238,10.533,10.533,LOT_016,False,0.353,31.5,10.93475,3.0903956824909935,-0.1299995344531972,False,8.073875000000003,12.200874999999998,False,0.30623968436147037,False,False,10.8
C_00651,8.659,8.803,8.999,8.896,LOT_016,False,0.284,16.1,10.93475,3.0903956824909935,-0.6597051670602507,False,8.073875000000003,12.200874999999998,False,0.15789478311900607,False,False,22.6
C_00652,10.141,9.995,10.135,10.646,LOT_016,False,0.328,24.7,10.93475,3.0903956824909935,-0.09343463739479904,False,8.073875000000003,12.200874999999998,False,0.274552787650873,False,False,12.1
C_00653,10.223,10.213,10.602,10.675,LOT_016,False,0.387,44.0,10.93475,3.0903956824909935,-0.08405072576034302,False,8.073875000000003,12.200874999999998,False,0.28063874282727336,False,False,11.7
C_00654,9.612,9.291,9.699,10.343,LOT_016,False,0.365,35.3,10.93475,3.0903956824909935,-0.19148033481687468,False,8.073875000000003,12.200874999999998,False,0.251438917202804,False,False,14.0
C_00655,9.329,9.509,9.816,9.605,LOT_016,False,0.315,21.7,10.93475,3.0903956824909935,-0.4302847067557907,False,8.073875000000003,12.200874999999998,False,0.25787716454400994,False,False,15.7
C_00656,10.734,10.465,10.57,10.515,LOT_016,False,0.392,46.3,10.93475,3.0903956824909935,-0.1358240313297558,False,8.073875000000003,12.200874999999998,False,0.1993361448108547,False,False,16.2
C_00657,10.592,10.43,11.181,11.107,LOT_016,False,0.418,59.7,10.93475,3.0903956824909935,0.055737199277070895,False,8.073875000000003,12.200874999999998,False,0.16035645102916962,False,False,17.4
C_00658,9.841,9.984,9.889,10.208,LOT_016,False,0.371,37.6,10.93475,3.0903956824909935,-0.23516406139106658,False,8.073875000000003,12.200874999999998,False,0.28847250119670514,False,False,12.5
C_00659,8.599,8.774,8.68,9.031,LOT_016,False,0.38,40.9,10.93475,3.0903956824909935,-0.6160214404860588,False,8.073875000000003,12.200874999999998,False,0.1605282614079262,False,False,22.1
C_00660,8.467,8.981,8.532,8.968,LOT_016,False,0.355,32.1,10.93475,3.0903956824909935,-0.6364071795540153,False,8.073875000000003,12.200874999999998,False,0.1437105245732211,False,False,23.1
C_00661,9.938,10.121,10.678,11.007,LOT_016,False,0.362,34.4,10.93475,3.0903956824909935,0.023378883296188053,False,8.073875000000003,12.200874999999998,False,0.26166551601242305,False,False,12.1
C_00662,9.108,13.041,18.056,22.189,LOT_016,True,0.712,1052.8,10.93475,3.0903956824909935,3.64168577627852,True,8.073875000000003,12.200874999999998,True,-0.05475559250775497,True,True,58.1
C_00663,10.03,10.164,10.365,10.525,LOT_016,False,0.319,22.7,10.93475,3.0903956824909935,-0.13258819973166758,False,8.073875000000003,12.200874999999998,False,0.30662562346368166,False,False,10.8
C_00664,9.242,9.411,9.96,10.028,LOT_016,False,0.404,51.9,10.93475,3.0903956824909935,-0.2934090301566558,False,8.073875000000003,12.200874999999998,False,0.24180849771742874,False,False,15.4
C_00665,9.83,10.452,10.799,10.535,LOT_016,False,0.38,41.2,10.93475,3.0903956824909935,-0.12935236813357934,False,8.073875000000003,12.200874999999998,False,0.27106231728657226,False,False,12.5
C_00666,9.491,9.087,9.498,9.627,LOT_016,False,0.351,30.9,10.93475,3.0903956824909935,-0.4231658772399964,False,8.073875000000003,12.200874999999998,False,0.23897989245351653,False,False,16.6
C_00667,10.053,9.751,10.296,10.449,LOT_016,False,0.362,34.5,10.93475,3.0903956824909935,-0.15718051987713877,False,8.073875000000003,12.200874999999998,False,0.27493260810934933,False,False,12.6
C_00668,10.283,13.623,19.571,23.558,LOT_016,True,0.707,999.8,10.93475,3.0903956824909935,4.0846711220568075,True,8.073875000000003,12.200874999999998,True,-0.08252955962241293,True,True,63.2
C_00669,10.315,10.638,10.993,10.769,LOT_016,False,0.37,37.3,10.93475,3.0903956824909935,-0.05363390873831323,False,8.073875000000003,12.200874999999998,False,0.2107268300523784,False,False,14.9
C_00670,10.02,12.168,15.16,17.558,LOT_016,True,0.632,483.4,10.93475,3.0903956824909935,2.1431721632038303,False,8.073875000000003,12.200874999999998,True,-0.019596889714530108,True,True,43.8
C_00671,9.316,9.883,9.721,10.188,LOT_016,False,0.362,34.3,10.93475,3.0903956824909935,-0.24163572458724303,False,8.073875000000003,12.200874999999998,False,0.24824753888622825,False,False,14.6
C_00672,9.798,10.067,10.048,10.106,LOT_016,False,0.347,29.8,10.93475,3.0903956824909935,-0.2681695436915673,False,8.073875000000003,12.200874999999998,False,0.28841894495665693,False,False,12.8
C_00673,10.042,10.439,10.943,11.065,LOT_016,False,0.399,49.4,10.93475,3.0903956824909935,0.04214670656510011,False,8.073875000000003,12.200874999999998,False,0.253009620585371,False,False,12.7
C_00674,9.757,9.259,9.331,9.561,LOT_016,False,0.313,21.3,10.93475,3.0903956824909935,-0.44452236578737936,False,8.073875000000003,12.200874999999998,False,0.2366734746170313,False,False,16.9
C_00675,10.081,10.333,9.946,10.681,LOT_016,False,0.367,36.3,10.93475,3.0903956824909935,-0.08210922680149055,False,8.073875000000003,12.200874999999998,False,0.27851474711063007,False,False,11.8
C_00676,10.075,10.336,9.898,10.305,LOT_016,False,0.297,18.2,10.93475,3.0903956824909935,-0.20377649488961028,False,8.073875000000003,12.200874999999998,False,0.2833379707592377,False,False,12.5
C_00677,9.792,10.247,10.578,10.164,LOT_016,False,0.381,41.5,10.93475,3.0903956824909935,-0.24940172042265524,False,8.073875000000003,12.200874999999998,False,0.27855363419097734,False,False,13.2
C_00678,10.35,10.017,10.374,10.513,LOT_016,False,0.34,27.7,10.93475,3.0903956824909935,-0.13647119764937365,False,8.073875000000003,12.200874999999998,False,0.2588878227318964,False,False,13.2
C_00679,9.431,9.748,9.164,9.588,LOT_016,False,0.323,23.4,10.93475,3.0903956824909935,-0.4357856204725412,False,8.073875000000003,12.200874999999998,False,0.23192233086097525,False,False,17.0
C_00680,10.073,10.258,10.457,10.576,LOT_016,False,0.312,21.2,10.93475,3.0903956824909935,-0.11608545858141721,False,8.073875000000003,12.200874999999998,False,0.30727802784945885,False,False,10.6
C_00681,9.642,10.202,10.892,11.002,LOT_017,False,0.396,48.2,11.412725,3.561486861694936,-0.11532402503501937,False,8.016124999999999,13.415125,False,0.22836902442540247,False,False,14.5
C_00682,9.334,9.892,9.97,10.987,LOT_017,False,0.42,60.9,11.412725,3.561486861694936,-0.11953574912175711,False,8.016124999999999,13.415125,False,0.2104884058235535,False,False,15.5
C_00683,10.308,10.682,10.816,11.368,LOT_017,False,0.372,38.1,11.412725,3.561486861694936,-0.012557957318622467,False,8.016124999999999,13.415125,False,0.23157889121924924,False,False,13.5
C_00684,10.814,10.949,11.458,11.508,LOT_017,False,0.365,35.4,11.412725,3.561486861694936,0.02675146749092796,False,8.016124999999999,13.415125,False,0.1855980814587636,False,False,15.9
C_00685,9.523,12.531,18.626,22.958,LOT_017,True,0.669,693.4,11.412725,3.561486861694936,3.2417008537006153,True,8.016124999999999,13.415125,True,-0.08677567850102275,True,True,56.4
C_00686,11.257,10.931,11.286,11.671,LOT_017,False,0.382,42.0,11.412725,3.561486861694936,0.07251886923347642,False,8.016124999999999,13.415125,False,0.13609070221737118,False,False,18.8
C_00687,8.716,8.765,8.813,9.184,LOT_017,False,0.342,28.2,11.412725,3.561486861694936,-0.6257849843476146,False,8.016124999999999,13.415125,False,0.10240660420730185,False,False,25.1
C_00688,9.324,9.5,9.844,9.798,LOT_017,False,0.33,25.2,11.412725,3.561486861694936,-0.45338507839715614,False,8.016124999999999,13.415125,False,0.22055913185866988,False,False,17.8
C_00689,9.333,14.105,22.163,28.906,LOT_017,True,0.706,994.0,11.412725,3.561486861694936,4.911789844894957,True,8.016124999999999,13.415125,True,-0.15665676250759786,True,True,73.8
C_00690,9.91,9.71,10.295,10.492,LOT_017,False,0.353,31.5,11.412725,3.561486861694936,-0.2585226439840971,False,8.016124999999999,13.415125,False,0.2393962998363029,False,False,15.2
C_00691,10.598,10.705,10.883,11.137,LOT_017,False,0.344,28.8,11.412725,3.561486861694936,-0.0774185082543812,False,8.016124999999999,13.415125,False,0.2314536652551048,False,False,14.1
C_00692,10.433,10.287,10.629,10.583,LOT_017,False,0.348,30.1,11.412725,3.561486861694936,-0.2329715178578893,False,8.016124999999999,13.415125,False,0.22025539223734192,False,False,15.9
C_00693,9.378,9.204,9.691,10.23,LOT_017,False,0.355,32.2,11.412725,3.561486861694936,-0.3320874246991137,False,8.016124999999999,13.415125,False,0.21017835749324876,False,False,17.3
C_00694,10.737,10.738,11.212,11.213,LOT_017,False,0.363,34.9,11.412725,3.561486861694936,-0.056079106214911134,False,8.016124999999999,13.415125,False,0.21682284132546792,False,False,14.6
C_00695,9.975,9.976,10.843,11.229,LOT_017,False,0.36,33.7,11.412725,3.561486861694936,-0.05158660052239104,False,8.016124999999999,13.415125,False,0.24311922610176095,False,False,13.3
C_00696,9.446,9.086,9.476,9.685,LOT_017,False,0.319,22.6,11.412725,3.561486861694936,-0.4851133998505791,False,8.016124999999999,13.415125,False,0.20381180304118196,False,False,18.9
C_00697,10.007,9.845,10.067,9.995,LOT_017,False,0.287,16.6,11.412725,3.561486861694936,-0.3980711020580028,False,8.016124999999999,13.415125,False,0.21945946608912548,False,False,17.3
C_00698,10.927,10.585,11.036,11.458,LOT_017,False,0.365,35.6,11.412725,3.561486861694936,0.012712387201802984,False,8.016124999999999,13.415125,False,0.1964069257577135,False,False,15.3
C_00699,10.476,10.655,11.085,11.185,LOT_017,False,0.343,28.5,11.412725,3.561486861694936,-0.06394099117682092,False,8.016124999999999,13.415125,False,0.2331749338184852,False,False,13.9
C_00700,10.244,10.266,10.935,11.067,LOT_017,False,0.342,28.4,11.412725,3.561486861694936,-0.09707322065915665,False,8.016124999999999,13.415125,False,0.24650171236330848,False,False,13.5
C_00701,10.176,10.398,10.694,10.956,LOT_017,False,0.346,29.6,11.412725,3.561486861694936,-0.12823997890101493,False,8.016124999999999,13.415125,False,0.24795560624455093,False,False,13.7
C_00702,9.726,9.625,9.89,10.056,LOT_017,False,0.323,23.4,11.412725,3.561486861694936,-0.38094342410526993,False,8.016124999999999,13.415125,False,0.23456532848679218,False,False,16.4
C_00703,10.413,10.321,11.242,12.125,LOT_017,False,0.451,82.5,11.412725,3.561486861694936,0.19999371825873408,False,8.016124999999999,13.415125,False,0.1784944418821664,False,False,17.7
C_00704,7.068,7.727,7.339,8.077,LOT_017,False,0.377,39.9,11.412725,3.561486861694936,-0.936610221948848,False,8.016124999999999,13.415125,False,-0.10584379087161622,True,True,38.1
C_00705,8.647,8.831,8.913,8.864,LOT_017,False,0.368,36.5,11.412725,3.561486861694936,-0.715635098198016,False,8.016124999999999,13.415125,False,0.0890707235884266,False,False,26.5
C_00706,10.708,11.115,11.397,12.11,LOT_017,False,0.395,47.6,11.412725,3.561486861694936,0.19578199417199632,False,8.016124999999999,13.415125,False,0.14956372556568792,False,False,19.2
C_00707,9.035,9.304,9.325,9.892,LOT_017,False,0.381,41.5,11.412725,3.561486861694936,-0.42699160745360076,False,8.016124999999999,13.415125,False,0.17828031414327994,False,False,19.6
C_00708,10.041,10.336,10.797,10.825,LOT_017,False,0.365,35.5,11.412725,3.561486861694936,-0.16502236925852323,False,8.016124999999999,13.415125,False,0.25538202064571647,False,False,13.6
C_00709,9.772,10.079,10.218,10.317,LOT_017,False,0.324,23.8,11.412725,3.561486861694936,-0.30765942499603577,False,8.016124999999999,13.415125,False,0.24684007971596028,False,False,15.2
C_00710,9.733,9.931,9.797,10.373,LOT_017,False,0.284,16.1,11.412725,3.561486861694936,-0.2919356550722157,False,8.016124999999999,13.415125,False,0.2399318031445304,False,False,15.4
C_00711,9.759,9.83,9.86,9.715,LOT_017,False,0.31,20.8,11.412725,3.561486861694936,-0.4766899516771041,False,8.016124999999999,13.415125,False,0.2236869775822506,False,False,17.8
C_00712,9.911,10.351,10.208,10.27,LOT_017,False,0.339,27.6,11.412725,3.561486861694936,-0.3208561604678137,False,8.016124999999999,13.415125,False,0.22563785219612886,False,False,16.4
C_00713,8.992,9.01,9.037,9.418,LOT_017,False,0.339,27.5,11.412725,3.561486861694936,-0.5600820885945084,False,8.016124999999999,13.415125,False,0.15699121599491506,False,False,21.8
C_00714,10.429,9.79,10.823,11.517,LOT_017,False,0.357,32.7,11.412725,3.561486861694936,0.029278501942970603,False,8.016124999999999,13.415125,False,0.1976311395850157,False,False,15.4
C_00715,10.052,10.077,10.248,10.559,LOT_017,False,0.35,30.5,11.412725,3.561486861694936,-0.23971027639666967,False,8.016124999999999,13.415125,False,0.23947388581514395,False,False,15.0
C_00716,11.493,11.968,12.711,12.388,LOT_017,False,0.356,32.5,11.412725,3.561486861694936,0.273839280579533,False,8.016124999999999,13.415125,False,-0.012146007762058209,True,True,27.9
C_00717,9.945,9.908,10.831,11.236,LOT_017,False,0.405,52.3,11.412725,3.561486861694936,-0.0496211292819131,False,8.016124999999999,13.415125,False,0.24203671728821036,False,False,13.3
C_00718,10.798,11.041,11.406,11.79,LOT_017,False,0.381,41.3,11.412725,3.561486861694936,0.10593188032159451,False,8.016124999999999,13.415125,False,0.17259734153977824,False,False,17.3
C_00719,9.164,9.251,9.565,9.705,LOT_017,False,0.321,23.0,11.412725,3.561486861694936,-0.47949776773492914,False,8.016124999999999,13.415125,False,0.2018550827752164,False,False,18.9
C_00720,10.201,9.545,10.898,10.66,LOT_017,False,0.316,22.0,11.412725,3.561486861694936,-0.21135133421263638,False,8.016124999999999,13.415125,False,0.2114494043399961,False,False,16.2
C_00721,9.339,12.983,19.296,23.973,LOT_018,True,0.683,793.6,11.103125,3.6273775523167266,3.547983305950684,True,8.007499999999999,12.469500000000002,True,-0.12712782677720857,True,True,60.9
C_00722,9.927,10.339,11.247,11.404,LOT_018,False,0.452,82.6,11.103125,3.6273775523167266,0.08294559793144149,False,8.007499999999999,12.469500000000002,False,0.09058545849869581,False,False,21.2
C_00723,8.419,8.806,8.731,8.592,LOT_018,False,0.303,19.3,11.103125,3.6273775523167266,-0.69227009424376,False,8.007499999999999,12.469500000000002,False,0.03150802707602096,False,False,29.2
C_00724,9.962,10.528,10.529,11.141,LOT_018,False,0.395,47.6,11.103125,3.6273775523167266,0.010441427575083748,False,8.007499999999999,12.469500000000002,False,0.11774208211458015,False,False,19.2
C_00725,9.221,9.201,9.27,9.84,LOT_018,False,0.358,33.2,11.103125,3.6273775523167266,-0.3482198866211956,False,8.007499999999999,12.469500000000002,False,0.1916435501280272,False,False,18.3
C_00726,9.085,9.116,9.215,9.886,LOT_018,False,0.335,26.4,11.103125,3.6273775523167266,-0.3355385488402358,False,8.007499999999999,12.469500000000002,False,0.18136341777390275,False,False,18.7
C_00727,9.525,9.857,10.095,10.498,LOT_018,False,0.385,43.3,11.103125,3.6273775523167266,-0.1668216201022474,False,8.007499999999999,12.469500000000002,False,0.20845479701808772,False,False,16.0
C_00728,9.035,8.802,9.36,9.54,LOT_018,False,0.297,18.2,11.103125,3.6273775523167266,-0.430924263453543,False,8.007499999999999,12.469500000000002,False,0.15446342132358254,False,False,20.9
C_00729,9.105,9.216,9.223,9.488,LOT_018,False,0.328,24.8,11.103125,3.6273775523167266,-0.4452596887711498,False,8.007499999999999,12.469500000000002,False,0.18262442819288094,False,False,19.6
C_00730,9.522,9.801,10.054,10.258,LOT_018,False,0.319,22.7,11.103125,3.6273775523167266,-0.23298512156812526,False,8.007499999999999,12.469500000000002,False,0.218422093817638,False,False,16.0
C_00731,10.379,10.409,10.639,11.126,LOT_018,False,0.379,40.8,11.103125,3.6273775523167266,0.006306208733466228,False,8.007499999999999,12.469500000000002,False,0.10765995654944999,False,False,19.7
C_00732,9.593,9.886,9.883,10.225,LOT_018,False,0.292,17.3,11.103125,3.6273775523167266,-0.24208260301968332,False,8.007499999999999,12.469500000000002,False,0.2088608122880703,False,False,16.6
C_00733,10.049,10.068,10.262,10.848,LOT_018,False,0.398,49.1,11.103125,3.6273775523167266,-0.07033318046450854,False,8.007499999999999,12.469500000000002,False,0.16421717667689617,False,False,17.4
C_00734,10.009,9.906,10.437,10.628,LOT_018,False,0.431,67.4,11.103125,3.6273775523167266,-0.13098305680823005,False,8.007499999999999,12.469500000000002,False,0.16354322304513885,False,False,17.9
C_00735,9.214,12.67,18.285,22.952,LOT_018,True,0.677,751.3,11.103125,3.6273775523167266,3.2665127434645957,True,8.007499999999999,12.469500000000002,True,-0.10261328280970206,True,True,57.4
C_00736,10.105,10.143,10.345,10.882,LOT_018,False,0.412,56.2,11.103125,3.6273775523167266,-0.060960017756842816,False,8.007499999999999,12.469500000000002,False,0.1563637123859567,False,False,17.7
C_00737,10.353,10.784,11.464,11.56,LOT_018,False,0.397,48.7,11.103125,3.6273775523167266,0.1259518738842622,False,8.007499999999999,12.469500000000002,False,0.01161344692417654,False,False,25.5
C_00738,9.211,9.418,9.702,10.176,LOT_018,False,0.337,26.9,11.103125,3.6273775523167266,-0.25559098456896656,False,8.007499999999999,12.469500000000002,False,0.19569913210223494,False,False,17.3
C_00739,9.569,9.717,9.623,9.825,LOT_018,False,0.315,21.8,11.103125,3.6273775523167266,-0.3523551054628131,False,8.007499999999999,12.469500000000002,False,0.18824564489527784,False,False,18.5
C_00740,9.606,9.84,9.993,10.236,LOT_018,False,0.363,34.6,11.103125,3.6273775523167266,-0.23905010920249697,False,8.007499999999999,12.469500000000002,False,0.21365282001614394,False,False,16.3
C_00741,10.589,10.868,11.246,11.307,LOT_018,False,0.302,19.1,11.103125,3.6273775523167266,0.056204516088982664,False,8.007499999999999,12.469500000000002,False,0.007850529282504737,False,False,25.1
C_00742,9.576,12.749,18.735,23.369,LOT_018,True,0.676,739.8,11.103125,3.6273775523167266,3.381471827261558,True,8.007499999999999,12.469500000000002,True,-0.09054134210060638,True,True,57.7
C_00743,9.142,9.711,9.34,10.313,LOT_018,False,0.374,38.9,11.103125,3.6273775523167266,-0.21782265248219454,False,8.007499999999999,12.469500000000002,False,0.172647731913185,False,False,18.2
C_00744,10.381,9.406,10.147,9.785,LOT_018,False,0.314,21.6,11.103125,3.6273775523167266,-0.36338235570712585,False,8.007499999999999,12.469500000000002,False,0.07444236139742288,False,False,24.3
C_00745,9.313,9.05,9.791,9.682,LOT_018,False,0.355,32.2,11.103125,3.6273775523167266,-0.39177752508623165,False,8.007499999999999,12.469500000000002,False,0.1754357990040991,False,False,19.5
C_00746,10.422,10.155,10.545,10.779,LOT_018,False,0.347,29.8,11.103125,3.6273775523167266,-0.08935518713594864,False,8.007499999999999,12.469500000000002,False,0.11013290771222473,False,False,20.2
C_00747,9.519,9.927,9.932,10.054,LOT_018,False,0.357,32.8,11.103125,3.6273775523167266,-0.28922409781412106,False,8.007499999999999,12.469500000000002,False,0.20406503757462735,False,False,17.2
C_00748,9.246,9.01,9.294,8.817,LOT_018,False,0.294,17.7,11.103125,3.6273775523167266,-0.6302418116194997,False,8.007499999999999,12.469500000000002,False,0.13244929606801303,False,False,23.6
C_00749,9.104,8.913,9.657,9.677,LOT_018,False,0.331,25.4,11.103125,3.6273775523167266,-0.393155931366771,False,8.007499999999999,12.469500000000002,False,0.16731252106683675,False,False,19.9
C_00750,9.029,8.851,8.69,9.062,LOT_018,False,0.291,17.2,11.103125,3.6273775523167266,-0.5626999038730829,False,8.007499999999999,12.469500000000002,False,0.11020663993347674,False,False,24.2
C_00751,9.873,9.764,10.011,10.51,LOT_018,False,0.374,38.8,11.103125,3.6273775523167266,-0.16351344502895337,False,8.007499999999999,12.469500000000002,False,0.1852208902504794,False,False,17.1
C_00752,8.379,8.375,8.611,9.146,LOT_018,False,0.378,40.3,11.103125,3.6273775523167266,-0.5395426783600253,False,8.007499999999999,12.469500000000002,False,-0.0010705267203415803,True,True,29.5
C_00753,9.541,9.992,10.384,10.189,LOT_018,False,0.343,28.7,11.103125,3.6273775523167266,-0.2520071282395649,False,8.007499999999999,12.469500000000002,False,0.17094064126132508,False,False,18.6
C_00754,8.924,9.506,9.925,10.034,LOT_018,False,0.324,23.8,11.103125,3.6273775523167266,-0.2947377229362775,False,8.007499999999999,12.469500000000002,False,0.14615727098100262,False,False,20.1
C_00755,9.216,9.083,9.56,9.961,LOT_018,False,0.325,23.9,11.103125,3.6273775523167266,-0.31486245463214874,False,8.007499999999999,12.469500000000002,False,0.1895940924628235,False,False,18.1
C_00756,8.526,8.766,8.662,9.002,LOT_018,False,0.296,18.1,11.103125,3.6273775523167266,-0.5792407792395521,False,8.007499999999999,12.469500000000002,False,0.06527936859763972,False,False,26.6
C_00757,9.23,8.972,9.295,9.235,LOT_018,False,0.334,26.2,11.103125,3.6273775523167266,-0.5150070465664294,False,8.007499999999999,12.469500000000002,False,0.1691968251829643,False,False,20.8
C_00758,8.995,9.374,9.761,10.224,LOT_018,False,0.394,47.1,11.103125,3.6273775523167266,-0.24235828427579098,False,8.007499999999999,12.469500000000002,False,0.16985336481982727,False,False,18.5
C_00759,9.458,9.614,9.871,10.52,LOT_018,False,0.379,40.6,11.103125,3.6273775523167266,-0.1607566324678752,False,8.007499999999999,12.469500000000002,False,0.19016376314434486,False,False,16.8
C_00760,9.163,9.763,9.195,9.381,LOT_018,False,0.246,11.1,11.103125,3.6273775523167266,-0.4747575831746868,False,8.007499999999999,12.469500000000002,False,0.1453869461199669,False,False,21.7
C_00761,6.981,7.191,6.946,7.148,LOT_019,False,0.295,17.9,8.389975,2.781300622587413,-0.4465446812594478,False,6.078250000000002,9.708249999999998,False,0.129978795341327,False,False,22.2
C_00762,7.355,7.433,7.306,7.678,LOT_019,False,0.329,25.0,8.389975,2.781300622587413,-0.2559863519311542,False,6.078250000000002,9.708249999999998,False,0.19058189923395746,False,False,17.6
C_00763,7.465,7.337,7.453,7.495,LOT_019,False,0.322,23.2,8.389975,2.781300622587413,-0.3217829071520555,False,6.078250000000002,9.708249999999998,False,0.18407442248003536,False,False,18.5
C_00764,7.899,8.051,8.078,8.384,LOT_019,False,0.321,23.1,8.389975,2.781300622587413,-0.002148275505163092,False,6.078250000000002,9.708249999999998,False,0.17350043864894554,False,False,16.3
C_00765,6.718,7.106,7.07,7.139,LOT_019,False,0.305,19.7,8.389975,2.781300622587413,-0.4497805774178526,False,6.078250000000002,9.708249999999998,False,0.11822614030224787,False,False,22.8
C_00766,7.301,9.293,12.248,14.737,LOT_019,True,0.649,570.5,8.389975,2.781300622587413,2.282034868311155,False,6.078250000000002,9.708249999999998,True,-0.15072697813656988,True,True,51.6
C_00767,7.747,7.651,7.603,7.991,LOT_019,False,0.291,17.2,8.389975,2.781300622587413,-0.14344907442218097,False,6.078250000000002,9.708249999999998,False,0.1952993748528951,False,False,16.4
C_00768,8.089,8.401,8.429,8.618,LOT_019,False,0.364,35.2,8.389975,2.781300622587413,0.08198502461336649,False,6.078250000000002,9.708249999999998,False,0.07039327626849068,False,False,22.2
C_00769,6.409,6.522,6.768,6.927,LOT_019,False,0.401,50.6,8.389975,2.781300622587413,-0.5260039091491702,False,6.078250000000002,9.708249999999998,False,0.035773628096485544,False,False,27.6
C_00770,8.077,8.251,9.06,9.322,LOT_019,False,0.434,69.4,8.389975,2.781300622587413,0.33510401300415593,False,6.078250000000002,9.708249999999998,False,-0.00487822201315713,True,True,28.0
C_00771,7.469,7.582,7.248,7.757,LOT_019,False,0.331,25.4,8.389975,2.781300622587413,-0.22758237454071054,False,6.078250000000002,9.708249999999998,False,0.1862313600573292,False,False,17.6
C_00772,7.751,8.267,8.124,8.034,LOT_019,False,0.276,14.9,8.389975,2.781300622587413,-0.1279886816653568,False,6.078250000000002,9.708249999999998,False,0.14977213914618448,False,False,18.6
C_00773,6.311,6.023,6.316,6.566,LOT_019,False,0.307,20.0,8.389975,2.781300622587413,-0.65579929950297,False,6.078250000000002,9.708249999999998,False,-0.0794686489497779,True,True,34.4
C_00774,7.423,7.544,7.887,7.709,LOT_019,False,0.353,31.4,8.389975,2.781300622587413,-0.24484048738553715,False,6.078250000000002,9.708249999999998,False,0.20472583455071786,False,False,16.8
C_00775,7.57,7.832,7.976,7.926,LOT_019,False,0.341,28.1,8.389975,2.781300622587413,-0.16681943556621678,False,6.078250000000002,9.708249999999998,False,0.20127176198308783,False,False,16.3
C_00776,7.983,8.092,7.99,8.594,LOT_019,False,0.317,22.1,8.389975,2.781300622587413,0.07335596819095287,False,6.078250000000002,9.708249999999998,False,0.14063815375785071,False,False,18.6
C_00777,7.79,7.806,8.252,8.343,LOT_019,False,0.325,24.0,8.389975,2.781300622587413,-0.016889580226785928,False,6.078250000000002,9.708249999999998,False,0.17826639265417354,False,False,16.2
C_00778,7.591,7.941,7.88,8.359,LOT_019,False,0.338,27.4,8.389975,2.781300622587413,-0.011136875945177064,False,6.078250000000002,9.708249999999998,False,0.1925131911691252,False,False,15.5
C_00779,7.322,7.519,7.921,7.9,LOT_019,False,0.38,41.2,8.389975,2.781300622587413,-0.17616758002383112,False,6.078250000000002,9.708249999999998,False,0.19875185829684727,False,False,16.5
C_00780,7.627,7.48,7.707,7.903,LOT_019,False,0.385,42.9,8.389975,2.781300622587413,-0.17508894797102972,False,6.078250000000002,9.708249999999998,False,0.2130447640550177,False,False,15.8
C_00781,6.894,6.91,7.278,7.426,LOT_019,False,0.329,24.9,8.389975,2.781300622587413,-0.3465914443664937,False,6.078250000000002,9.708249999999998,False,0.14707494174551722,False,False,20.5
C_00782,7.014,7.023,7.296,7.442,LOT_019,False,0.33,25.2,8.389975,2.781300622587413,-0.3408387400848848,False,6.078250000000002,9.708249999999998,False,0.17214554181346642,False,False,19.2
C_00783,7.455,7.436,7.708,7.967,LOT_019,False,0.387,44.0,8.389975,2.781300622587413,-0.15207813084459426,False,6.078250000000002,9.708249999999998,False,0.20799982657327415,False,False,15.9
C_00784,7.049,7.351,7.579,7.503,LOT_019,False,0.324,23.8,8.389975,2.781300622587413,-0.31890655501125104,False,6.078250000000002,9.708249999999998,False,0.18153672475453891,False,False,18.6
C_00785,7.988,7.557,7.65,7.852,LOT_019,False,0.269,13.9,8.389975,2.781300622587413,-0.1934256928686577,False,6.078250000000002,9.708249999999998,False,0.16442716744438818,False,False,18.4
C_00786,8.187,7.938,7.751,8.046,LOT_019,False,0.264,13.2,8.389975,2.781300622587413,-0.12367415345415061,False,6.078250000000002,9.708249999999998,False,0.11821433950539739,False,False,20.1
C_00787,7.765,7.899,8.363,8.256,LOT_019,False,0.312,21.1,8.389975,2.781300622587413,-0.048169909758034014,False,6.078250000000002,9.708249999999998,False,0.1685933286813175,False,False,17.0
C_00788,6.866,7.036,6.911,7.27,LOT_019,False,0.275,14.7,8.389975,2.781300622587413,-0.4026803111121803,False,6.078250000000002,9.708249999999998,False,0.13329414410550905,False,False,21.7
C_00789,7.556,7.071,7.404,7.737,LOT_019,False,0.307,20.1,8.389975,2.781300622587413,-0.23477325489272147,False,6.078250000000002,9.708249999999998,False,0.1640128008098194,False,False,18.8
C_00790,7.652,7.855,8.318,8.564,LOT_019,False,0.399,49.4,8.389975,2.781300622587413,0.06256964766293649,False,6.078250000000002,9.708249999999998,False,0.16210274832109728,False,False,17.4
C_00791,6.926,7.163,7.343,7.359,LOT_019,False,0.313,21.4,8.389975,2.781300622587413,-0.37068089354573086,False,6.078250000000002,9.708249999999998,False,0.17074386894188315,False,False,19.6
C_00792,8.661,12.339,18.978,23.792,LOT_019,True,0.696,899.3,8.389975,2.781300622587413,5.53770594768417,True,6.078250000000002,9.708249999999998,True,-0.2579565445049866,True,True,84.0
C_00793,6.619,6.443,6.875,6.784,LOT_019,False,0.285,16.3,8.389975,2.781300622587413,-0.5774187036660493,False,6.078250000000002,9.708249999999998,False,0.059988954234052594,False,False,26.8
C_00794,6.846,7.27,7.356,7.432,LOT_019,False,0.375,39.1,8.389975,2.781300622587413,-0.3444341802608903,False,6.078250000000002,9.708249999999998,False,0.16818044842626517,False,False,19.5
C_00795,7.665,7.401,7.928,7.837,LOT_019,False,0.365,35.6,8.389975,2.781300622587413,-0.19881885313266623,False,6.078250000000002,9.708249999999998,False,0.20016365679684073,False,False,16.6
C_00796,7.846,8.132,8.093,8.359,LOT_019,False,0.396,47.9,8.389975,2.781300622587413,-0.011136875945177064,False,6.078250000000002,9.708249999999998,False,0.1755119532383691,False,False,16.3
C_00797,7.068,7.652,7.876,8.378,LOT_019,False,0.418,59.8,8.389975,2.781300622587413,-0.004305539610766496,False,6.078250000000002,9.708249999999998,False,0.14119378555171774,False,False,18.0
C_00798,7.149,7.605,7.706,7.77,LOT_019,False,0.324,23.6,8.389975,2.781300622587413,-0.2229083023119034,False,6.078250000000002,9.708249999999998,False,0.18188717014733746,False,False,17.8
C_00799,7.033,7.393,7.553,7.325,LOT_019,False,0.379,40.7,8.389975,2.781300622587413,-0.3829053901441496,False,6.078250000000002,9.708249999999998,False,0.16637168860444645,False,False,19.9
C_00800,7.601,7.657,8.144,7.97,LOT_019,False,0.347,29.8,8.389975,2.781300622587413,-0.15099949879179256,False,6.078250000000002,9.708249999999998,False,0.19348078062163282,False,False,16.6
C_00801,11.901,11.741,12.239,12.628,LOT_020,False,0.393,46.8,12.928075000000002,3.2188276284888375,-0.09322493610534822,False,9.675375,14.398375,False,0.2565850451521071,False,False,12.9
C_00802,11.626,11.315,11.156,11.367,LOT_020,False,0.305,19.7,12.928075000000002,3.2188276284888375,-0.4849824781493155,False,9.675375,14.398375,False,0.23302730192956578,False,False,17.4
C_00803,11.113,10.849,11.058,11.339,LOT_020,False,0.404,52.1,12.928075000000002,3.2188276284888375,-0.49368129748098183,False,9.675375,14.398375,False,0.204324226428567,False,False,18.9
C_00804,11.764,11.392,12.075,11.822,LOT_020,False,0.348,30.0,12.928075000000002,3.2188276284888375,-0.3436266640097401,False,9.675375,14.398375,False,0.2554523348039726,False,False,15.1
C_00805,11.615,11.677,11.951,12.073,LOT_020,False,0.342,28.3,12.928075000000002,3.2188276284888375,-0.26564796214373193,False,9.675375,14.398375,False,0.2863447166957024,False,False,12.9
C_00806,12.679,12.484,12.678,13.208,LOT_020,False,0.374,38.8,12.928075000000002,3.2188276284888375,0.08696489290773757,False,9.675375,14.398375,False,0.1379140561300235,False,False,18.8
C_00807,11.578,11.565,11.537,11.767,LOT_020,False,0.332,25.6,12.928075000000002,3.2188276284888375,-0.3607136305540844,False,9.675375,14.398375,False,0.2716172663348672,False,False,14.4
C_00808,10.865,14.737,19.186,22.127,LOT_020,True,0.705,979.8,12.928075000000002,3.2188276284888375,2.857849522162413,False,9.675375,14.398375,True,0.02276185217111404,False,True,47.7
C_00809,12.079,12.072,12.799,12.627,LOT_020,False,0.353,31.6,12.928075000000002,3.2188276284888375,-0.09353560822433613,False,9.675375,14.398375,False,0.21511724492164086,False,False,15.0
C_00810,11.17,11.494,11.836,11.464,LOT_020,False,0.357,32.6,12.928075000000002,3.2188276284888375,-0.454847282607472,False,9.675375,14.398375,False,0.24974525211705922,False,False,16.3
C_00811,11.155,11.714,11.59,11.394,LOT_020,False,0.341,28.1,12.928075000000002,3.2188276284888375,-0.4765943309366376,False,9.675375,14.398375,False,0.25647620647601654,False,False,16.1
C_00812,11.612,11.374,11.326,11.639,LOT_020,False,0.319,22.7,12.928075000000002,3.2188276284888375,-0.4004796617845585,False,9.675375,14.398375,False,0.2604520664377037,False,False,15.3
C_00813,10.143,10.598,10.52,10.642,LOT_020,False,0.348,30.1,12.928075000000002,3.2188276284888375,-0.7102197644156731,False,9.675375,14.398375,False,0.09076118558666224,False,False,26.4
C_00814,11.787,12.065,12.029,12.378,LOT_020,False,0.357,32.6,12.928075000000002,3.2188276284888375,-0.17089296585236796,False,9.675375,14.398375,False,0.276936988301102,False,False,12.6
C_00815,10.51,14.551,19.402,22.761,LOT_020,True,0.714,1080.0,12.928075000000002,3.2188276284888375,3.054815645600855,True,9.675375,14.398375,True,-0.014272129888951657,True,True,51.2
C_00816,11.799,11.857,11.966,12.31,LOT_020,False,0.393,46.4,12.928075000000002,3.2188276284888375,-0.1920186699435572,False,9.675375,14.398375,False,0.2822754927264946,False,False,12.5
C_00817,11.591,11.756,12.3,12.538,LOT_020,False,0.401,50.3,12.928075000000002,3.2188276284888375,-0.12118542681427528,False,9.675375,14.398375,False,0.2637737165283034,False,False,12.8
C_00818,12.309,12.362,12.146,12.754,LOT_020,False,0.303,19.4,12.928075000000002,3.2188276284888375,-0.05408024911285045,False,9.675375,14.398375,False,0.21878638168056053,False,False,14.5
C_00819,12.115,12.631,11.656,12.194,LOT_020,False,0.333,25.8,12.928075000000002,3.2188276284888375,-0.22805663574617424,False,9.675375,14.398375,False,0.19263480789285037,False,False,17.3
C_00820,10.519,10.762,10.99,10.881,LOT_020,False,0.34,27.7,12.928075000000002,3.2188276284888375,-0.635969127977522,False,9.675375,14.398375,False,0.18841894548678173,False,False,20.9
C_00821,11.392,14.505,18.923,21.553,LOT_020,True,0.7,935.1,12.928075000000002,3.2188276284888375,2.6795237258632563,False,9.675375,14.398375,True,-0.0031038889324246366,True,True,47.5
C_00822,10.559,11.068,11.227,10.737,LOT_020,False,0.335,26.5,12.928075000000002,3.2188276284888375,-0.6807059131118055,False,9.675375,14.398375,False,0.19552173681474383,False,False,20.9
C_00823,10.986,11.585,11.183,11.628,LOT_020,False,0.373,38.5,12.928075000000002,3.2188276284888375,-0.40389705509342716,False,9.675375,14.398375,False,0.2491916943103214,False,False,15.9
C_00824,11.883,15.248,19.277,22.367,LOT_020,True,0.695,893.1,12.928075000000002,3.2188276284888375,2.9324108307195527,False,9.675375,14.398375,True,-0.022415728596781093,True,True,50.6
C_00825,12.423,12.61,12.883,13.045,LOT_020,False,0.381,41.6,12.928075000000002,3.2188276284888375,0.036325337512680626,False,9.675375,14.398375,False,0.17602843449221312,False,False,16.5
C_00826,12.425,12.483,12.8,12.428,LOT_020,False,0.385,43.3,12.928075000000002,3.2188276284888375,-0.1553593599029638,False,9.675375,14.398375,False,0.194943816783282,False,False,16.5
C_00827,10.794,11.255,11.655,11.8,LOT_020,False,0.375,39.1,12.928075000000002,3.2188276284888375,-0.35046145062747736,False,9.675375,14.398375,False,0.226306059105931,False,False,16.6
C_00828,12.061,11.777,12.023,11.896,LOT_020,False,0.353,31.6,12.928075000000002,3.2188276284888375,-0.3206369272046218,False,9.675375,14.398375,False,0.2604986920857721,False,False,14.6
C_00829,13.021,13.33,13.31,13.358,LOT_020,False,0.366,35.7,12.928075000000002,3.2188276284888375,0.13356571075594953,False,9.675375,14.398375,False,0.03358740078289102,False,False,24.4
C_00830,11.323,11.751,11.811,11.861,LOT_020,False,0.336,26.6,12.928075000000002,3.2188276284888375,-0.3315104513692046,False,9.675375,14.398375,False,0.27570276437374996,False,False,14.0
C_00831,11.856,11.935,12.013,12.252,LOT_020,False,0.378,40.3,12.928075000000002,3.2188276284888375,-0.21003765284486572,False,9.675375,14.398375,False,0.28556547981512237,False,False,12.5
C_00832,10.503,11.142,10.983,10.988,LOT_020,False,0.354,31.8,12.928075000000002,3.2188276284888375,-0.6027272112457979,False,9.675375,14.398375,False,0.19889185641318546,False,False,20.1
C_00833,11.641,12.133,11.693,12.737,LOT_020,False,0.405,52.4,12.928075000000002,3.2188276284888375,-0.05936167513564763,False,9.675375,14.398375,False,0.23037999713893448,False,False,14.0
C_00834,9.5,9.566,9.917,9.82,LOT_020,False,0.346,29.5,12.928075000000002,3.2188276284888375,-0.9655922462238737,False,9.675375,14.398375,False,-0.05442902656987747,True,True,35.8
C_00835,10.912,11.877,11.457,11.691,LOT_020,False,0.371,37.4,12.928075000000002,3.2188276284888375,-0.38432471159717796,False,9.675375,14.398375,False,0.23977847754951315,False,False,16.2
C_00836,11.419,11.696,12.226,12.463,LOT_020,False,0.421,61.2,12.928075000000002,3.2188276284888375,-0.14448583573838153,False,9.675375,14.398375,False,0.2631452803077061,False,False,13.0
C_00837,12.398,11.973,12.222,11.881,LOT_020,False,0.307,20.0,12.928075000000002,3.2188276284888375,-0.32529700898944314,False,9.675375,14.398375,False,0.22543305014874454,False,False,16.4
C_00838,10.958,11.058,11.423,11.097,LOT_020,False,0.307,20.0,12.928075000000002,3.2188276284888375,-0.5688639502760973,False,9.675375,14.398375,False,0.2260887118597686,False,False,18.4
C_00839,10.495,10.569,10.815,11.203,LOT_020,False,0.415,57.6,12.928075000000002,3.2188276284888375,-0.5359327056633609,False,9.675375,14.398375,False,0.15794576165200974,False,False,21.6
C_00840,12.025,12.071,12.15,12.405,LOT_020,False,0.334,26.1,12.928075000000002,3.2188276284888375,-0.16250481863969005,False,9.675375,14.398375,False,0.269750276619512,False,False,12.9
C_00841,10.922,11.546,11.238,12.247,LOT_021,False,0.395,47.5,11.594249999999999,2.851061608396387,0.2289498052506652,False,8.865750000000002,13.01575,False,0.1722978368457544,False,False,18.3
C_00842,11.408,13.794,17.307,20.58,LOT_021,True,0.64,519.2,11.594249999999999,2.851061608396387,3.151720739228129,True,8.865750000000002,13.01575,True,-0.06915438931125006,True,True,54.7
C_00843,11.174,11.331,12.348,12.113,LOT_021,False,0.39,45.4,11.594249999999999,2.851061608396387,0.18194976863084264,False,8.865750000000002,13.01575,False,0.14528182652823152,False,False,19.3
C_00844,10.764,10.77,10.925,11.325,LOT_021,False,0.363,34.8,11.594249999999999,2.851061608396387,-0.0944385064170684,False,8.865750000000002,13.01575,False,0.26182112104235816,False,False,12.7
C_00845,9.902,9.87,9.957,10.711,LOT_021,False,0.374,38.7,11.594249999999999,2.851061608396387,-0.3097968831675976,False,8.865750000000002,13.01575,False,0.24528105329933886,False,False,15.3
C_00846,11.146,10.893,11.023,11.71,LOT_021,False,0.334,26.3,11.594249999999999,2.851061608396387,0.040598912229436866,False,8.865750000000002,13.01575,False,0.22824713718873169,False,False,13.9
C_00847,11.864,11.485,11.551,11.445,LOT_021,False,0.294,17.7,11.594249999999999,2.851061608396387,-0.052348921384391255,False,8.865750000000002,13.01575,False,0.11800795988904655,False,False,19.5
C_00848,10.129,10.175,10.134,10.058,LOT_021,False,0.346,29.5,11.594249999999999,2.851061608396387,-0.5388343750537473,False,8.865750000000002,13.01575,False,0.22680666851890907,False,False,18.1
C_00849,9.943,9.863,10.157,10.528,LOT_021,False,0.306,19.9,11.594249999999999,2.851061608396387,-0.37398350034242966,False,8.865750000000002,13.01575,False,0.25303286363141547,False,False,15.5
C_00850,10.414,11.027,10.708,10.982,LOT_021,False,0.321,23.1,11.594249999999999,2.851061608396387,-0.21474457030213623,False,8.865750000000002,13.01575,False,0.2377525926906494,False,False,14.9
C_00851,11.211,11.499,11.7,11.589,LOT_021,False,0.331,25.4,11.594249999999999,2.851061608396387,-0.0018414193451790565,False,8.865750000000002,13.01575,False,0.20452769645326963,False,False,14.8
C_00852,9.899,9.904,10.258,10.228,LOT_021,False,0.381,41.5,11.594249999999999,2.851061608396387,-0.4792074629241219,False,8.865750000000002,13.01575,False,0.24418202823004576,False,False,16.8
C_00853,10.355,13.349,18.291,21.756,LOT_021,True,0.681,779.3,11.594249999999999,2.851061608396387,3.564198672548362,True,8.865750000000002,13.01575,True,-0.04293296686689296,True,True,56.8
C_00854,10.52,10.563,11.296,11.277,LOT_021,False,0.361,34.1,11.594249999999999,2.851061608396387,-0.11127434043013913,False,8.865750000000002,13.01575,False,0.23840147092220648,False,False,14.0
C_00855,10.51,10.635,11.021,11.078,LOT_021,False,0.387,43.9,11.594249999999999,2.851061608396387,-0.18107290227599476,False,8.865750000000002,13.01575,False,0.2610088978676955,False,False,13.5
C_00856,10.388,10.475,10.807,11.295,LOT_021,False,0.421,61.3,11.594249999999999,2.851061608396387,-0.10496090267523737,False,8.865750000000002,13.01575,False,0.2568713967710344,False,False,13.0
C_00857,8.867,9.014,8.734,8.552,LOT_021,False,0.227,9.2,11.594249999999999,2.851061608396387,-1.0670586672138411,False,8.865750000000002,13.01575,True,-0.019599456183474362,True,True,34.9
C_00858,10.768,10.49,10.519,10.353,LOT_021,False,0.31,20.7,11.594249999999999,2.851061608396387,-0.43536414518175026,False,8.865750000000002,13.01575,False,0.2228983835523508,False,False,17.5
C_00859,10.225,10.501,10.361,11.028,LOT_021,False,0.338,27.3,11.594249999999999,2.851061608396387,-0.19861022937294304,False,8.865750000000002,13.01575,False,0.248468181094802,False,False,14.2
C_00860,10.749,11.309,11.143,11.375,LOT_021,False,0.342,28.3,11.594249999999999,2.851061608396387,-0.07690117932011949,False,8.865750000000002,13.01575,False,0.22905432812706078,False,False,14.2
C_00861,10.539,10.36,10.49,10.644,LOT_021,False,0.282,15.7,11.594249999999999,2.851061608396387,-0.3332969014775089,False,8.865750000000002,13.01575,False,0.24585649539852866,False,False,15.5
C_00862,9.46,9.721,9.728,10.329,LOT_021,False,0.349,30.2,11.594249999999999,2.851061608396387,-0.4437820621882853,False,8.865750000000002,13.01575,False,0.21115489429709577,False,False,18.1
C_00863,9.572,9.628,9.918,10.553,LOT_021,False,0.354,31.7,11.594249999999999,2.851061608396387,-0.3652148367939552,False,8.865750000000002,13.01575,False,0.22712493069357237,False,False,16.7
C_00864,10.37,10.701,10.864,11.467,LOT_021,False,0.317,22.1,11.594249999999999,2.851061608396387,-0.044632497461733756,False,8.865750000000002,13.01575,False,0.2488788627114769,False,False,12.9
C_00865,9.609,9.933,10.311,10.469,LOT_021,False,0.377,40.0,11.594249999999999,2.851061608396387,-0.3946775463168295,False,8.865750000000002,13.01575,False,0.2431973683449044,False,False,16.1
C_00866,9.456,9.894,9.999,10.052,LOT_021,False,0.406,53.0,11.594249999999999,2.851061608396387,-0.5409388543053812,False,8.865750000000002,13.01575,False,0.22242439631208494,False,False,18.4
C_00867,9.873,10.423,10.436,10.568,LOT_021,False,0.32,22.8,11.594249999999999,2.851061608396387,-0.35995363866487107,False,8.865750000000002,13.01575,False,0.24893609053972326,False,False,15.6
C_00868,9.99,10.114,10.126,10.007,LOT_021,False,0.321,23.1,11.594249999999999,2.851061608396387,-0.556722448692635,False,8.865750000000002,13.01575,False,0.23331170752417552,False,False,18.0
C_00869,10.933,10.838,11.211,11.262,LOT_021,False,0.355,32.3,11.594249999999999,2.851061608396387,-0.1165355385592233,False,8.865750000000002,13.01575,False,0.2461472051250589,False,False,13.7
C_00870,11.396,11.647,11.906,12.372,LOT_021,False,0.388,44.4,11.594249999999999,2.851061608396387,0.2727931229930368,False,8.865750000000002,13.01575,False,0.11787839356481888,False,False,21.4
C_00871,10.137,10.329,10.617,10.445,LOT_021,False,0.256,12.2,11.594249999999999,2.851061608396387,-0.40309546332336454,False,8.865750000000002,13.01575,False,0.24457338930323863,False,False,16.1
C_00872,9.572,10.109,10.083,10.604,LOT_021,False,0.446,78.2,11.594249999999999,2.851061608396387,-0.34732676315506816,False,8.865750000000002,13.01575,False,0.24021104067463356,False,False,15.9
C_00873,9.506,9.013,9.837,9.622,LOT_021,False,0.372,38.1,11.594249999999999,2.851061608396387,-0.6917598673391396,False,8.865750000000002,13.01575,False,0.13912762088063513,False,False,23.8
C_00874,9.332,9.768,9.626,9.615,LOT_021,False,0.306,20.0,11.594249999999999,2.851061608396387,-0.6942150931327123,False,8.865750000000002,13.01575,False,0.1671908795675769,False,False,22.4
C_00875,10.654,10.857,10.752,10.739,LOT_021,False,0.339,27.5,11.594249999999999,2.851061608396387,-0.2999759799933062,False,8.865750000000002,13.01575,False,0.24601105927538375,False,False,15.2
C_00876,10.438,13.308,17.436,20.945,LOT_021,True,0.649,568.7,11.594249999999999,2.851061608396387,3.279743227035855,True,8.865750000000002,13.01575,True,-0.01359006730521417,True,True,53.0
C_00877,9.052,9.311,9.504,9.623,LOT_021,False,0.337,26.9,11.594249999999999,2.851061608396387,-0.6914091207972008,False,8.865750000000002,13.01575,False,0.09966049357157003,False,False,25.8
C_00878,9.731,10.151,10.529,11.024,LOT_021,False,0.409,54.6,11.594249999999999,2.851061608396387,-0.2000132155406994,False,8.865750000000002,13.01575,False,0.2235109840885227,False,False,15.5
C_00879,11.052,10.972,11.112,11.457,LOT_021,False,0.352,31.1,11.594249999999999,2.851061608396387,-0.04813996288112341,False,8.865750000000002,13.01575,False,0.2457155171033945,False,False,13.1
C_00880,11.234,11.223,11.87,11.743,LOT_021,False,0.353,31.6,11.594249999999999,2.851061608396387,0.0521735481134228,False,8.865750000000002,13.01575,False,0.20025756049279775,False,False,15.4
C_00881,11.996,12.201,12.415,12.536,LOT_022,False,0.264,13.2,14.00455,7.16116872337298,-0.20507127491730137,False,10.409875000000001,13.882875,False,0.12597708896898918,False,False,20.4
C_00882,12.12,19.138,29.65,37.264,LOT_022,True,0.718,1119.7,14.00455,7.16116872337298,3.247996367420397,True,10.409875000000001,13.882875,True,-0.16556791079292987,True,True,60.3
C_00883,11.16,11.056,11.793,11.946,LOT_022,False,0.41,55.0,14.00455,7.16116872337298,-0.28746006127201024,False,10.409875000000001,13.882875,False,0.18516580653459558,False,False,18.1
C_00884,11.596,11.966,12.333,12.82,LOT_022,False,0.387,44.2,14.00455,7.16116872337298,-0.16541294385842445,False,10.409875000000001,13.882875,False,0.14020990363769842,False,False,19.4
C_00885,11.485,11.53,11.811,12.41,LOT_022,False,0.397,48.6,14.00455,7.16116872337298,-0.2226661682744086,False,10.409875000000001,13.882875,False,0.1917439024055781,False,False,17.3
C_00886,12.232,12.171,12.297,12.519,LOT_022,False,0.345,29.0,14.00455,7.16116872337298,-0.20744518910040308,False,10.409875000000001,13.882875,False,0.11220594464440314,False,False,21.1
C_00887,11.477,11.267,11.628,11.958,LOT_022,False,0.308,20.3,14.00455,7.16116872337298,-0.28578435714276185,False,10.409875000000001,13.882875,False,0.20781311196027358,False,False,17.0
C_00888,11.567,11.138,11.81,12.101,LOT_022,False,0.343,28.6,14.00455,7.16116872337298,-0.26581554960255266,False,10.409875000000001,13.882875,False,0.18525600187040608,False,False,18.0
C_00889,11.355,11.549,11.522,12.211,LOT_022,False,0.367,36.1,14.00455,7.16116872337298,-0.2504549284177765,False,10.409875000000001,13.882875,False,0.19620056954818116,False,False,17.3
C_00890,11.489,11.264,11.576,11.438,LOT_022,False,0.29,17.1,14.00455,7.16116872337298,-0.3583982027435222,False,10.409875000000001,13.882875,False,0.1844479706683539,False,False,18.8
C_00891,11.418,11.634,11.565,11.578,LOT_022,False,0.284,16.1,14.00455,7.16116872337298,-0.33884832123562536,False,10.409875000000001,13.882875,False,0.19082498181450464,False,False,18.3
C_00892,10.911,11.009,11.267,12.078,LOT_022,False,0.351,30.8,14.00455,7.16116872337298,-0.26902731585027884,False,10.409875000000001,13.882875,False,0.13349581170807828,False,False,20.6
C_00893,10.637,11.724,12.311,13.454,LOT_022,False,0.482,111.0,14.00455,7.16116872337298,-0.07687990902980499,False,10.409875000000001,13.882875,False,0.03484837014916209,False,False,23.9
C_00894,11.234,11.393,11.647,12.224,LOT_022,False,0.414,57.4,14.00455,7.16116872337298,-0.2486395822777575,False,10.409875000000001,13.882875,False,0.19571315208350493,False,False,17.3
C_00895,11.458,11.797,12.303,12.395,LOT_022,False,0.422,61.9,14.00455,7.16116872337298,-0.22476079843596908,False,10.409875000000001,13.882875,False,0.17003159881318514,False,False,18.4
C_00896,11.473,11.775,11.958,12.004,LOT_022,False,0.333,26.0,14.00455,7.16116872337298,-0.2793608246473101,False,10.409875000000001,13.882875,False,0.20179569232728556,False,False,17.2
C_00897,12.448,12.563,13.319,13.467,LOT_022,False,0.344,29.0,14.00455,7.16116872337298,-0.075064562889786,False,10.409875000000001,13.882875,False,0.0027991102881039787,False,False,25.5
C_00898,11.202,11.505,11.627,12.011,LOT_022,False,0.375,39.0,14.00455,7.16116872337298,-0.2783833305719153,False,10.409875000000001,13.882875,False,0.20210884101790327,False,False,17.2
C_00899,11.515,11.71,11.909,11.927,LOT_022,False,0.325,24.0,14.00455,7.16116872337298,-0.29011325947665345,False,10.409875000000001,13.882875,False,0.20638421187269884,False,False,17.1
C_00900,10.538,10.739,10.757,11.298,LOT_022,False,0.322,23.3,14.00455,7.16116872337298,-0.3779480842514193,False,10.409875000000001,13.882875,False,-0.0003816968574686941,True,True,28.2
C_00901,11.696,11.824,12.64,12.76,LOT_022,False,0.372,37.8,14.00455,7.16116872337298,-0.1737914645046661,False,10.409875000000001,13.882875,False,0.12679743501719726,False,False,20.1
C_00902,11.385,11.383,11.474,11.518,LOT_022,False,0.338,27.2,14.00455,7.16116872337298,-0.34722684188186675,False,10.409875000000001,13.882875,False,0.19392249837462344,False,False,18.2
C_00903,11.21,11.194,11.567,11.576,LOT_022,False,0.347,29.6,14.00455,7.16116872337298,-0.33912760525716656,False,10.409875000000001,13.882875,False,0.19332147637814734,False,False,18.2
C_00904,11.182,11.702,11.574,12.014,LOT_022,False,0.299,18.7,14.00455,7.16116872337298,-0.2779644045396032,False,10.409875000000001,13.882875,False,0.19405409101853727,False,False,17.6
C_00905,11.219,11.053,11.744,11.512,LOT_022,False,0.365,35.5,14.00455,7.16116872337298,-0.3480646939464909,False,10.409875000000001,13.882875,False,0.18090174730575265,False,False,18.9
C_00906,10.438,10.952,10.853,11.44,LOT_022,False,0.367,36.1,14.00455,7.16116872337298,-0.358118918721981,False,10.409875000000001,13.882875,False,0.04442526147619297,False,False,25.8
C_00907,10.765,11.062,11.28,11.323,LOT_022,False,0.311,21.0,14.00455,7.16116872337298,-0.37445703398215197,False,10.409875000000001,13.882875,False,0.10818633331995525,False,False,22.7
C_00908,10.845,11.366,11.806,11.817,LOT_022,False,0.406,52.8,14.00455,7.16116872337298,-0.3054738806614296,False,10.409875000000001,13.882875,False,0.16034949521407443,False,False,19.5
C_00909,11.464,15.732,22.454,27.067,LOT_022,True,0.681,779.4,14.00455,7.16116872337298,1.8240667835916395,False,10.409875000000001,13.882875,True,-0.15660968079555437,True,True,48.0
C_00910,11.535,11.728,12.526,12.072,LOT_022,False,0.292,17.3,14.00455,7.16116872337298,-0.269865167914903,False,10.409875000000001,13.882875,False,0.16401095810206984,False,False,19.0
C_00911,12.403,12.236,12.05,12.714,LOT_022,False,0.312,21.1,14.00455,7.16116872337298,-0.1802149970001179,False,10.409875000000001,13.882875,False,0.0800562645667417,False,False,22.5
C_00912,12.803,12.297,12.691,13.013,LOT_022,False,0.326,24.2,14.00455,7.16116872337298,-0.13846203577968072,False,10.409875000000001,13.882875,False,0.01931961530197579,False,False,25.2
C_00913,11.513,11.676,11.952,11.972,LOT_022,False,0.341,28.0,14.00455,7.16116872337298,-0.28382936899197225,False,10.409875000000001,13.882875,False,0.20916664848146954,False,False,16.9
C_00914,11.31,10.972,11.446,11.724,LOT_022,False,0.348,30.1,14.00455,7.16116872337298,-0.31846058766310403,False,10.409875000000001,13.882875,False,0.17085177151205194,False,False,19.1
C_00915,12.304,12.599,12.59,13.072,LOT_022,False,0.351,30.8,14.00455,7.16116872337298,-0.13022315714420993,False,10.409875000000001,13.882875,False,0.07166427724852747,False,False,22.5
C_00916,11.455,11.376,11.585,11.677,LOT_022,False,0.248,11.3,14.00455,7.16116872337298,-0.3250237621693267,False,10.409875000000001,13.882875,False,0.20612161254349487,False,False,17.4
C_00917,11.024,11.666,11.207,11.853,LOT_022,False,0.309,20.4,14.00455,7.16116872337298,-0.3004467682736847,False,10.409875000000001,13.882875,False,0.14284161429338138,False,False,20.4
C_00918,12.106,21.17,35.966,47.822,LOT_022,True,0.759,1675.3,14.00455,7.16116872337298,4.722336717137375,True,10.409875000000001,13.882875,True,-0.21930245503288825,True,True,75.3
C_00919,11.646,11.454,11.946,12.189,LOT_022,False,0.372,38.1,14.00455,7.16116872337298,-0.2535270526547318,False,10.409875000000001,13.882875,False,0.18309284252688063,False,False,18.0
C_00920,11.292,11.077,11.444,11.408,LOT_022,False,0.265,13.3,14.00455,7.16116872337298,-0.36258746306664313,False,10.409875000000001,13.882875,False,0.17645478038030427,False,False,19.2
C_00921,8.177,8.276,8.308,8.544,LOT_023,False,0.331,25.6,10.615075000000001,6.130744081612833,-0.3378178851424437,False,7.221750000000002,10.717749999999997,False,0.24636796573986136,False,False,15.5
C_00922,8.474,8.699,9.02,9.082,LOT_023,False,0.377,40.1,10.615075000000001,6.130744081612833,-0.2500634473714143,False,7.221750000000002,10.717749999999997,False,0.22787447961434604,False,False,15.7
C_00923,7.436,7.381,7.59,7.572,LOT_023,False,0.296,18.1,10.615075000000001,6.130744081612833,-0.49636307754660836,False,7.221750000000002,10.717749999999997,False,0.07992650000691792,False,False,25.1
C_00924,8.074,8.417,8.413,8.739,LOT_023,False,0.378,40.2,10.615075000000001,6.130744081612833,-0.3060109792588921,False,7.221750000000002,10.717749999999997,False,0.24378956923373568,False,False,15.4
C_00925,8.162,10.65,13.658,15.571,LOT_023,True,0.653,592.2,10.615075000000001,6.130744081612833,0.8083725130304622,False,7.221750000000002,10.717749999999997,True,0.013496970402053443,False,True,31.1
C_00926,8.327,9.155,8.93,8.877,LOT_023,False,0.412,56.1,10.615075000000001,6.130744081612833,-0.2835014766336095,False,7.221750000000002,10.717749999999997,False,0.20663981496472023,False,False,17.0
C_00927,6.868,7.021,7.354,7.083,LOT_023,False,0.36,33.6,10.615075000000001,6.130744081612833,-0.5761250107622837,False,7.221750000000002,10.717749999999997,True,-0.04792378180590562,True,True,32.2
C_00928,8.065,8.392,8.457,8.665,LOT_023,False,0.32,22.8,10.615075000000001,6.130744081612833,-0.3180812922608555,False,7.221750000000002,10.717749999999997,False,0.24690918763957242,False,False,15.3
C_00929,8.437,8.527,8.826,8.595,LOT_023,False,0.292,17.4,10.615075000000001,6.130744081612833,-0.329499155911361,False,7.221750000000002,10.717749999999997,False,0.23483595370687882,False,False,16.0
C_00930,8.717,9.46,9.504,9.512,LOT_023,False,0.38,41.1,10.615075000000001,6.130744081612833,-0.17992514208973656,False,7.221750000000002,10.717749999999997,False,0.13140294265198377,False,False,19.9
C_00931,7.778,10.329,14.1,16.629,LOT_023,True,0.685,810.9,10.615075000000001,6.130744081612833,0.9809453664909626,False,7.221750000000002,10.717749999999997,True,0.024852129515330335,False,True,31.9
C_00932,8.761,9.208,8.961,9.306,LOT_023,False,0.35,30.7,10.615075000000001,6.130744081612833,-0.21352628368979634,False,7.221750000000002,10.717749999999997,False,0.1918555034049979,False,False,17.2
C_00933,9.119,9.287,9.336,9.661,LOT_023,False,0.327,24.5,10.615075000000001,6.130744081612833,-0.15562140374794603,False,7.221750000000002,10.717749999999997,False,0.09280169261524063,False,False,21.7
C_00934,8.591,8.588,8.867,8.894,LOT_023,False,0.368,36.4,10.615075000000001,6.130744081612833,-0.2807285668899153,False,7.221750000000002,10.717749999999997,False,0.2330708737888192,False,False,15.7
C_00935,8.173,7.992,8.315,8.0,LOT_023,False,0.325,23.9,10.615075000000001,6.130744081612833,-0.42655099694065934,False,7.221750000000002,10.717749999999997,False,0.21293310395317738,False,False,17.9
C_00936,8.337,8.908,9.196,9.337,LOT_023,False,0.345,29.2,10.615075000000001,6.130744081612833,-0.2084698012160009,False,7.221750000000002,10.717749999999997,False,0.22193577437655126,False,False,15.6
C_00937,8.249,8.18,8.241,8.486,LOT_023,False,0.343,28.7,10.615075000000001,6.130744081612833,-0.34727840073857696,False,7.221750000000002,10.717749999999997,False,0.2323611015625513,False,False,16.3
C_00938,7.957,8.527,8.193,8.594,LOT_023,False,0.359,33.4,10.615075000000001,6.130744081612833,-0.3296622682492255,False,7.221750000000002,10.717749999999997,False,0.22864968557130005,False,False,16.3
C_00939,7.785,11.109,15.844,19.364,LOT_023,True,0.708,1014.4,10.615075000000001,6.130744081612833,1.427057610550006,False,7.221750000000002,10.717749999999997,True,-0.0018404959639163332,True,True,37.0
C_00940,7.927,7.867,8.175,8.148,LOT_023,False,0.362,34.4,10.615075000000001,6.130744081612833,-0.4024103709367331,False,7.221750000000002,10.717749999999997,False,0.20630902468725942,False,False,18.0
C_00941,7.698,7.74,7.64,7.986,LOT_023,False,0.244,10.9,10.615075000000001,6.130744081612833,-0.4288345696707605,False,7.221750000000002,10.717749999999997,False,0.14850864512826295,False,False,21.1
C_00942,8.546,8.633,8.703,9.389,LOT_023,False,0.374,38.6,10.615075000000001,6.130744081612833,-0.19998795964705388,False,7.221750000000002,10.717749999999997,False,0.21862292384313042,False,False,15.7
C_00943,8.392,17.941,31.819,42.363,LOT_023,True,0.809,2723.4,10.615075000000001,6.130744081612833,5.1784782690925795,True,7.221750000000002,10.717749999999997,True,-0.22311647577161264,True,True,79.3
C_00944,8.142,8.112,8.355,8.37,LOT_023,False,0.294,17.8,10.615075000000001,6.130744081612833,-0.36619943193084376,False,7.221750000000002,10.717749999999997,False,0.24198126594672537,False,False,16.0
C_00945,8.865,8.876,8.979,9.412,LOT_023,False,0.355,32.3,10.615075000000001,6.130744081612833,-0.1962363758761732,False,7.221750000000002,10.717749999999997,False,0.2037150155577261,False,False,16.4
C_00946,8.447,8.659,8.835,8.819,LOT_023,False,0.367,36.0,10.615075000000001,6.130744081612833,-0.29296199222974273,False,7.221750000000002,10.717749999999997,False,0.24238225717655892,False,False,15.3
C_00947,8.08,8.79,8.822,9.171,LOT_023,False,0.401,50.2,10.615075000000001,6.130744081612833,-0.23554644930148586,False,7.221750000000002,10.717749999999997,False,0.2126012844531892,False,False,16.3
C_00948,8.515,8.378,8.695,8.771,LOT_023,False,0.346,29.4,10.615075000000001,6.130744081612833,-0.30079138444723236,False,7.221750000000002,10.717749999999997,False,0.23165145926006353,False,False,15.9
C_00949,7.597,11.916,18.729,24.306,LOT_023,True,0.739,1373.7,10.615075000000001,6.130744081612833,2.233158784275707,False,7.221750000000002,10.717749999999997,True,-0.08982431850976857,True,True,48.1
C_00950,8.958,8.845,9.244,9.177,LOT_023,False,0.355,32.1,10.615075000000001,6.130744081612833,-0.23456777527429962,False,7.221750000000002,10.717749999999997,False,0.1757609588429958,False,False,18.2
C_00951,9.005,8.969,9.047,9.405,LOT_023,False,0.36,33.8,10.615075000000001,6.130744081612833,-0.197378162241224,False,7.221750000000002,10.717749999999997,False,0.1798109205814244,False,False,17.7
C_00952,7.789,7.954,8.524,8.499,LOT_023,False,0.424,63.1,10.615075000000001,6.130744081612833,-0.3451579403463402,False,7.221750000000002,10.717749999999997,False,0.20993961047295512,False,False,17.4
C_00953,8.006,8.443,8.604,8.636,LOT_023,False,0.403,51.4,10.615075000000001,6.130744081612833,-0.32281155005892215,False,7.221750000000002,10.717749999999997,False,0.24487895915806546,False,False,15.4
C_00954,8.607,8.339,8.705,8.767,LOT_023,False,0.317,22.1,10.615075000000001,6.130744081612833,-0.30144383379869005,False,7.221750000000002,10.717749999999997,False,0.22065221261308193,False,False,16.5
C_00955,7.604,7.535,7.932,7.853,LOT_023,False,0.335,26.4,10.615075000000001,6.130744081612833,-0.45052851060672133,False,7.221750000000002,10.717749999999997,False,0.13460017477158792,False,False,22.0
C_00956,8.283,8.456,8.803,9.031,LOT_023,False,0.336,26.7,10.615075000000001,6.130744081612833,-0.258382176602497,False,7.221750000000002,10.717749999999997,False,0.24055049918223032,False,False,15.1
C_00957,8.535,8.915,9.356,9.473,LOT_023,False,0.344,29.0,10.615075000000001,6.130744081612833,-0.18628652326644682,False,7.221750000000002,10.717749999999997,False,0.20880441984601023,False,False,16.1
C_00958,8.118,8.212,8.141,8.485,LOT_023,False,0.306,19.9,10.615075000000001,6.130744081612833,-0.3474415130764415,False,7.221750000000002,10.717749999999997,False,0.22899299852117155,False,False,16.4
C_00959,7.93,7.92,8.298,8.581,LOT_023,False,0.328,24.8,10.615075000000001,6.130744081612833,-0.3317827286414623,False,7.221750000000002,10.717749999999997,False,0.22656957848167625,False,False,16.4
C_00960,9.015,8.932,9.355,9.45,LOT_023,False,0.391,45.9,10.615075000000001,6.130744081612833,-0.1900381070373275,False,7.221750000000002,10.717749999999997,False,0.17218642801869283,False,False,18.0
C_00961,9.674,13.139,19.266,23.737,LOT_024,True,0.696,899.9,11.025400000000001,3.5850979373669585,3.5456771954564545,True,8.597249999999997,11.649250000000004,True,-0.1378346036965894,True,True,61.4
C_00962,8.861,9.325,9.537,9.711,LOT_024,False,0.36,33.7,11.025400000000001,3.5850979373669585,-0.36662875686050284,False,8.597249999999997,11.649250000000004,False,0.16122429449354136,False,False,20.0
C_00963,10.086,10.263,10.004,10.581,LOT_024,False,0.33,25.2,11.025400000000001,3.5850979373669585,-0.12395756204261106,False,8.597249999999997,11.649250000000004,False,0.1237704743644562,False,False,19.8
C_00964,9.178,9.345,9.777,10.355,LOT_024,False,0.42,60.8,11.025400000000001,3.5850979373669585,-0.1869962862136954,False,8.597249999999997,11.649250000000004,False,0.14676912624580724,False,False,19.2
C_00965,9.355,9.409,9.326,9.198,LOT_024,False,0.321,23.1,11.025400000000001,3.5850979373669585,-0.5097210820807081,False,8.597249999999997,11.649250000000004,False,0.11808666359156839,False,False,23.3
C_00966,9.552,10.1,10.027,10.569,LOT_024,False,0.372,38.0,11.025400000000001,3.5850979373669585,-0.12730475093665058,False,8.597249999999997,11.649250000000004,False,0.1650066004956936,False,False,17.8
C_00967,8.728,8.831,9.441,9.129,LOT_024,False,0.338,27.3,11.025400000000001,3.5850979373669585,-0.5289674182214377,False,8.597249999999997,11.649250000000004,False,0.0718973805679094,False,False,25.8
C_00968,9.156,9.503,9.226,9.846,LOT_024,False,0.349,30.3,11.025400000000001,3.5850979373669585,-0.32897288180255413,False,8.597249999999997,11.649250000000004,False,0.1568485273183131,False,False,19.9
C_00969,9.143,9.337,9.698,10.069,LOT_024,False,0.384,42.8,11.025400000000001,3.5850979373669585,-0.2667709548549793,False,8.597249999999997,11.649250000000004,False,0.17619146275023445,False,False,18.4
C_00970,9.609,9.696,9.781,9.692,LOT_024,False,0.362,34.6,11.025400000000001,3.5850979373669585,-0.3719284726093994,False,8.597249999999997,11.649250000000004,False,0.17027354146625356,False,False,19.6
C_00971,9.227,9.067,9.335,9.1,LOT_024,False,0.327,24.4,11.025400000000001,3.5850979373669585,-0.5370564580487007,False,8.597249999999997,11.649250000000004,False,0.10546618608212516,False,False,24.2
C_00972,9.437,9.902,10.032,10.106,LOT_024,False,0.399,49.5,11.025400000000001,3.5850979373669585,-0.2564504557650233,False,8.597249999999997,11.649250000000004,False,0.18767967637681765,False,False,17.8
C_00973,8.948,8.977,9.154,9.28,LOT_024,False,0.347,29.9,11.025400000000001,3.5850979373669585,-0.48684862463810247,False,8.597249999999997,11.649250000000004,False,0.10849423841816108,False,False,23.6
C_00974,10.672,10.801,10.993,10.92,LOT_024,False,0.341,28.1,11.025400000000001,3.5850979373669585,-0.029399475785984053,False,8.597249999999997,11.649250000000004,False,0.015970379714393856,False,False,24.4
C_00975,9.177,9.336,10.12,9.958,LOT_024,False,0.397,48.4,11.025400000000001,3.5850979373669585,-0.2977324521248485,False,8.597249999999997,11.649250000000004,False,0.16780711198903192,False,False,19.1
C_00976,9.796,14.236,20.19,25.402,LOT_024,True,0.695,891.8,11.025400000000001,3.5850979373669585,4.01009965450449,True,8.597249999999997,11.649250000000004,True,-0.1740086595091931,True,True,67.1
C_00977,9.542,10.037,10.042,9.832,LOT_024,False,0.369,36.8,11.025400000000001,3.5850979373669585,-0.3328779355122672,False,8.597249999999997,11.649250000000004,False,0.16917881017395253,False,False,19.3
C_00978,8.928,9.245,9.322,9.752,LOT_024,False,0.369,36.8,11.025400000000001,3.5850979373669585,-0.35519252813919977,False,8.597249999999997,11.649250000000004,False,0.16208639057105817,False,False,19.9
C_00979,9.731,9.591,10.324,10.531,LOT_024,False,0.377,39.8,11.025400000000001,3.5850979373669585,-0.13790418243444363,False,8.597249999999997,11.649250000000004,False,0.17037458745983153,False,False,17.6
C_00980,9.574,10.297,10.453,10.621,LOT_024,False,0.398,48.8,11.025400000000001,3.5850979373669585,-0.1128002657291445,False,8.597249999999997,11.649250000000004,False,0.14078377306268802,False,False,18.9
C_00981,8.304,11.508,16.543,20.414,LOT_024,True,0.693,878.3,11.025400000000001,3.5850979373669585,2.6187848042152426,False,8.597249999999997,11.649250000000004,True,-0.16330307639874964,True,True,55.0
C_00982,10.271,9.682,10.199,10.327,LOT_024,False,0.375,39.2,11.025400000000001,3.5850979373669585,-0.19480639363312194,False,8.597249999999997,11.649250000000004,False,0.12506574775151957,False,False,20.4
C_00983,9.314,9.449,9.65,9.928,LOT_024,False,0.341,27.9,11.025400000000001,3.5850979373669585,-0.30610042435994805,False,8.597249999999997,11.649250000000004,False,0.18006618554000975,False,False,18.5
C_00984,9.655,9.593,9.989,9.891,LOT_024,False,0.343,28.7,11.025400000000001,3.5850979373669585,-0.3164209234499046,False,8.597249999999997,11.649250000000004,False,0.18645426918363206,False,False,18.3
C_00985,9.12,9.428,9.403,9.86,LOT_024,False,0.35,30.5,11.025400000000001,3.5850979373669585,-0.3250678280928411,False,8.597249999999997,11.649250000000004,False,0.17619765730564985,False,False,18.9
C_00986,9.772,9.84,10.225,10.233,LOT_024,False,0.352,31.4,11.025400000000001,3.5850979373669585,-0.22102603996976758,False,8.597249999999997,11.649250000000004,False,0.191766257242504,False,False,17.3
C_00987,9.795,9.897,10.57,10.274,LOT_024,False,0.35,30.6,11.025400000000001,3.5850979373669585,-0.209589811248465,False,8.597249999999997,11.649250000000004,False,0.16689917915568725,False,False,18.4
C_00988,9.866,10.277,10.544,10.393,LOT_024,False,0.341,28.1,11.025400000000001,3.5850979373669585,-0.17639685471590233,False,8.597249999999997,11.649250000000004,False,0.14903066558496447,False,False,19.0
C_00989,9.716,9.595,10.472,10.496,LOT_024,False,0.373,38.3,11.025400000000001,3.5850979373669585,-0.1476668167087267,False,8.597249999999997,11.649250000000004,False,0.16996694587474653,False,False,17.7
C_00990,8.436,8.649,8.852,9.235,LOT_024,False,0.306,19.9,11.025400000000001,3.5850979373669585,-0.4994005829907521,False,8.597249999999997,11.649250000000004,False,-0.0021777790519628137,True,True,29.3
C_00991,10.082,9.926,10.408,10.365,LOT_024,False,0.317,22.1,11.025400000000001,3.5850979373669585,-0.1842069621353289,False,8.597249999999997,11.649250000000004,False,0.156401441447235,False,False,18.7
C_00992,10.697,10.468,11.031,10.786,LOT_024,False,0.328,24.8,11.025400000000001,3.5850979373669585,-0.06677641843609625,False,8.597249999999997,11.649250000000004,False,0.022228816812539853,False,False,24.4
C_00993,9.696,9.994,10.322,10.434,LOT_024,False,0.374,38.6,11.025400000000001,3.5850979373669585,-0.16496062599459976,False,8.597249999999997,11.649250000000004,False,0.18547250183803893,False,False,17.1
C_00994,8.619,9.056,8.814,9.523,LOT_024,False,0.374,38.7,11.025400000000001,3.5850979373669585,-0.4190680495337946,False,8.597249999999997,11.649250000000004,False,0.055052943532357346,False,False,25.7
C_00995,9.671,9.867,10.1,10.058,LOT_024,False,0.334,26.2,11.025400000000001,3.5850979373669585,-0.2698392113411828,False,8.597249999999997,11.649250000000004,False,0.1994284700151624,False,False,17.3
C_00996,8.883,8.723,9.25,9.693,LOT_024,False,0.432,68.3,11.025400000000001,3.5850979373669585,-0.3716495402015629,False,8.597249999999997,11.649250000000004,False,0.10671827741581924,False,False,22.8
C_00997,10.37,10.715,11.149,10.978,LOT_024,False,0.353,31.5,11.025400000000001,3.5850979373669585,-0.013221396131457968,False,8.597249999999997,11.649250000000004,False,0.02523697554690807,False,False,23.8
C_00998,8.971,9.377,9.611,9.661,LOT_024,False,0.381,41.3,11.025400000000001,3.5850979373669585,-0.3805753772523359,False,8.597249999999997,11.649250000000004,False,0.16527554058399097,False,False,19.9
C_00999,9.583,9.664,9.975,9.989,LOT_024,False,0.347,29.8,11.025400000000001,3.5850979373669585,-0.28908554748191195,False,8.597249999999997,11.649250000000004,False,0.19803124989203102,False,False,17.5
C_01000,9.599,10.174,9.652,10.089,LOT_024,False,0.294,17.6,11.025400000000001,3.5850979373669585,-0.2611923066982463,False,8.597249999999997,11.649250000000004,False,0.15511463241018858,False,False,19.4
