component_id,Value_0h,Value_24h,Value_96h,Value_168h,lot_id,is_defective,activation_energy_ev,acceleration_factor,delta_24h,pct_change_24h,slope_0_24,lot_mean_0h,predicted_168h,predicted_slope,flag_module_b
C_00001,10.979,10.946,11.104,10.989,LOT_000,False,0.272,14.3,-0.032999999999999474,-0.003005738227525228,-0.001374999999999978,10.451550000000001,11.40464,0.0031850013732910177,False
C_00002,10.951,10.801,11.263,11.118,LOT_000,False,0.353,31.4,-0.15000000000000036,-0.013697379234773112,-0.006250000000000015,10.451550000000001,11.241239,0.003057212458716497,False
C_00003,10.587,10.411,10.509,10.637,LOT_000,False,0.343,28.5,-0.17600000000000016,-0.016624161707754808,-0.00733333333333334,10.451550000000001,10.842279,0.0029949960708618192,False
C_00004,11.047,10.657,10.847,10.939,LOT_000,False,0.367,36.0,-0.39000000000000057,-0.03530370236263244,-0.016250000000000025,10.451550000000001,11.07122,0.0028765305413140188,False
C_00005,10.885,11.334,11.529,11.611,LOT_000,False,0.345,29.3,0.44899999999999984,0.0412494258153422,0.018708333333333327,10.451550000000001,11.483251,0.0010364626248677597,False
C_00006,10.693,10.679,10.949,10.948,LOT_000,False,0.355,32.0,-0.013999999999999346,-0.0013092677452538433,-0.0005833333333333061,10.451550000000001,11.181448,0.0034892221026950393,False
C_00007,10.657,10.696,10.88,11.338,LOT_000,False,0.292,17.3,0.0389999999999997,0.003659566482124397,0.0016249999999999876,10.451550000000001,11.224046,0.003666984399159751,False
C_00008,11.004,11.166,11.292,11.382,LOT_000,False,0.283,15.9,0.1620000000000008,0.014721919302072048,0.006750000000000034,10.451550000000001,11.496038,0.0022919335895114448,False
C_00009,9.821,14.571,21.323,26.511,LOT_000,True,0.73,1257.4,4.75,0.48365746868954285,0.19791666666666666,10.451550000000001,26.705896,0.0842701137330797,True
C_00010,10.93,10.84,11.165,11.04,LOT_000,False,0.333,25.9,-0.08999999999999986,-0.008234217749313802,-0.0037499999999999942,10.451550000000001,11.265221,0.002952921125623916,False
C_00011,10.033,12.506,15.976,18.435,LOT_000,True,0.658,622.7,2.4730000000000008,0.24648659423901134,0.1030416666666667,10.451550000000001,19.322649,0.047337840292188856,True
C_00012,9.957,10.11,10.284,10.459,LOT_000,False,0.333,25.9,0.1529999999999987,0.015366074118710323,0.006374999999999946,10.451550000000001,10.611776,0.003484557999504941,False
C_00013,9.733,10.055,9.88,10.134,LOT_000,False,0.335,26.4,0.3219999999999992,0.033083324771396194,0.013416666666666632,10.451550000000001,10.394579,0.0023581870396931987,False
C_00014,10.243,10.357,10.407,10.394,LOT_000,False,0.384,42.5,0.11399999999999899,0.011129551889094893,0.004749999999999958,10.451550000000001,10.773593,0.0028930065896776037,False
C_00015,10.358,10.119,10.148,10.525,LOT_000,False,0.359,33.5,-0.23900000000000077,-0.023073952500482792,-0.009958333333333366,10.451550000000001,10.6547,0.003720140828026667,False
C_00016,11.539,15.875,23.005,28.06,LOT_000,True,0.729,1247.6,4.336,0.37576913077389723,0.18066666666666667,10.451550000000001,28.213486,0.08568392859564887,True
C_00017,9.23,9.444,9.879,10.112,LOT_000,False,0.375,39.3,0.2140000000000004,0.023185265438786608,0.008916666666666684,10.451550000000001,9.908441,0.00322528187433878,False
C_00018,11.659,12.412,12.389,12.661,LOT_000,False,0.367,36.0,0.7530000000000001,0.06458529891071275,0.03137500000000001,10.451550000000001,12.855645,0.0030808693038092663,False
C_00019,10.245,10.261,10.407,10.855,LOT_000,False,0.393,46.5,0.016000000000000014,0.0015617374328940961,0.0006666666666666673,10.451550000000001,10.741502,0.0033368181122673934,False
C_00020,10.747,10.693,10.914,11.228,LOT_000,False,0.421,61.1,-0.05400000000000027,-0.005024658044105357,-0.002250000000000011,10.451550000000001,11.218998,0.0036527635786268472,False
C_00021,11.478,12.012,12.033,12.015,LOT_000,False,0.317,22.2,0.5340000000000007,0.04652378463146896,0.02225000000000003,10.451550000000001,12.148046,0.0009447606934441429,False
C_00022,9.714,9.829,10.296,10.706,LOT_000,False,0.368,36.5,0.11500000000000021,0.011838583487749662,0.004791666666666676,10.451550000000001,10.282424,0.0031487775908576074,False
C_00023,10.337,10.336,10.831,10.826,LOT_000,False,0.361,34.2,-0.0009999999999994458,-9.673986649893061e-05,-4.166666666664357e-05,10.451550000000001,10.821522,0.0033716788821750196,False
C_00024,10.826,10.912,10.615,10.647,LOT_000,False,0.301,19.0,0.0860000000000003,0.007943838906336624,0.003583333333333346,10.451550000000001,11.404386,0.0034193442132737844,False
C_00025,9.601,9.76,9.848,10.032,LOT_000,False,0.314,21.6,0.15899999999999892,0.01656077491927913,0.006624999999999955,10.451550000000001,10.173114,0.0028688459926181384,False
C_00026,10.412,10.39,10.517,10.737,LOT_000,False,0.376,39.4,-0.02200000000000024,-0.0021129466000768577,-0.0009166666666666767,10.451550000000001,10.821522,0.002996678882175018,False
C_00027,10.829,10.934,11.324,11.295,LOT_000,False,0.297,18.2,0.10499999999999865,0.009696186166774277,0.004374999999999944,10.451550000000001,11.404386,0.0032665664354960175,False
C_00028,10.319,10.388,10.246,10.573,LOT_000,False,0.322,23.3,0.06899999999999906,0.006686694447136259,0.002874999999999961,10.451550000000001,10.818598,0.002990262455410428,False
C_00029,11.863,11.896,12.55,13.092,LOT_000,False,0.425,63.8,0.03300000000000125,0.002781758408497113,0.0013750000000000522,10.451550000000001,12.49078,0.004130415810479053,False
C_00030,9.88,9.786,10.012,10.03,LOT_000,False,0.324,23.7,-0.0940000000000012,-0.00951417004048595,-0.003916666666666717,10.451550000000001,10.205694,0.002914543045891659,False
C_00031,9.034,9.127,9.753,10.011,LOT_000,False,0.291,17.3,0.09299999999999997,0.01029444321452291,0.0038749999999999987,10.451550000000001,9.690216,0.003911222669813363,False
C_00032,9.937,10.23,10.641,10.721,LOT_000,False,0.364,35.0,0.29300000000000104,0.02948576028982601,0.012208333333333377,10.451550000000001,10.643617,0.0028723380300733747,False
C_00033,10.228,10.393,10.321,10.598,LOT_000,False,0.295,17.9,0.16500000000000092,0.016132186155651245,0.006875000000000038,10.451550000000001,10.750739,0.002484299288855654,False
C_00034,10.462,10.451,10.867,10.925,LOT_000,False,0.364,35.1,-0.010999999999999233,-0.0010514242018733735,-0.00045833333333330134,10.451550000000001,10.875422,0.0029473716947767434,False
C_00035,11.092,11.754,11.741,11.936,LOT_000,False,0.365,35.6,0.661999999999999,0.059682654165163995,0.027583333333333293,10.451550000000001,11.96642,0.001475140094757083,False
C_00036,10.839,11.167,11.357,11.454,LOT_000,False,0.368,36.6,0.3279999999999994,0.030261094196881576,0.013666666666666641,10.451550000000001,11.496038,0.0022849891450670043,False
C_00037,9.685,10.296,10.572,10.736,LOT_000,False,0.356,32.5,0.6109999999999989,0.06308724832214753,0.025458333333333288,10.451550000000001,10.607239,0.002161380343967018,False
C_00038,8.989,9.549,9.493,9.663,LOT_000,False,0.363,34.8,0.5599999999999987,0.06229836466792732,0.02333333333333328,10.451550000000001,9.766287,0.0015089364581637949,False
C_00039,10.51,10.609,10.762,11.247,LOT_000,False,0.402,50.9,0.0990000000000002,0.009419600380589933,0.004125000000000008,10.451550000000001,10.988263,0.0026337717374165853,False
C_00040,10.729,11.212,10.904,11.451,LOT_000,False,0.338,27.3,0.48300000000000054,0.04501817503961232,0.02012500000000002,10.451550000000001,11.371113,0.0011049501630995026,False
C_00041,10.824,10.788,11.244,11.921,LOT_001,False,0.379,40.7,-0.03599999999999959,-0.003325942350332556,-0.001499999999999983,9.659075,11.39499,0.004215208106570772,False
C_00042,9.134,9.314,9.618,9.866,LOT_001,False,0.309,20.6,0.17999999999999972,0.019706590759798522,0.0074999999999999884,9.659075,9.861294,0.0038006513383653426,False
C_00043,8.498,8.83,8.41,8.809,LOT_001,False,0.362,34.5,0.33200000000000074,0.03906801600376568,0.013833333333333364,9.659075,8.975472,0.0010102253490024138,False
C_00044,8.994,8.954,9.524,9.815,LOT_001,False,0.409,54.5,-0.03999999999999915,-0.004447409384033705,-0.0016666666666666312,9.659075,9.423742,0.003262099266052242,False
C_00045,9.879,10.018,10.338,10.622,LOT_001,False,0.361,34.0,0.13900000000000112,0.014070250025306319,0.005791666666666713,9.659075,10.386611,0.0025597985055711486,False
C_00046,9.538,9.964,10.439,10.542,LOT_001,False,0.409,54.6,0.42600000000000016,0.0446634514573286,0.017750000000000005,9.659075,10.343428,0.0026349142922295434,False
C_00047,10.752,10.403,10.297,11.238,LOT_001,False,0.384,42.6,-0.3490000000000002,-0.0324590773809524,-0.014541666666666675,9.659075,10.964718,0.0039008185068766243,False
C_00048,9.588,9.747,10.255,10.762,LOT_001,False,0.402,51.1,0.1590000000000007,0.016583229036295444,0.006625000000000029,9.659075,10.1753025,0.00297432295481364,False
C_00049,9.944,9.921,10.232,10.375,LOT_001,False,0.293,17.6,-0.023000000000001464,-0.0023129525341916194,-0.0009583333333333943,9.659075,10.441998,0.0036180383894178648,False
C_00050,9.426,9.6,9.551,9.787,LOT_001,False,0.356,32.3,0.1739999999999995,0.018459579885423242,0.007249999999999979,9.659075,10.013242,0.0028697344991895912,False
C_00051,10.198,10.346,10.722,10.28,LOT_001,False,0.334,26.2,0.1479999999999997,0.014512649539125287,0.006166666666666654,9.659075,10.741879,0.0027491629388597272,False
C_00052,9.036,8.894,9.045,9.253,LOT_001,False,0.257,12.3,-0.14199999999999946,-0.015714918105356294,-0.005916666666666644,9.659075,9.431903,0.0037354367044236917,False
C_00053,9.568,9.835,10.002,10.373,LOT_001,False,0.404,52.0,0.26700000000000124,0.02790551839464896,0.011125000000000052,9.659075,10.233702,0.00276876184675428,False
C_00054,10.323,10.296,11.017,11.203,LOT_001,False,0.419,60.0,-0.027000000000001023,-0.0026155187445511016,-0.0011250000000000426,9.659075,10.890109,0.00412575737635295,False
C_00055,10.095,10.28,10.656,10.643,LOT_001,False,0.326,24.2,0.18499999999999872,0.018325903912828005,0.00770833333333328,9.659075,10.744666,0.0032268479135301423,False
C_00056,9.689,10.405,10.448,10.979,LOT_001,False,0.403,51.3,0.7159999999999993,0.07389823511198258,0.029833333333333305,9.659075,10.862029,0.003173813025156661,False
C_00057,10.097,9.851,10.09,10.435,LOT_001,False,0.364,35.1,-0.24599999999999866,-0.02436367237793391,-0.010249999999999945,9.659075,10.342619,0.0034140204323662594,False
C_00058,9.8,9.776,9.873,10.21,LOT_001,False,0.349,30.3,-0.02400000000000091,-0.0024489795918368274,-0.001000000000000038,9.659075,10.210048,0.0030142202907138416,False
C_00059,9.415,16.669,27.319,35.48,LOT_001,True,0.768,1819.0,7.254000000000001,0.7704726500265536,0.3022500000000001,9.659075,35.638428,0.13173213704427084,True
C_00060,9.903,10.252,10.957,10.611,LOT_001,False,0.336,26.8,0.3490000000000002,0.03524184590528125,0.014541666666666675,9.659075,10.63183,0.0026377098295423673,False
C_00061,9.791,9.832,10.317,10.251,LOT_001,False,0.373,38.4,0.04100000000000037,0.004187519150240054,0.0017083333333333488,9.659075,10.327187,0.003438795725504552,False
C_00062,10.205,10.255,10.686,10.743,LOT_001,False,0.377,39.7,0.05000000000000071,0.0048995590396864975,0.002083333333333363,9.659075,10.665985,0.002854063245985238,False
C_00063,8.437,9.04,9.122,8.963,LOT_001,False,0.337,26.9,0.6029999999999998,0.07147090197937653,0.02512499999999999,9.659075,9.000893,-0.00027157889472113124,False
C_00064,8.103,8.036,8.344,8.126,LOT_001,False,0.328,24.8,-0.06700000000000017,-0.00826854251511788,-0.0027916666666666736,9.659075,8.446175,0.002848434872097442,False
C_00065,9.897,10.077,9.99,10.437,LOT_001,False,0.347,29.6,0.17999999999999972,0.018187329493785966,0.0074999999999999884,9.659075,10.411823,0.0023251616160074873,False
C_00066,9.167,9.554,9.357,9.814,LOT_001,False,0.314,21.6,0.38700000000000045,0.04221664666739396,0.016125000000000018,9.659075,9.922748,0.002560747305552163,False
C_00067,9.736,10.055,10.574,10.431,LOT_001,False,0.413,56.5,0.31899999999999906,0.03276499589153647,0.013291666666666627,9.659075,10.386935,0.002305105792151559,False
C_00068,9.307,9.329,9.788,10.214,LOT_001,False,0.396,48.0,0.02200000000000024,0.002363812184377376,0.0009166666666666767,9.659075,9.937731,0.004227297147115067,False
C_00069,9.429,9.866,10.022,10.093,LOT_001,False,0.344,28.8,0.4369999999999994,0.04634637819493047,0.01820833333333331,9.659075,10.142478,0.0019199860360887338,False
C_00070,9.884,10.082,10.468,10.759,LOT_001,False,0.431,67.9,0.1980000000000004,0.020032375556454915,0.008250000000000016,9.659075,10.544606,0.003212543116675478,False
C_00071,9.533,9.565,9.541,9.956,LOT_001,False,0.314,21.6,0.03200000000000003,0.00335676072589951,0.0013333333333333346,9.659075,10.038384,0.003287391927507192,False
C_00072,9.714,9.494,9.909,10.085,LOT_001,False,0.324,23.7,-0.22000000000000064,-0.02264772493308633,-0.009166666666666693,9.659075,10.003098,0.003535399542914498,False
C_00073,10.129,9.907,10.144,9.682,LOT_001,False,0.292,17.3,-0.22199999999999953,-0.021917267252443435,-0.00924999999999998,9.659075,10.454473,0.003801892651451958,False
C_00074,9.982,9.449,9.631,9.924,LOT_001,False,0.307,20.1,-0.5329999999999995,-0.05339611300340608,-0.022208333333333313,9.659075,10.1238365,0.0046863647037082255,False
C_00075,8.755,8.958,9.323,9.463,LOT_001,False,0.36,33.8,0.2029999999999994,0.0231867504283266,0.008458333333333309,9.659075,9.263832,0.0021238339742024725,False
C_00076,9.798,10.229,9.949,10.021,LOT_001,False,0.279,15.3,0.43099999999999916,0.04398856909573374,0.0179583333333333,9.659075,10.5990095,0.0025695105128818144,False
C_00077,10.328,10.161,10.658,10.498,LOT_001,False,0.368,36.5,-0.16699999999999982,-0.01616963594113089,-0.006958333333333326,9.659075,10.674289,0.00356450520621406,False
C_00078,9.343,9.262,9.765,9.504,LOT_001,False,0.299,18.5,-0.08099999999999952,-0.008669592208070162,-0.00337499999999998,9.659075,9.747379,0.0033706896040174663,False
C_00079,9.823,12.742,17.556,20.443,LOT_001,True,0.678,758.4,2.9190000000000005,0.2971597271709254,0.12162500000000002,9.659075,21.515474,0.06092690499623616,True
C_00080,10.301,11.011,11.575,12.016,LOT_001,False,0.452,83.0,0.7099999999999991,0.06892534705368401,0.029583333333333295,9.659075,11.720126,0.004924487166934549,False
C_00081,7.914,7.94,8.097,8.303,LOT_002,False,0.378,40.2,0.02600000000000069,0.003285317159464328,0.0010833333333333621,8.711125,8.307802,0.002554181946648489,False
C_00082,7.941,8.336,8.057,8.382,LOT_002,False,0.281,15.6,0.39500000000000046,0.049741846115098916,0.016458333333333353,8.711125,8.6337805,0.002067919996049667,False
C_00083,9.001,9.28,9.116,8.947,LOT_002,False,0.363,34.7,0.2789999999999999,0.03099655593822908,0.011624999999999996,8.711125,9.376653,0.0006711994277106435,False
C_00084,7.915,8.002,8.431,8.326,LOT_002,False,0.336,26.8,0.08700000000000063,0.010991787744788456,0.003625000000000026,8.711125,8.331774,0.002290095541212289,False
C_00085,8.833,9.313,9.333,9.775,LOT_002,False,0.361,34.1,0.4800000000000004,0.054341673270689506,0.020000000000000018,8.711125,9.543384,0.001599886099497473,False
C_00086,8.976,9.164,8.94,9.018,LOT_002,False,0.343,28.7,0.18799999999999883,0.020944741532976697,0.007833333333333284,8.711125,9.358364,0.0013497507307264562,False
C_00087,8.998,9.288,9.373,9.718,LOT_002,False,0.41,55.0,0.2900000000000009,0.03222938430762402,0.012083333333333371,8.711125,9.577135,0.0020078825420803475,False
C_00088,8.075,8.137,8.318,8.578,LOT_002,False,0.319,22.5,0.062000000000001165,0.007678018575851538,0.002583333333333382,8.711125,8.490307,0.002453519821166989,False
C_00089,7.969,10.046,12.752,14.318,LOT_002,True,0.698,919.4,2.076999999999999,0.2606349604718282,0.08654166666666663,8.711125,13.268599,0.022379156642489968,True
C_00090,8.655,8.734,8.695,8.728,LOT_002,False,0.378,40.3,0.07900000000000063,0.009127671865973498,0.0032916666666666927,8.711125,8.902577,0.001170676390329997,False
C_00091,8.673,8.145,8.338,8.476,LOT_002,False,0.309,20.5,-0.5280000000000005,-0.060878588723625095,-0.02200000000000002,8.711125,8.601661,0.0031712550587124325,False
C_00092,8.614,8.99,9.041,9.21,LOT_002,False,0.381,41.3,0.37599999999999945,0.04364987230090543,0.015666666666666645,8.711125,9.035258,0.0003142937024434393,False
C_00093,8.951,8.605,8.592,9.231,LOT_002,False,0.356,32.6,-0.3460000000000001,-0.038654898893978336,-0.01441666666666667,8.711125,9.103514,0.0034619008170233803,False
C_00094,8.285,8.459,8.289,8.172,LOT_002,False,0.276,14.8,0.1739999999999995,0.021001810500905188,0.007249999999999979,8.711125,8.704125,0.0017022597524854897,False
C_00095,9.025,9.05,9.022,8.724,LOT_002,False,0.338,27.2,0.025000000000000355,0.0027700831024931143,0.0010416666666666814,8.711125,9.140787,0.0006304661432901969,False
C_00096,9.111,9.223,9.316,9.34,LOT_002,False,0.368,36.4,0.1120000000000001,0.01229283283942488,0.0046666666666666705,8.711125,9.394366,0.0011900435023837568,False
C_00097,9.0,9.076,9.093,8.957,LOT_002,False,0.328,24.6,0.07600000000000051,0.008444444444444501,0.003166666666666688,8.711125,9.314447,0.0016558847427368129,False
C_00098,8.739,8.771,8.643,8.934,LOT_002,False,0.358,33.1,0.03200000000000003,0.003661746195216847,0.0013333333333333346,8.711125,8.992487,0.0015381038453843804,False
C_00099,9.646,13.033,17.079,19.718,LOT_002,True,0.731,1273.1,3.3869999999999987,0.3511300020733981,0.14112499999999994,8.711125,20.140657,0.04935873211754693,True
C_00100,8.341,8.026,8.355,8.577,LOT_002,False,0.3,18.8,-0.3149999999999995,-0.03776525596451259,-0.013124999999999979,8.711125,8.433594,0.002830512152777779,False
C_00101,8.998,9.349,9.461,9.701,LOT_002,False,0.352,31.1,0.35100000000000087,0.03900866859302077,0.014625000000000036,8.711125,9.587285,0.0016547572347852906,False
C_00102,8.633,8.609,8.602,8.784,LOT_002,False,0.3,18.8,-0.023999999999999133,-0.002780030116992834,-0.0009999999999999638,8.711125,8.931988,0.0022429705725775825,False
C_00103,8.378,8.469,8.335,8.515,LOT_002,False,0.362,34.6,0.0909999999999993,0.010861780854619158,0.0037916666666666377,8.711125,8.74224,0.0018974996672736315,False
C_00104,8.065,8.099,8.116,8.359,LOT_002,False,0.265,13.4,0.034000000000000696,0.004215747055176776,0.0014166666666666956,8.711125,8.425829,0.0022696453730265288,False
C_00105,8.802,8.876,9.017,9.233,LOT_002,False,0.412,56.4,0.07399999999999984,0.008407180186321273,0.003083333333333327,8.711125,9.146106,0.001875734488169356,False
C_00106,9.626,10.042,9.789,9.903,LOT_002,False,0.337,26.8,0.41600000000000037,0.0432162892167048,0.01733333333333335,8.711125,10.100221,0.00040431027942233744,False
C_00107,10.516,10.373,10.503,10.899,LOT_002,False,0.384,42.7,-0.14300000000000068,-0.013598326359832701,-0.0059583333333333615,8.711125,10.821265,0.0031129529211256285,False
C_00108,8.884,8.544,9.094,8.867,LOT_002,False,0.351,30.8,-0.33999999999999986,-0.03827104907699233,-0.01416666666666666,8.711125,8.959157,0.0028830346531338127,False
C_00109,8.777,8.481,8.737,8.771,LOT_002,False,0.353,31.6,-0.2959999999999994,-0.03372450723481821,-0.012333333333333307,8.711125,8.902092,0.0029242498609754783,False
C_00110,8.82,8.536,8.596,8.988,LOT_002,False,0.31,20.6,-0.2840000000000007,-0.03219954648526085,-0.011833333333333362,8.711125,8.957094,0.002924265225728356,False
C_00111,8.773,8.504,8.596,8.679,LOT_002,False,0.349,30.3,-0.26900000000000013,-0.030662259204377082,-0.01120833333333334,8.711125,8.912772,0.0028386956850687695,False
C_00112,8.994,9.223,9.354,9.437,LOT_002,False,0.333,25.9,0.22900000000000098,0.025461418723593615,0.009541666666666707,8.711125,9.395464,0.0011976662741766983,False
C_00113,8.355,8.704,8.506,8.933,LOT_002,False,0.392,46.2,0.3490000000000002,0.04177139437462599,0.014541666666666675,8.711125,8.864392,0.0011138352817959213,False
C_00114,8.941,8.71,8.722,9.086,LOT_002,False,0.414,57.0,-0.23099999999999987,-0.025836036237557303,-0.009624999999999995,8.711125,9.101451,0.0027184091673956917,False
C_00115,8.17,8.525,8.659,8.778,LOT_002,False,0.366,35.8,0.3550000000000004,0.04345165238678096,0.014791666666666684,8.711125,8.691231,0.0011543803744845896,False
C_00116,9.21,9.434,9.351,9.459,LOT_002,False,0.275,14.7,0.22399999999999842,0.024321389793702325,0.009333333333333268,8.711125,9.583913,0.001041061454349099,False
C_00117,8.589,8.669,8.855,9.054,LOT_002,False,0.367,36.0,0.08000000000000007,0.009314239143090007,0.003333333333333336,8.711125,8.912914,0.0016938491397433778,False
C_00118,8.809,9.088,9.191,9.155,LOT_002,False,0.374,38.6,0.2789999999999999,0.031672153479396066,0.011624999999999996,8.711125,9.338618,0.001740404711829297,False
C_00119,8.856,9.109,8.681,9.378,LOT_002,False,0.398,49.0,0.2530000000000001,0.028568202348690168,0.010541666666666671,8.711125,9.394661,0.001983756595187717,False
C_00120,7.587,7.751,8.186,7.974,LOT_002,False,0.368,36.5,0.1640000000000006,0.021615921971793937,0.006833333333333358,8.711125,8.063263,0.0021684926350911435,False
C_00121,13.892,14.118,14.084,14.652,LOT_003,False,0.355,32.2,0.22600000000000087,0.01626835588828109,0.009416666666666703,12.7493,14.03297,-0.0005904831356472462,False
C_00122,13.367,13.634,14.033,13.827,LOT_003,False,0.351,31.0,0.26699999999999946,0.019974564225330997,0.011124999999999977,12.7493,14.01517,0.002647014564938013,False
C_00123,13.653,13.825,13.558,14.245,LOT_003,False,0.334,26.1,0.17199999999999882,0.012597963817475926,0.007166666666666617,12.7493,14.109749,0.0019774225023057776,False
C_00124,13.063,13.131,13.466,14.113,LOT_003,False,0.375,39.2,0.06799999999999962,0.005205542371583833,0.0028333333333333175,12.7493,13.9615555,0.005767746395534938,False
C_00125,14.157,14.6,14.954,15.37,LOT_003,False,0.403,51.2,0.4429999999999996,0.031291940382849444,0.018458333333333316,12.7493,15.241134,0.0044523172908359126,False
C_00126,12.807,12.779,13.082,13.332,LOT_003,False,0.321,23.0,-0.02800000000000047,-0.002186304364800536,-0.0011666666666666863,12.7493,13.237658,0.003185121854146322,False
C_00127,13.65,13.345,13.384,13.812,LOT_003,False,0.365,35.5,-0.3049999999999997,-0.022344322344322324,-0.012708333333333321,12.7493,13.8813925,0.0037249477704366005,False
C_00128,12.889,12.968,13.209,13.423,LOT_003,False,0.339,27.5,0.07900000000000063,0.006129257506400856,0.0032916666666666927,12.7493,13.370739,0.002796798494127062,False
C_00129,11.094,11.225,11.686,11.893,LOT_003,False,0.335,26.6,0.13100000000000023,0.011808184604290629,0.005458333333333343,12.7493,11.852647,0.004358658525678849,False
C_00130,12.31,12.76,12.719,13.316,LOT_003,False,0.369,37.0,0.4499999999999993,0.03655564581640936,0.01874999999999997,12.7493,13.205438,0.0030933170848422595,False
C_00131,11.989,12.03,12.412,12.803,LOT_003,False,0.389,44.8,0.04099999999999859,0.0034198014846941855,0.0017083333333332746,12.7493,12.595759,0.00392888466517131,False
C_00132,11.915,12.201,13.106,12.458,LOT_003,False,0.368,36.3,0.28600000000000136,0.024003357112883036,0.011916666666666723,12.7493,12.740465,0.0037462858623928457,False
C_00133,12.92,12.969,13.713,13.481,LOT_003,False,0.366,36.0,0.04899999999999949,0.003792569659442685,0.002041666666666645,12.7493,13.577052,0.004222584141625302,False
C_00134,12.312,12.717,12.613,12.791,LOT_003,False,0.348,29.9,0.40500000000000114,0.03289473684210536,0.016875000000000046,12.7493,13.102922,0.0026800169414944084,False
C_00135,12.574,12.936,13.456,12.719,LOT_003,False,0.286,16.4,0.3620000000000001,0.02878956577063783,0.015083333333333337,12.7493,13.162847,0.0015753233697679311,False
C_00136,12.893,13.088,13.252,13.228,LOT_003,False,0.344,28.9,0.1949999999999985,0.015124486155277941,0.008124999999999938,12.7493,13.408394,0.002224957360161681,False
C_00137,13.191,13.568,13.684,13.678,LOT_003,False,0.339,27.5,0.3769999999999989,0.028580092487301863,0.015708333333333286,12.7493,14.235481,0.004635286543104387,False
C_00138,12.887,13.302,13.843,14.152,LOT_003,False,0.413,56.8,0.41499999999999915,0.032202995266547615,0.017291666666666632,12.7493,13.711995,0.0028471883667839926,False
C_00139,12.732,17.004,24.316,29.417,LOT_003,True,0.662,644.0,4.272000000000002,0.3355325164938739,0.17800000000000007,12.7493,29.400635,0.08608774142795138,True
C_00140,12.51,12.626,13.089,12.869,LOT_003,False,0.304,19.5,0.11599999999999966,0.009272581934452412,0.004833333333333319,12.7493,13.282135,0.0045564931233724,False
C_00141,11.76,12.064,12.374,12.583,LOT_003,False,0.368,36.5,0.30400000000000027,0.025850340136054445,0.012666666666666678,12.7493,12.524705,0.0031993398136562767,False
C_00142,12.391,12.724,12.903,13.646,LOT_003,False,0.34,27.8,0.3330000000000002,0.026874344282140278,0.013875000000000007,12.7493,13.124709,0.002782702287038166,False
C_00143,13.648,13.882,14.693,13.853,LOT_003,False,0.352,31.4,0.23399999999999999,0.017145369284876904,0.00975,12.7493,14.00988,0.0008880560133192297,False
C_00144,12.394,12.345,12.955,13.162,LOT_003,False,0.351,30.8,-0.04899999999999949,-0.003953525899628811,-0.002041666666666645,12.7493,12.999516,0.004545246760050452,False
C_00145,13.612,13.672,14.001,14.672,LOT_003,False,0.361,34.1,0.0600000000000005,0.004407875404055282,0.002500000000000021,12.7493,14.336449,0.004614226871066619,False
C_00146,11.553,11.369,11.665,11.829,LOT_003,False,0.303,19.2,-0.18400000000000105,-0.015926599151735568,-0.0076666666666667105,12.7493,11.899908,0.003686861568027074,False
C_00147,13.74,13.681,14.438,14.386,LOT_003,False,0.334,26.1,-0.05900000000000105,-0.004294032023289741,-0.002458333333333377,12.7493,14.196947,0.0035829659567938967,False
C_00148,11.557,11.687,11.481,12.13,LOT_003,False,0.32,22.7,0.129999999999999,0.011248593925759194,0.005416666666666625,12.7493,12.175415,0.003391771104600699,False
C_00149,13.09,13.445,13.797,13.82,LOT_003,False,0.35,30.5,0.3550000000000004,0.0271199388846448,0.014791666666666684,12.7493,13.999153,0.003848285675048826,False
C_00150,13.979,14.144,13.543,13.824,LOT_003,False,0.34,27.7,0.16500000000000092,0.011803419414836607,0.006875000000000038,12.7493,14.132985,-7.649225658840692e-05,False
C_00151,11.986,11.96,11.992,12.111,LOT_003,False,0.297,18.3,-0.0259999999999998,-0.002169197396963107,-0.001083333333333325,12.7493,12.348476,0.0026977528466118647,False
C_00152,12.235,12.3,13.023,13.397,LOT_003,False,0.441,74.7,0.06500000000000128,0.005312627707396917,0.0027083333333333868,12.7493,13.139017,0.005826507674323183,False
C_00153,11.364,12.034,11.851,12.268,LOT_003,False,0.278,15.1,0.6699999999999999,0.0589581133403731,0.027916666666666663,12.7493,12.502172,0.0032511977089775884,False
C_00154,13.481,13.264,13.779,13.945,LOT_003,False,0.314,21.5,-0.21700000000000053,-0.01609672872932279,-0.00904166666666669,12.7493,13.905237,0.004453036096360953,False
C_00155,11.296,11.962,12.192,12.061,LOT_003,False,0.303,19.3,0.6660000000000004,0.05895892351274791,0.027750000000000014,12.7493,12.190157,0.0015844231711493616,False
C_00156,13.461,13.081,14.143,13.838,LOT_003,False,0.375,39.0,-0.3800000000000008,-0.02822970061659615,-0.015833333333333366,12.7493,13.708098,0.004354850080278188,False
C_00157,12.7,12.513,13.431,13.782,LOT_003,False,0.334,26.1,-0.1869999999999994,-0.014724409448818851,-0.007791666666666641,12.7493,13.343211,0.00576535537507799,False
C_00158,13.122,13.044,13.722,13.316,LOT_003,False,0.321,23.1,-0.0779999999999994,-0.005944215820758985,-0.003249999999999975,12.7493,13.46182,0.0029015253384908008,False
C_00159,12.753,12.986,13.212,13.911,LOT_003,False,0.382,41.8,0.23300000000000054,0.018270210930761432,0.009708333333333355,12.7493,13.157334,0.0011898217201232865,False
C_00160,13.045,13.611,13.956,14.595,LOT_003,False,0.411,55.8,0.5660000000000007,0.04338827136834041,0.023583333333333362,12.7493,14.281955,0.0046594080924987746,False
C_00161,8.79,9.517,9.718,10.01,LOT_004,False,0.398,48.8,0.7270000000000003,0.08270762229806602,0.03029166666666668,9.306075,9.939395,0.002933298269907637,False
C_00162,9.299,9.464,9.915,9.931,LOT_004,False,0.43,67.0,0.16500000000000092,0.01774384342402419,0.006875000000000038,9.306075,9.854984,0.0027151686350504528,False
C_00163,9.525,9.639,9.959,9.635,LOT_004,False,0.287,16.5,0.11399999999999899,0.011968503937007768,0.004749999999999958,9.306075,9.958567,0.0022192129558987134,False
C_00164,9.507,10.07,9.499,10.129,LOT_004,False,0.34,27.8,0.5630000000000006,0.059219522457136915,0.02345833333333336,9.306075,10.2782545,0.0014462118678622755,False
C_00165,9.838,10.182,9.94,10.17,LOT_004,False,0.323,23.5,0.3440000000000012,0.03496645659686941,0.014333333333333384,9.306075,10.434806,0.0017555963198343887,False
C_00166,9.939,9.736,10.256,10.529,LOT_004,False,0.32,22.7,-0.2029999999999994,-0.0204245899989938,-0.008458333333333309,9.306075,10.32549,0.004093680540720617,False
C_00167,8.08,8.317,8.806,8.827,LOT_004,False,0.345,29.2,0.2370000000000001,0.029331683168316844,0.009875000000000004,9.306075,8.772103,0.003160439650217691,False
C_00168,10.875,10.445,10.599,11.061,LOT_004,False,0.369,36.8,-0.4299999999999997,-0.03954022988505745,-0.017916666666666654,9.306075,11.085195,0.004445795747968884,False
C_00169,9.046,11.714,16.552,19.832,LOT_004,True,0.664,658.5,2.668000000000001,0.2949369887242982,0.1111666666666667,9.306075,18.468227,0.046904356850518115,True
C_00170,9.732,12.323,15.798,18.498,LOT_004,True,0.655,602.6,2.591000000000001,0.26623510069872597,0.10795833333333338,9.306075,18.88904,0.04559749995337592,True
C_00171,9.218,8.848,9.492,9.4,LOT_004,False,0.34,27.7,-0.3699999999999992,-0.04013885875461046,-0.015416666666666634,9.306075,9.485011,0.004423688199785015,False
C_00172,8.819,8.602,9.344,9.527,LOT_004,False,0.403,51.5,-0.21700000000000053,-0.024605964395056187,-0.00904166666666669,9.306075,9.243469,0.004454647488064234,False
C_00173,9.3,9.467,9.918,10.049,LOT_004,False,0.365,35.3,0.16699999999999982,0.017956989247311806,0.006958333333333326,9.306075,9.854984,0.0026943353017171187,False
C_00174,9.121,9.443,9.197,9.592,LOT_004,False,0.343,28.7,0.3219999999999992,0.035303146584804206,0.013416666666666632,9.306075,9.791506,0.0024201792611016192,False
C_00175,8.988,8.768,9.743,9.755,LOT_004,False,0.409,54.6,-0.21999999999999886,-0.024477080551846782,-0.00916666666666662,9.306075,9.3251295,0.0038689549234178283,False
C_00176,9.539,9.633,9.69,9.759,LOT_004,False,0.294,17.6,0.09399999999999942,0.00985428241954077,0.003916666666666642,9.306075,9.958567,0.0022608796225653816,False
C_00177,9.52,9.513,10.28,9.769,LOT_004,False,0.376,39.5,-0.006999999999999673,-0.0007352941176470246,-0.00029166666666665303,9.306075,9.906108,0.00272991598976983,False
C_00178,10.242,10.329,10.286,10.349,LOT_004,False,0.316,21.9,0.08699999999999974,0.008494434680726396,0.0036249999999999893,9.306075,10.658801,0.002290285269419348,False
C_00179,9.325,9.884,10.267,10.494,LOT_004,False,0.406,53.0,0.559000000000001,0.059946380697051056,0.02329166666666671,9.306075,10.200793,0.00219995323816935,False
C_00180,8.831,9.252,9.319,9.35,LOT_004,False,0.313,21.3,0.42100000000000115,0.04767297021854843,0.017541666666666716,9.306075,9.506282,0.001765846199459495,False
C_00181,8.648,8.524,9.292,9.236,LOT_004,False,0.395,47.5,-0.12400000000000055,-0.014338575393154552,-0.00516666666666669,9.306075,9.061465,0.0037323976622687504,False
C_00182,10.45,18.462,31.277,40.787,LOT_004,True,0.753,1575.1,8.012,0.7666985645933015,0.33383333333333337,9.306075,40.514317,0.153141087214152,True
C_00183,10.116,10.598,10.532,10.824,LOT_004,False,0.345,29.3,0.4820000000000011,0.04764729141953352,0.02008333333333338,9.306075,10.748057,0.001042065037621387,False
C_00184,8.812,8.73,8.958,9.13,LOT_004,False,0.368,36.6,-0.08199999999999896,-0.009305492510213228,-0.0034166666666666234,9.306075,9.163974,0.0030137070020039847,False
C_00185,8.919,9.507,9.832,10.499,LOT_004,False,0.395,47.5,0.5879999999999992,0.06592667339387814,0.024499999999999966,9.306075,9.704258,0.0013698469797770205,False
C_00186,9.165,9.313,9.716,10.075,LOT_004,False,0.418,59.7,0.14800000000000146,0.016148390616475883,0.006166666666666727,9.306075,9.806968,0.0034303314950731023,False
C_00187,9.804,9.721,9.951,9.921,LOT_004,False,0.295,17.9,-0.08300000000000018,-0.008465932272541839,-0.003458333333333341,9.306075,10.093464,0.002586554845174153,False
C_00188,8.874,9.297,9.087,9.301,LOT_004,False,0.306,19.9,0.42300000000000004,0.04766734279918864,0.017625000000000002,9.306075,9.687953,0.00271495135625203,False
C_00189,10.118,9.749,10.407,11.002,LOT_004,False,0.363,34.8,-0.3689999999999998,-0.036469658035184795,-0.015374999999999991,9.306075,10.424108,0.004688246885935461,False
C_00190,8.946,9.155,9.746,9.756,LOT_004,False,0.372,37.9,0.20899999999999963,0.02336239660183318,0.008708333333333318,9.306075,9.531497,0.0026145625114440962,False
C_00191,8.604,9.126,9.235,9.269,LOT_004,False,0.273,14.4,0.5220000000000002,0.06066945606694564,0.02175000000000001,9.306075,9.343439,0.001509993765089251,False
C_00192,10.07,10.184,10.334,10.62,LOT_004,False,0.343,28.6,0.11399999999999899,0.011320754716981032,0.004749999999999958,9.306075,10.529513,0.002399398326873784,False
C_00193,10.048,10.308,10.979,10.734,LOT_004,False,0.312,21.0,0.2599999999999998,0.02587579617834393,0.010833333333333325,9.306075,10.664964,0.0024789147377014173,False
C_00194,9.368,9.202,9.585,9.991,LOT_004,False,0.346,29.4,-0.16600000000000037,-0.01771989752348424,-0.006916666666666682,9.306075,9.79602,0.004125135792626276,False
C_00195,8.346,8.27,8.544,8.641,LOT_004,False,0.321,23.1,-0.07600000000000051,-0.00910615863886898,-0.003166666666666688,9.306075,8.745594,0.003302736282348636,False
C_00196,9.758,9.707,9.857,10.06,LOT_004,False,0.344,28.9,-0.05099999999999838,-0.0052264808362367686,-0.0021249999999999325,9.306075,10.032367,0.0022594913376702153,False
C_00197,8.358,8.76,8.913,9.158,LOT_004,False,0.356,32.6,0.40199999999999925,0.04809763101220378,0.01674999999999997,9.306075,8.954025,0.0013473976982964425,False
C_00198,8.645,8.159,8.693,8.912,LOT_004,False,0.3,18.7,-0.4859999999999989,-0.056217466743782404,-0.020249999999999952,9.306075,8.829692,0.004657582547929547,False
C_00199,9.276,9.234,10.017,9.765,LOT_004,False,0.322,23.3,-0.041999999999999815,-0.004527813712807225,-0.0017499999999999922,9.306075,9.671034,0.003034957355923123,False
C_00200,8.384,8.641,8.762,8.822,LOT_004,False,0.294,17.6,0.2569999999999997,0.030653625954198432,0.01070833333333332,9.306075,8.9599285,0.0022147813373141817,False
C_00201,9.961,10.351,10.905,10.88,LOT_005,False,0.395,47.7,0.39000000000000057,0.0391526955124988,0.016250000000000025,10.097225,10.721031,0.0025696610344780758,False
C_00202,10.101,10.229,10.364,10.289,LOT_005,False,0.335,26.4,0.12799999999999834,0.012672012672012506,0.005333333333333264,10.097225,10.651228,0.0029321385489569827,False
C_00203,11.901,12.285,12.236,12.464,LOT_005,False,0.279,15.3,0.38400000000000034,0.03226619611797331,0.016000000000000014,10.097225,12.700349,0.0028843670421176476,False
C_00204,10.736,10.661,11.038,10.723,LOT_005,False,0.395,47.7,-0.07500000000000107,-0.0069858420268257325,-0.0031250000000000444,10.097225,10.956043,0.002048911412556969,False
C_00205,10.601,10.122,10.835,10.737,LOT_005,False,0.349,30.4,-0.479000000000001,-0.04518441656447514,-0.019958333333333373,10.097225,10.630922,0.003534182760450576,False
C_00206,9.292,9.623,9.381,9.784,LOT_005,False,0.37,37.3,0.3309999999999995,0.035622040464916,0.013791666666666647,10.097225,9.97635,0.0024538182682461254,False
C_00207,10.897,11.4,11.382,11.281,LOT_005,False,0.343,28.6,0.5030000000000001,0.04615949343856108,0.02095833333333334,10.097225,11.471379,0.0004956894450717478,False
C_00208,9.459,9.465,10.043,9.505,LOT_005,False,0.366,35.6,0.006000000000000227,0.0006343165239454728,0.0002500000000000095,10.097225,9.947289,0.0033492324087354883,False
C_00209,11.447,11.568,11.854,11.787,LOT_005,False,0.398,48.8,0.12100000000000044,0.010570455141085039,0.005041666666666685,10.097225,11.859407,0.0020236626731024877,False
C_00210,9.258,9.096,9.706,9.678,LOT_005,False,0.355,32.3,-0.16199999999999903,-0.01749837977964993,-0.00674999999999996,10.097225,9.63252,0.003725831402672661,False
C_00211,10.004,10.422,10.122,10.436,LOT_005,False,0.29,17.0,0.41800000000000104,0.04178328668532597,0.01741666666666671,10.097225,10.745225,0.0022446177270677315,False
C_00212,10.328,10.222,10.405,10.683,LOT_005,False,0.344,29.0,-0.10599999999999987,-0.010263361735089066,-0.004416666666666662,10.097225,10.77484,0.003839169131384959,False
C_00213,10.173,10.668,10.498,10.711,LOT_005,False,0.331,25.5,0.4949999999999992,0.048658212916543715,0.020624999999999966,10.097225,10.96312,0.0020494476424323237,False
C_00214,8.771,8.996,9.261,9.141,LOT_005,False,0.359,33.6,0.22499999999999964,0.02565271918823391,0.009374999999999986,10.097225,9.233244,0.0016475273768107065,False
C_00215,8.702,9.013,9.028,9.137,LOT_005,False,0.376,39.3,0.31099999999999994,0.03573891059526545,0.01295833333333333,10.097225,9.114851,0.0007072985967000332,False
C_00216,9.335,9.959,9.984,9.913,LOT_005,False,0.392,46.1,0.6239999999999988,0.06684520621317608,0.02599999999999995,10.097225,10.394027,0.003021019140879316,False
C_00217,9.942,10.062,10.165,10.019,LOT_005,False,0.353,31.5,0.11999999999999922,0.01207000603500294,0.004999999999999967,10.097225,10.364588,0.002101304054260258,False
C_00218,10.673,10.936,10.906,11.367,LOT_005,False,0.295,17.9,0.2629999999999999,0.024641619038695765,0.010958333333333329,10.097225,11.243739,0.0021370772785610625,False
C_00219,9.367,9.672,9.695,10.081,LOT_005,False,0.377,39.8,0.3049999999999997,0.032561118821394223,0.012708333333333321,10.097225,9.971608,0.0020806122355990896,False
C_00220,10.122,10.109,10.426,10.61,LOT_005,False,0.324,23.7,-0.0129999999999999,-0.0012843311598498223,-0.0005416666666666625,10.097225,10.586412,0.003315364095899794,False
C_00221,10.2,10.181,10.272,10.523,LOT_005,False,0.303,19.3,-0.019000000000000128,-0.0018627450980392283,-0.000791666666666672,10.097225,10.586412,0.0028153640958997997,False
C_00222,10.709,10.903,10.713,11.436,LOT_005,False,0.313,21.4,0.19400000000000084,0.018115603697824337,0.008083333333333368,10.097225,11.266189,0.002522143205006914,False
C_00223,10.235,10.84,10.786,10.695,LOT_005,False,0.296,18.1,0.6050000000000004,0.05911089399120669,0.02520833333333335,10.097225,10.924855,0.0005892724461025672,False
C_00224,9.894,9.501,10.035,10.291,LOT_005,False,0.378,40.1,-0.3930000000000007,-0.039721043056397884,-0.01637500000000003,10.097225,10.0057955,0.003505524158477787,False
C_00225,9.901,10.338,10.499,10.649,LOT_005,False,0.361,34.1,0.4369999999999994,0.04413695586304408,0.01820833333333331,10.097225,10.583697,0.001706231382158073,False
C_00226,9.952,10.029,10.256,9.942,LOT_005,False,0.348,30.1,0.07699999999999996,0.00773713826366559,0.0032083333333333317,10.097225,10.361212,0.0023070262273152675,False
C_00227,9.884,9.995,10.606,10.653,LOT_005,False,0.352,31.1,0.11099999999999888,0.011230271145285195,0.004624999999999953,10.097225,10.364876,0.002568581899007167,False
C_00228,10.098,10.095,9.915,10.625,LOT_005,False,0.377,39.7,-0.0030000000000001137,-0.00029708853238266127,-0.00012500000000000475,10.097225,10.586412,0.003412586318122012,False
C_00229,10.868,11.092,10.669,10.876,LOT_005,False,0.315,21.7,0.2240000000000002,0.02061096797938905,0.009333333333333341,10.097225,11.42832,0.0023355550765991172,False
C_00230,10.441,10.409,10.526,10.49,LOT_005,False,0.305,19.8,-0.03200000000000003,-0.0030648405325160452,-0.0013333333333333346,10.097225,10.846854,0.003040654235415984,False
C_00231,9.901,9.513,9.644,9.57,LOT_005,False,0.327,24.3,-0.3879999999999999,-0.03918796081203918,-0.016166666666666663,10.097225,9.993815,0.003338995986514622,False
C_00232,9.473,9.722,9.726,9.987,LOT_005,False,0.335,26.3,0.24899999999999878,0.02628523171117901,0.010374999999999948,10.097225,10.009963,0.0019997433026631706,False
C_00233,9.937,12.717,17.179,19.7,LOT_005,True,0.694,884.9,2.780000000000001,0.27976250377377493,0.11583333333333339,10.097225,19.710052,0.04856286451551649,True
C_00234,10.873,11.18,11.098,11.334,LOT_005,False,0.362,34.3,0.3070000000000004,0.028235077715441956,0.012791666666666682,10.097225,11.42832,0.001724443965488012,False
C_00235,9.728,9.658,10.273,10.562,LOT_005,False,0.325,24.1,-0.07000000000000028,-0.007195723684210556,-0.0029166666666666785,10.097225,10.087445,0.002982258743709992,False
C_00236,9.198,9.425,9.192,9.727,LOT_005,False,0.379,40.7,0.2270000000000003,0.02467927810393567,0.009458333333333346,10.097225,9.832672,0.002831056382921002,False
C_00237,10.623,10.307,10.312,10.155,LOT_005,False,0.288,16.6,-0.31599999999999895,-0.029746775863691892,-0.013166666666666623,10.097225,10.7486,0.0030666667090521894,False
C_00238,9.838,11.52,13.962,15.936,LOT_005,True,0.646,551.4,1.6820000000000004,0.17096970929050626,0.07008333333333334,10.097225,11.545378,0.00017623424530029594,False
C_00239,10.213,10.382,10.445,10.763,LOT_005,False,0.375,39.0,0.16900000000000048,0.016547537452266767,0.0070416666666666865,10.097225,10.696078,0.0021810993088616287,False
C_00240,10.853,10.099,10.802,11.283,LOT_005,False,0.372,38.0,-0.7539999999999996,-0.06947387819036208,-0.03141666666666665,10.097225,10.821273,0.005015783680809867,False
C_00241,10.201,10.036,10.27,10.266,LOT_006,False,0.273,14.4,-0.16500000000000092,-0.016174884815214285,-0.006875000000000038,9.551375,10.462915,0.0029646904203626872,False
C_00242,9.869,10.373,9.959,10.643,LOT_006,False,0.281,15.6,0.5039999999999996,0.05106900395176812,0.02099999999999998,9.551375,10.607514,0.0016285720931159171,False
C_00243,8.721,9.065,8.989,8.943,LOT_006,False,0.323,23.5,0.3439999999999994,0.03944501777319108,0.014333333333333309,9.551375,9.1289835,0.00044432984458075975,False
C_00244,8.429,9.009,8.818,8.959,LOT_006,False,0.32,22.8,0.5800000000000001,0.06881006050539804,0.02416666666666667,9.551375,9.02796,0.00013166544172498677,False
C_00245,9.41,9.171,9.587,9.721,LOT_006,False,0.359,33.3,-0.23900000000000077,-0.025398512221041527,-0.009958333333333366,9.551375,9.714518,0.003774427731831873,False
C_00246,9.114,9.448,9.58,9.657,LOT_006,False,0.339,27.5,0.33399999999999963,0.036646916831248585,0.013916666666666652,9.551375,9.871444,0.002940581586625838,False
C_00247,10.1,10.545,10.134,10.715,LOT_006,False,0.341,27.9,0.4450000000000003,0.04405940594059409,0.01854166666666668,9.551375,10.83767,0.0020324328210618767,False
C_00248,9.778,9.887,10.413,10.674,LOT_006,False,0.413,56.7,0.10899999999999999,0.011147473921047247,0.004541666666666666,9.551375,10.291907,0.002811856322818329,False
C_00249,9.3,9.334,9.892,10.097,LOT_006,False,0.358,33.1,0.03399999999999892,0.0036559139784945074,0.0014166666666666217,9.551375,9.94129,0.004217290984259714,False
C_00250,10.238,14.481,21.445,27.44,LOT_006,True,0.703,966.1,4.243,0.41443641336198483,0.17679166666666668,9.551375,27.129725,0.08783836460113525,True
C_00251,8.975,13.731,20.505,25.71,LOT_006,True,0.715,1087.6,4.756,0.5299164345403901,0.19816666666666669,9.551375,25.721474,0.08326717842949762,True
C_00252,10.112,10.072,10.545,10.377,LOT_006,False,0.299,18.7,-0.040000000000000924,-0.003955696202531737,-0.0016666666666667052,9.551375,10.509106,0.003035456127590609,False
C_00253,9.241,9.269,9.729,9.914,LOT_006,False,0.373,38.4,0.02800000000000047,0.0030299751109187827,0.0011666666666666863,9.551375,9.709428,0.0030585266219245056,False
C_00254,8.806,8.851,9.433,9.324,LOT_006,False,0.373,38.2,0.045000000000001705,0.005110152168975893,0.001875000000000071,9.551375,9.240277,0.0027033145162794264,False
C_00255,9.303,9.707,9.545,9.95,LOT_006,False,0.355,32.0,0.4039999999999999,0.043426851553262376,0.01683333333333333,9.551375,9.991059,0.001972634050581185,False
C_00256,9.724,10.097,10.91,11.25,LOT_006,False,0.427,64.8,0.37299999999999933,0.038358700123405934,0.01554166666666664,9.551375,10.561296,0.003224280993143721,False
C_00257,9.179,9.654,9.485,9.738,LOT_006,False,0.381,41.3,0.47499999999999964,0.05174855648763478,0.019791666666666652,9.551375,9.917372,0.0018289704852634012,False
C_00258,8.326,8.969,8.883,9.026,LOT_006,False,0.326,24.2,0.6429999999999989,0.07722796060533256,0.02679166666666662,9.551375,9.055483,0.0006005754470825236,False
C_00259,9.621,9.658,9.918,9.937,LOT_006,False,0.389,44.6,0.036999999999999034,0.003845754079617403,0.0015416666666666263,9.551375,10.071401,0.0028708377944098615,False
C_00260,9.462,9.606,9.396,9.792,LOT_006,False,0.352,31.3,0.14400000000000013,0.015218769816106545,0.006000000000000005,9.551375,10.032264,0.0029601649708218053,False
C_00261,10.044,10.088,10.068,10.111,LOT_006,False,0.304,19.5,0.04399999999999871,0.004380724810832209,0.0018333333333332795,9.551375,10.67224,0.004057224008772114,False
C_00262,9.915,10.212,10.33,10.669,LOT_006,False,0.358,33.0,0.2970000000000006,0.029954614220877522,0.012375000000000025,9.551375,10.638719,0.0029633236461215568,False
C_00263,9.202,8.911,9.208,9.568,LOT_006,False,0.278,15.1,-0.29100000000000037,-0.03162356009563142,-0.012125000000000016,9.551375,9.417517,0.003517477141486277,False
C_00264,9.175,9.606,10.036,10.362,LOT_006,False,0.406,53.0,0.43099999999999916,0.04697547683923696,0.0179583333333333,9.551375,9.951863,0.0024018283949957964,False
C_00265,9.746,9.918,10.206,10.52,LOT_006,False,0.37,37.1,0.17199999999999882,0.017648265955263576,0.007166666666666617,9.551375,10.390599,0.0032819392416212345,False
C_00266,9.639,9.776,10.318,9.91,LOT_006,False,0.318,22.3,0.13700000000000045,0.014213092644465242,0.005708333333333353,9.551375,10.144128,0.0025564433733622246,False
C_00267,10.159,10.466,10.503,10.801,LOT_006,False,0.354,31.8,0.3069999999999986,0.03021950979427095,0.01279166666666661,9.551375,10.795283,0.0022866897053188794,False
C_00268,10.089,10.204,11.085,10.825,LOT_006,False,0.363,34.7,0.11500000000000021,0.011398552879373596,0.004791666666666676,9.551375,10.713946,0.00354129404491848,False
C_00269,9.151,9.337,9.458,9.724,LOT_006,False,0.312,21.2,0.18599999999999994,0.02032564747022183,0.007749999999999997,9.551375,9.861294,0.0036409291161431222,False
C_00270,9.058,8.982,9.461,9.368,LOT_006,False,0.359,33.4,-0.07600000000000051,-0.008390373150805973,-0.003166666666666688,9.551375,9.437182,0.00316098907258776,False
C_00271,9.184,9.512,10.142,9.587,LOT_006,False,0.402,50.9,0.3280000000000012,0.035714285714285844,0.013666666666666716,9.551375,9.882942,0.002575987497965492,False
C_00272,9.208,9.131,9.569,9.633,LOT_006,False,0.316,22.0,-0.07699999999999996,-0.008362293657688962,-0.0032083333333333317,9.551375,9.698992,0.003944387329949272,False
C_00273,10.333,10.141,10.022,10.421,LOT_006,False,0.374,38.8,-0.19200000000000017,-0.018581244556276025,-0.008000000000000007,9.551375,10.655039,0.0035697141223483614,False
C_00274,10.017,9.86,10.097,9.934,LOT_006,False,0.345,29.2,-0.15700000000000003,-0.01567335529599681,-0.006541666666666668,9.551375,10.328222,0.003251543574863014,False
C_00275,9.606,9.78,9.958,10.014,LOT_006,False,0.357,32.8,0.1739999999999995,0.018113678950655788,0.007249999999999979,9.551375,10.1469145,0.0025480172369215267,False
C_00276,9.723,9.602,9.802,10.15,LOT_006,False,0.354,31.7,-0.12100000000000044,-0.012444718708217672,-0.005041666666666685,9.551375,10.258174,0.004556763490041095,False
C_00277,9.611,15.506,24.48,31.944,LOT_006,True,0.728,1228.6,5.895,0.6133596920195609,0.24562499999999998,9.551375,32.02317,0.11470257271660698,True
C_00278,9.58,9.528,9.874,9.847,LOT_006,False,0.324,23.8,-0.0519999999999996,-0.0054279749478078915,-0.00216666666666665,9.551375,10.05749,0.003677016311221649,False
C_00279,10.181,9.946,10.21,10.078,LOT_006,False,0.356,32.5,-0.23499999999999943,-0.023082211963461295,-0.009791666666666643,9.551375,10.449966,0.003499766879611547,False
C_00280,10.525,10.609,10.592,10.838,LOT_006,False,0.313,21.3,0.08399999999999963,0.007980997624703053,0.0034999999999999845,9.551375,11.043798,0.003019433657328288,False
C_00281,11.741,12.128,12.591,13.114,LOT_007,False,0.37,37.1,0.38700000000000045,0.03296141725577042,0.016125000000000018,11.268325,12.847341,0.0049954207208421485,False
C_00282,11.653,11.351,12.026,12.259,LOT_007,False,0.377,39.9,-0.3019999999999996,-0.02591607311421948,-0.012583333333333316,11.268325,11.910491,0.003885354095035123,False
C_00283,11.887,11.867,12.122,12.269,LOT_007,False,0.255,12.1,-0.019999999999999574,-0.0016825103053755845,-0.0008333333333333156,11.268325,12.388202,0.0036194563441806307,False
C_00284,11.422,11.163,11.685,11.849,LOT_007,False,0.276,14.9,-0.25900000000000034,-0.022675538434599924,-0.01079166666666668,11.268325,11.75673,0.004123125553131102,False
C_00285,9.263,9.068,9.789,9.651,LOT_007,False,0.299,18.6,-0.19500000000000028,-0.02105149519594087,-0.008125000000000012,11.268325,9.721496,0.004538164085812041,False
C_00286,11.829,12.397,12.414,12.065,LOT_007,False,0.368,36.6,0.5679999999999996,0.048017583903964794,0.023666666666666652,11.268325,12.539842,0.000991955916086831,False
C_00287,12.547,12.748,13.568,13.073,LOT_007,False,0.398,49.0,0.20099999999999874,0.016019765681039192,0.008374999999999947,11.268325,13.063767,0.002192829396989615,False
C_00288,10.642,11.304,11.706,11.681,LOT_007,False,0.33,25.3,0.6620000000000008,0.06220635218943815,0.027583333333333366,11.268325,11.510026,0.001430735958947074,False
C_00289,11.674,11.793,12.435,12.435,LOT_007,False,0.402,50.7,0.11899999999999977,0.010193592598937791,0.004958333333333324,11.268325,12.175294,0.0026548189057244245,False
C_00290,12.252,11.806,12.197,12.568,LOT_007,False,0.338,27.4,-0.4460000000000015,-0.036402220045706944,-0.018583333333333396,11.268325,12.378642,0.003976681126488585,False
C_00291,10.974,11.879,11.674,11.936,LOT_007,False,0.255,12.1,0.9049999999999994,0.08246765081100778,0.03770833333333331,11.268325,12.021056,0.0009865012168884307,False
C_00292,10.304,10.567,11.356,11.13,LOT_007,False,0.36,33.9,0.2629999999999999,0.025524068322981357,0.010958333333333329,11.268325,11.044609,0.0033167296515570735,False
C_00293,11.561,12.323,13.065,13.02,LOT_007,False,0.409,54.6,0.7620000000000005,0.06591125335178621,0.03175000000000002,11.268325,12.73524,0.0028627776569790284,False
C_00294,11.142,11.412,11.711,12.102,LOT_007,False,0.41,55.1,0.27000000000000135,0.02423263327948316,0.011250000000000057,11.268325,11.9076605,0.00344208669662475,False
C_00295,10.211,10.423,10.648,10.308,LOT_007,False,0.356,32.5,0.21199999999999974,0.020761923415923977,0.008833333333333323,11.268325,10.861481,0.00304500495062934,False
C_00296,12.07,12.118,12.651,13.543,LOT_007,False,0.451,82.4,0.04800000000000004,0.003976801988400998,0.0020000000000000018,11.268325,13.022652,0.006282303280300562,False
C_00297,11.231,10.896,11.783,11.68,LOT_007,False,0.345,29.3,-0.3349999999999991,-0.02982815421600918,-0.013958333333333295,11.268325,11.536973,0.004451201385921897,False
C_00298,11.066,11.445,11.957,11.842,LOT_007,False,0.339,27.5,0.37899999999999956,0.03424905114765946,0.01579166666666665,11.268325,11.805043,0.0025003001425001337,False
C_00299,11.467,12.373,12.24,13.04,LOT_007,False,0.395,47.5,0.9059999999999988,0.07900933112409513,0.03774999999999995,11.268325,13.265955,0.006201076189676925,False
C_00300,10.539,10.924,10.898,11.353,LOT_007,False,0.332,25.8,0.3849999999999998,0.036530980168896464,0.01604166666666666,11.268325,11.421705,0.0034562864303588903,False
C_00301,11.059,11.016,10.733,11.259,LOT_007,False,0.315,21.8,-0.04299999999999926,-0.003888235826023986,-0.0017916666666666359,11.268325,11.618045,0.004180867036183675,False
C_00302,12.839,12.994,12.616,12.759,LOT_007,False,0.282,15.7,0.15499999999999936,0.012072591323311734,0.006458333333333306,11.268325,12.916793,-0.0005361606280008936,False
C_00303,10.179,9.853,10.065,10.35,LOT_007,False,0.276,14.8,-0.3260000000000005,-0.032026721681894146,-0.013583333333333355,11.268325,10.392288,0.003745057000054255,False
C_00304,10.741,11.449,11.227,11.653,LOT_007,False,0.349,30.4,0.7080000000000002,0.06591565031188905,0.02950000000000001,11.268325,11.602929,0.0010689521895514604,False
C_00305,11.031,10.887,11.091,11.322,LOT_007,False,0.311,20.8,-0.14400000000000013,-0.013054120206690247,-0.006000000000000005,11.268325,11.310133,0.002938423474629717,False
C_00306,11.894,12.102,12.763,13.055,LOT_007,False,0.383,42.2,0.20800000000000018,0.01748780897931732,0.008666666666666675,11.268325,12.638599,0.0037263846927218947,False
C_00307,11.106,11.425,11.962,11.859,LOT_007,False,0.372,37.8,0.31900000000000084,0.02872321267783188,0.013291666666666702,11.268325,11.853232,0.002973835998111296,False
C_00308,10.124,10.006,10.251,10.349,LOT_007,False,0.3,18.7,-0.11800000000000033,-0.011655472145397108,-0.00491666666666668,11.268325,10.521432,0.0035793883535597043,False
C_00309,12.272,12.505,13.059,13.402,LOT_007,False,0.376,39.7,0.23300000000000054,0.018986310299869667,0.009708333333333355,11.268325,13.099811,0.004130629168616395,False
C_00310,11.676,11.51,12.11,11.581,LOT_007,False,0.269,13.8,-0.16600000000000037,-0.014217197670435113,-0.006916666666666682,11.268325,11.916951,0.002826049857669408,False
C_00311,11.475,11.797,12.163,12.034,LOT_007,False,0.346,29.4,0.32200000000000095,0.028061002178649323,0.013416666666666707,11.268325,12.349031,0.003833551724751786,False
C_00312,11.232,11.674,11.477,11.263,LOT_007,False,0.381,41.3,0.44200000000000017,0.03935185185185187,0.018416666666666675,11.268325,11.634215,-0.00027628225750392984,False
C_00313,12.572,12.644,13.148,13.322,LOT_007,False,0.372,38.0,0.07200000000000095,0.0057270124085269615,0.0030000000000000395,11.268325,12.977918,0.002318872716691758,False
C_00314,11.581,12.348,12.361,12.777,LOT_007,False,0.386,43.6,0.7670000000000012,0.0662291684655903,0.03195833333333339,11.268325,12.73524,0.002689166545867915,False
C_00315,11.194,15.691,24.064,30.669,LOT_007,True,0.7,941.0,4.497,0.4017330712881901,0.18737499999999999,11.268325,27.98054,0.08534402306874593,True
C_00316,12.298,12.172,12.251,12.378,LOT_007,False,0.341,28.2,-0.12599999999999945,-0.010245568385103224,-0.005249999999999977,11.268325,12.789357,0.0042872026761372846,False
C_00317,11.156,11.37,11.677,12.238,LOT_007,False,0.396,48.0,0.21399999999999864,0.019182502689135766,0.00891666666666661,11.268325,11.9076605,0.003733753363291428,False
C_00318,10.458,10.641,10.808,11.281,LOT_007,False,0.375,38.9,0.18299999999999983,0.01749856569133676,0.007624999999999993,11.268325,11.051268,0.002849080721537272,False
C_00319,10.753,11.39,11.129,11.65,LOT_007,False,0.338,27.1,0.6370000000000005,0.05923928206082028,0.026541666666666686,11.268325,11.590373,0.0013914794392055896,False
C_00320,9.618,10.362,10.729,10.93,LOT_007,False,0.366,35.6,0.7439999999999998,0.0773549594510293,0.03099999999999999,11.268325,10.796907,0.003020190450880262,False
C_00321,11.53,11.863,11.83,12.735,LOT_008,False,0.395,47.7,0.3330000000000002,0.028881179531656566,0.013875000000000007,10.43215,12.391739,0.003671797858344187,False
C_00322,10.815,11.233,11.526,11.931,LOT_008,False,0.409,54.5,0.41800000000000104,0.03865002311604263,0.01741666666666671,10.43215,11.681803,0.0031166857613457535,False
C_00323,11.27,11.489,11.729,12.018,LOT_008,False,0.31,20.8,0.2190000000000012,0.019432120674356807,0.00912500000000005,10.43215,11.889473,0.0027810622321234758,False
C_00324,11.125,12.004,11.973,12.306,LOT_008,False,0.362,34.6,0.8789999999999996,0.07901123595505614,0.036624999999999984,10.43215,12.248286,0.0016964322725931834,False
C_00325,9.536,10.364,10.469,11.188,LOT_008,False,0.4,49.7,0.8280000000000012,0.08682885906040282,0.03450000000000005,10.43215,11.026921,0.004603619946373828,False
C_00326,10.349,10.774,11.435,11.331,LOT_008,False,0.397,48.6,0.42499999999999893,0.04106676973620629,0.017708333333333288,10.43215,11.156089,0.002653394646114779,False
C_00327,10.54,10.928,11.3,11.684,LOT_008,False,0.326,24.2,0.3880000000000017,0.03681214421252388,0.016166666666666735,10.43215,11.4163065,0.0033910173310173824,False
C_00328,11.821,11.659,11.732,12.019,LOT_008,False,0.323,23.4,-0.16199999999999903,-0.013704424329582864,-0.00674999999999996,10.43215,12.0974865,0.0030450451109144375,False
C_00329,11.369,11.245,11.665,11.844,LOT_008,False,0.317,22.2,-0.12400000000000055,-0.010906851965872157,-0.00516666666666669,10.43215,12.064658,0.005692070590125196,False
C_00330,11.335,11.203,11.722,11.773,LOT_008,False,0.337,26.9,-0.13200000000000145,-0.011645346272607096,-0.00550000000000006,10.43215,11.907568,0.0048928331798977365,False
C_00331,10.154,10.018,10.673,11.479,LOT_008,False,0.408,53.9,-0.13599999999999923,-0.013393736458538431,-0.005666666666666635,10.43215,10.75959,0.005149931589762365,False
C_00332,9.239,9.357,9.899,9.978,LOT_008,False,0.401,50.6,0.11799999999999855,0.012771945015694182,0.0049166666666666066,10.43215,9.935097,0.004014560699462895,False
C_00333,10.638,10.515,10.919,11.185,LOT_008,False,0.31,20.6,-0.12299999999999933,-0.0115623237450648,-0.0051249999999999725,10.43215,11.212838,0.0048460984230041465,False
C_00334,10.403,10.706,10.576,10.976,LOT_008,False,0.349,30.4,0.30299999999999905,0.029126213592232917,0.012624999999999961,10.43215,11.21583,0.0035404850641886426,False
C_00335,10.281,11.063,11.76,11.87,LOT_008,False,0.413,56.5,0.782,0.07606263982102908,0.03258333333333333,10.43215,11.582473,0.0036074500083923297,False
C_00336,9.648,10.031,10.476,9.947,LOT_008,False,0.291,17.1,0.3830000000000009,0.03969734660033177,0.01595833333333337,10.43215,10.326305,0.0020507318708631686,False
C_00337,10.059,10.127,10.306,10.451,LOT_008,False,0.347,29.9,0.06800000000000139,0.0067601153196144145,0.002833333333333391,10.43215,10.653185,0.0036540617412990947,False
C_00338,10.057,10.33,10.492,10.696,LOT_008,False,0.384,42.8,0.2729999999999997,0.02714527194988562,0.011374999999999988,10.43215,10.795524,0.0032328030798170295,False
C_00339,8.631,8.92,9.06,9.092,LOT_008,False,0.362,34.5,0.2889999999999997,0.03348395319198235,0.012041666666666654,10.43215,9.220062,0.0020837656656901046,False
C_00340,10.691,10.401,10.936,11.383,LOT_008,False,0.355,32.0,-0.2900000000000009,-0.027125619680104844,-0.012083333333333371,10.43215,11.029564,0.004365027109781903,False
C_00341,10.352,10.637,11.286,10.809,LOT_008,False,0.327,24.4,0.28500000000000014,0.02753091190108193,0.011875000000000005,10.43215,11.03921,0.00279312721888224,False
C_00342,9.611,9.833,10.24,10.78,LOT_008,False,0.419,60.2,0.22199999999999953,0.023098532931016495,0.00924999999999998,10.43215,10.28613,0.0031467357741461846,False
C_00343,11.114,11.027,11.879,12.084,LOT_008,False,0.316,21.9,-0.08700000000000152,-0.007827964729170552,-0.0036250000000000635,10.43215,11.827915,0.005561911053127718,False
C_00344,9.923,10.373,10.485,10.451,LOT_008,False,0.343,28.7,0.4499999999999993,0.04534918875340112,0.01874999999999997,10.43215,10.583975,0.0014651030434502542,False
C_00345,11.18,11.388,11.616,11.427,LOT_008,False,0.302,19.2,0.20800000000000018,0.018604651162790715,0.008666666666666675,10.43215,11.812372,0.0029470292197333447,False
C_00346,9.957,9.936,11.017,11.114,LOT_008,False,0.386,43.3,-0.021000000000000796,-0.0021090689966858285,-0.0008750000000000332,10.43215,10.622693,0.00476870181825426,False
C_00347,11.0,11.16,12.215,12.055,LOT_008,False,0.373,38.4,0.16000000000000014,0.014545454545454558,0.006666666666666672,10.43215,11.550837,0.0027141427993774402,False
C_00348,10.58,10.935,11.238,11.236,LOT_008,False,0.31,20.6,0.3550000000000004,0.03355387523629494,0.014791666666666684,10.43215,11.364832,0.002984943919711639,False
C_00349,10.344,10.901,10.838,10.908,LOT_008,False,0.348,30.0,0.5570000000000004,0.053847641144624946,0.023208333333333348,10.43215,11.182332,0.001953694714440241,False
C_00350,11.062,11.465,11.574,11.959,LOT_008,False,0.377,39.9,0.40300000000000047,0.03643102513107942,0.016791666666666687,10.43215,11.862822,0.002762649854024252,False
C_00351,11.002,11.482,10.898,11.551,LOT_008,False,0.311,20.9,0.47999999999999865,0.04362843119432818,0.019999999999999945,10.43215,11.53954,0.0003995853530036126,False
C_00352,9.989,10.082,10.391,10.439,LOT_008,False,0.325,23.9,0.09299999999999997,0.009310241265391928,0.0038749999999999987,10.43215,10.653185,0.0039665617412990945,False
C_00353,10.582,11.211,11.688,11.626,LOT_008,False,0.38,41.1,0.6289999999999996,0.05944055944055939,0.026208333333333316,10.43215,11.497271,0.001987990167405868,False
C_00354,10.013,11.209,11.083,11.934,LOT_008,False,0.424,62.9,1.1959999999999997,0.11944472186157992,0.04983333333333332,10.43215,11.7204895,0.0035520104302300373,False
C_00355,9.916,10.031,10.53,10.554,LOT_008,False,0.37,37.1,0.11500000000000021,0.011597418313836245,0.004791666666666676,10.43215,10.465961,0.003020565668741858,False
C_00356,10.969,11.117,11.626,11.932,LOT_008,False,0.373,38.4,0.14800000000000146,0.01349256996991535,0.006166666666666727,10.43215,11.538036,0.002923863516913514,False
C_00357,11.344,11.247,11.274,12.011,LOT_008,False,0.344,28.8,-0.09699999999999953,-0.008550775740479508,-0.004041666666666647,10.43215,11.998257,0.005217060301038955,False
C_00358,10.201,14.655,21.315,27.616,LOT_008,True,0.688,834.7,4.453999999999999,0.43662386040584245,0.1855833333333333,10.43215,27.282484,0.08769086149003771,True
C_00359,9.656,9.937,9.789,10.264,LOT_008,False,0.37,37.4,0.2809999999999988,0.0291010770505384,0.011708333333333284,10.43215,10.4064045,0.003259753439161517,False
C_00360,9.0,9.308,9.537,9.987,LOT_008,False,0.355,32.1,0.30799999999999983,0.0342222222222222,0.012833333333333327,10.43215,9.907493,0.004163143316904705,False
C_00361,11.19,11.219,11.249,11.371,LOT_009,False,0.35,30.6,0.028999999999999915,0.002591599642537973,0.0012083333333333297,10.401725,11.623083,0.0028061327404446113,False
C_00362,10.493,10.593,10.735,10.719,LOT_009,False,0.346,29.5,0.09999999999999964,0.009530162965786682,0.004166666666666652,10.401725,10.886523,0.0020383558803134497,False
C_00363,10.299,10.2,10.81,10.56,LOT_009,False,0.315,21.9,-0.0990000000000002,-0.009612583745994777,-0.004125000000000008,10.401725,10.715215,0.003577880064646408,False
C_00364,10.143,10.681,10.704,11.366,LOT_009,False,0.396,47.9,0.5379999999999985,0.053041506457655374,0.022416666666666602,10.401725,10.903104,0.0015423876974317821,False
C_00365,9.259,9.408,9.034,9.48,LOT_009,False,0.364,35.2,0.14899999999999913,0.016092450588616386,0.0062083333333332975,10.401725,9.820405,0.002863923655615916,False
C_00366,10.364,10.768,10.846,10.806,LOT_009,False,0.299,18.6,0.4039999999999999,0.038981088382863745,0.01683333333333333,10.401725,11.132483,0.0025311286714341857,False
C_00367,10.413,10.478,10.23,9.913,LOT_009,False,0.32,22.9,0.0649999999999995,0.00624219725343316,0.0027083333333333126,10.401725,10.727574,0.0017331551975674115,False
C_00368,11.621,11.641,11.505,11.535,LOT_009,False,0.334,26.2,0.019999999999999574,0.001721022287238583,0.0008333333333333156,10.401725,11.806909,0.0011521431075202093,False
C_00369,10.661,10.957,10.738,11.338,LOT_009,False,0.414,57.2,0.29600000000000115,0.027764750023450066,0.012333333333333382,10.401725,11.249278,0.0020297088093227758,False
C_00370,9.956,10.311,10.282,10.335,LOT_009,False,0.249,11.4,0.3550000000000004,0.03565689031739659,0.014791666666666684,10.401725,10.589254,0.0019323220782809791,False
C_00371,9.436,9.691,9.525,10.206,LOT_009,False,0.349,30.3,0.2550000000000008,0.027024162780839422,0.010625000000000032,10.401725,9.915496,0.0015589991145663741,False
C_00372,11.618,11.739,11.767,12.043,LOT_009,False,0.349,30.2,0.12100000000000044,0.010414873472198351,0.005041666666666685,10.401725,12.0259,0.00199236032697889,False
C_00373,10.333,9.971,10.443,10.205,LOT_009,False,0.345,29.2,-0.3620000000000001,-0.03503338817381207,-0.015083333333333337,10.401725,10.434898,0.003221516503228081,False
C_00374,9.848,9.668,9.998,9.934,LOT_009,False,0.332,25.7,-0.1800000000000015,-0.01827782290820486,-0.007500000000000062,10.401725,10.015926,0.002416155285305452,False
C_00375,10.172,10.361,11.471,11.429,LOT_009,False,0.446,78.0,0.18900000000000006,0.018580416830515145,0.007875000000000002,10.401725,10.648999,0.001999994542863629,False
C_00376,10.799,15.958,22.47,26.827,LOT_009,True,0.724,1186.2,5.159000000000001,0.4777294193906844,0.21495833333333336,10.401725,27.115679,0.07748388046688504,True
C_00377,10.126,10.248,10.541,10.849,LOT_009,False,0.38,40.9,0.12199999999999989,0.012048192771084328,0.005083333333333329,10.401725,10.604149,0.0024732560051812114,False
C_00378,9.566,9.906,10.688,10.639,LOT_009,False,0.392,46.3,0.33999999999999986,0.035542546518921164,0.01416666666666666,10.401725,10.260182,0.0024595998658074234,False
C_00379,9.982,10.21,10.602,10.642,LOT_009,False,0.351,30.8,0.22800000000000153,0.022841114005209533,0.009500000000000064,10.401725,10.6069355,0.0027564965354071663,False
C_00380,9.695,9.74,9.846,9.812,LOT_009,False,0.364,35.2,0.04499999999999993,0.004641567818463118,0.0018749999999999971,10.401725,10.039864,0.002082386016845702,False
C_00381,11.04,11.302,11.318,11.613,LOT_009,False,0.345,29.2,0.26200000000000045,0.023731884057971057,0.010916666666666686,10.401725,11.506604,0.0014208624627855117,False
C_00382,10.716,10.915,11.356,11.46,LOT_009,False,0.407,53.4,0.19899999999999984,0.018570362075401255,0.00829166666666666,10.401725,11.232167,0.0022025503052605583,False
C_00383,10.028,10.413,10.328,10.866,LOT_009,False,0.331,25.4,0.3849999999999998,0.0383925009972078,0.01604166666666666,10.401725,10.744477,0.0023019255002339665,False
C_00384,10.275,13.851,17.617,21.087,LOT_009,True,0.7,938.8,3.5760000000000005,0.348029197080292,0.14900000000000002,10.401725,21.443531,0.052725909974839946,True
C_00385,9.229,9.535,9.41,9.639,LOT_009,False,0.381,41.4,0.30600000000000094,0.033156354968035644,0.012750000000000039,10.401725,9.858621,0.0022473655806647397,False
C_00386,9.971,10.046,10.377,10.056,LOT_009,False,0.306,19.8,0.07499999999999929,0.0075218132584494325,0.0031249999999999702,10.401725,10.364844,0.0022141966819763225,False
C_00387,10.323,10.827,10.694,11.402,LOT_009,False,0.389,44.7,0.5039999999999996,0.048823016564952006,0.02099999999999998,10.401725,11.005983,0.0012429399490356448,False
C_00388,11.325,11.063,11.305,11.69,LOT_009,False,0.324,23.7,-0.2619999999999987,-0.023134657836644475,-0.010916666666666611,10.401725,11.561417,0.00346122656928168,False
C_00389,10.35,10.179,10.444,10.78,LOT_009,False,0.352,31.2,-0.17099999999999937,-0.016521739130434723,-0.007124999999999974,10.401725,10.580213,0.002786198563045924,False
C_00390,11.542,11.375,11.7,11.696,LOT_009,False,0.381,41.5,-0.16699999999999982,-0.014468896205163733,-0.006958333333333326,10.401725,11.796037,0.002923866113026937,False
C_00391,10.69,10.75,10.983,10.976,LOT_009,False,0.357,32.9,0.0600000000000005,0.005612722170252619,0.002500000000000021,10.401725,11.079453,0.002287871307796902,False
C_00392,9.782,10.06,10.107,10.255,LOT_009,False,0.365,35.4,0.27800000000000047,0.02841954610509103,0.011583333333333353,10.401725,10.302175,0.0016817678345574238,False
C_00393,11.594,11.305,12.284,11.743,LOT_009,False,0.393,46.4,-0.2889999999999997,-0.024926686217008772,-0.012041666666666654,10.401725,11.705469,0.0027810356352064363,False
C_00394,10.096,10.613,10.483,10.619,LOT_009,False,0.365,35.4,0.5169999999999995,0.051208399366085525,0.021541666666666643,10.401725,10.7553425,0.0009884894688924185,False
C_00395,10.462,11.303,10.826,10.677,LOT_009,False,0.345,29.1,0.8410000000000011,0.08038615943414272,0.035041666666666714,10.401725,11.3611145,0.000403572930230029,False
C_00396,10.474,10.334,10.715,10.591,LOT_009,False,0.372,37.9,-0.14000000000000057,-0.013366431162879566,-0.005833333333333357,10.401725,10.74298,0.00284013891220093,False
C_00397,9.931,10.054,9.961,10.171,LOT_009,False,0.302,19.2,0.12300000000000111,0.012385459671735084,0.005125000000000046,10.401725,10.3084755,0.0017671909332275372,False
C_00398,10.986,10.814,10.872,11.165,LOT_009,False,0.357,32.8,-0.1720000000000006,-0.01565628982341167,-0.007166666666666692,10.401725,11.152576,0.0023512253231472435,False
C_00399,10.64,10.79,10.668,10.724,LOT_009,False,0.295,17.9,0.14999999999999858,0.014097744360902121,0.0062499999999999405,10.401725,11.066519,0.0019202693303426166,False
C_00400,10.641,10.215,10.532,10.852,LOT_009,False,0.303,19.3,-0.42600000000000016,-0.04003383140682268,-0.017750000000000005,10.401725,10.676289,0.003203393088446724,False
C_00401,9.26,9.609,9.91,10.3,LOT_010,False,0.394,47.2,0.3490000000000002,0.037688984881209524,0.014541666666666675,9.5515,10.037954,0.002978849516974555,False
C_00402,9.326,9.851,9.975,9.814,LOT_010,False,0.348,29.9,0.5250000000000004,0.056294231181642757,0.021875000000000016,9.5515,10.098501,0.0017187583711412158,False
C_00403,10.79,10.671,11.068,11.861,LOT_010,False,0.39,45.3,-0.11899999999999977,-0.01102873030583872,-0.004958333333333324,9.5515,11.4477415,0.005394038253360329,False
C_00404,8.744,9.23,9.1,9.468,LOT_010,False,0.347,29.9,0.48600000000000065,0.05558096980786833,0.02025000000000003,9.5515,9.367787,0.0009568566746181882,False
C_00405,8.982,9.281,9.558,9.853,LOT_010,False,0.385,43.0,0.29900000000000126,0.0332887998218661,0.012458333333333385,9.5515,9.597333,0.0021967566278245673,False
C_00406,10.185,10.334,10.479,10.377,LOT_010,False,0.316,21.9,0.14899999999999913,0.014629356897398048,0.0062083333333332975,9.5515,10.741879,0.0028324962721930635,False
C_00407,9.986,9.885,10.646,10.604,LOT_010,False,0.357,32.9,-0.10100000000000087,-0.010114159823753341,-0.0042083333333333695,9.5515,10.467494,0.004045097298092314,False
C_00408,9.067,16.196,27.891,37.464,LOT_010,True,0.758,1645.6,7.129000000000001,0.7862578581669792,0.2970416666666667,9.5515,37.291798,0.14649859470791285,True
C_00409,9.211,9.307,9.462,10.006,LOT_010,False,0.366,35.7,0.09600000000000009,0.010422321137770066,0.0040000000000000036,9.5515,9.861646,0.0038517062399122423,False
C_00410,9.184,9.688,9.299,9.698,LOT_010,False,0.335,26.4,0.5040000000000013,0.05487804878048796,0.021000000000000057,9.5515,9.905804,0.0015125255584716754,False
C_00411,10.765,10.553,11.287,11.076,LOT_010,False,0.381,41.4,-0.21199999999999974,-0.01969345099860657,-0.008833333333333323,9.5515,11.052347,0.00346768877241346,False
C_00412,9.318,9.269,9.623,9.538,LOT_010,False,0.309,20.5,-0.04899999999999949,-0.005258639192959808,-0.002041666666666645,9.5515,9.745624,0.003309886031680636,False
C_00413,9.78,9.996,10.526,10.49,LOT_010,False,0.348,29.9,0.21600000000000108,0.02208588957055226,0.009000000000000044,9.5515,10.386935,0.0027148280143737763,False
C_00414,11.417,11.237,11.713,11.972,LOT_010,False,0.371,37.5,-0.17999999999999972,-0.01576596303757552,-0.0074999999999999884,9.5515,11.917576,0.004726221084594726,False
C_00415,9.561,9.521,9.684,10.225,LOT_010,False,0.356,32.3,-0.03999999999999915,-0.004183662796778491,-0.0016666666666666312,9.5515,10.05081,0.003679235140482579,False
C_00416,8.716,8.855,8.943,9.148,LOT_010,False,0.337,27.1,0.13900000000000112,0.015947682423130004,0.005791666666666713,9.5515,9.114845,0.0018044810824924015,False
C_00417,9.108,8.886,9.353,9.589,LOT_010,False,0.34,27.6,-0.2220000000000013,-0.024374176548089734,-0.009250000000000055,9.5515,9.426188,0.0037513088120354598,False
C_00418,9.053,9.451,9.927,10.31,LOT_010,False,0.37,37.1,0.3979999999999997,0.04396332707389812,0.01658333333333332,9.5515,9.868495,0.002899270746443003,False
C_00419,8.692,8.87,8.811,9.133,LOT_010,False,0.341,28.0,0.17799999999999905,0.02047860101242511,0.007416666666666627,9.5515,9.117632,0.0017196660571628202,False
C_00420,9.43,9.954,10.157,10.202,LOT_010,False,0.318,22.3,0.5240000000000009,0.05556733828207857,0.02183333333333337,9.5515,10.34511,0.002716041247049963,False
C_00421,9.29,9.613,9.372,9.693,LOT_010,False,0.26,12.7,0.3230000000000004,0.03476856835306786,0.01345833333333335,9.5515,10.011486,0.0027672642601860925,False
C_00422,9.374,9.53,9.948,10.252,LOT_010,False,0.355,32.1,0.1559999999999988,0.016641775122679624,0.00649999999999995,9.5515,10.000784,0.003269332779778379,False
C_00423,9.8,14.314,21.797,27.938,LOT_010,True,0.69,852.1,4.513999999999999,0.4606122448979591,0.1880833333333333,9.5515,27.842073,0.0939449544482761,True
C_00424,9.362,9.337,9.827,9.95,LOT_010,False,0.367,36.2,-0.025000000000000355,-0.002670369579149792,-0.0010416666666666814,9.5515,9.9394865,0.004183934052785239,False
C_00425,9.153,8.971,9.239,9.069,LOT_010,False,0.308,20.3,-0.18200000000000038,-0.019884190975636443,-0.007583333333333349,9.5515,9.3877735,0.002894260512457953,False
C_00426,9.93,9.627,10.011,10.652,LOT_010,False,0.383,42.3,-0.30299999999999905,-0.030513595166163046,-0.012624999999999961,9.5515,10.119799,0.003422212918599442,False
C_00427,9.282,9.13,9.583,10.312,LOT_010,False,0.417,58.9,-0.15199999999999925,-0.016375781081663352,-0.006333333333333302,9.5515,9.740344,0.004238500330183236,False
C_00428,9.035,9.024,9.44,9.398,LOT_010,False,0.353,31.4,-0.011000000000001009,-0.0012174875484229119,-0.0004583333333333754,9.5515,9.4476185,0.002941795031229661,False
C_00429,10.18,10.284,10.485,10.893,LOT_010,False,0.311,20.9,0.10400000000000098,0.010216110019646462,0.004333333333333374,9.5515,10.738503,0.0031562740008036247,False
C_00430,8.602,8.602,9.315,9.428,LOT_010,False,0.406,53.0,0.0,0.0,0.0,9.5515,9.0255375,0.002941232575310599,False
C_00431,9.345,9.619,9.994,10.628,LOT_010,False,0.427,65.0,0.27399999999999913,0.02932049224184046,0.01141666666666663,9.5515,10.013242,0.002737790054745146,False
C_00432,9.251,9.148,9.88,10.351,LOT_010,False,0.389,44.9,-0.10299999999999976,-0.01113393146686842,-0.004291666666666656,9.5515,9.887213,0.005133421897888186,False
C_00433,10.136,10.386,10.766,10.762,LOT_010,False,0.316,22.0,0.25,0.02466456195737964,0.010416666666666666,9.5515,10.744666,0.002490736802419032,False
C_00434,9.11,9.062,8.619,9.299,LOT_010,False,0.295,17.8,-0.04800000000000004,-0.0052689352360043955,-0.0020000000000000018,9.5515,9.437182,0.002605433517032204,False
C_00435,8.712,8.5,9.015,8.685,LOT_010,False,0.338,27.2,-0.21199999999999974,-0.02433425160697885,-0.008833333333333323,9.5515,8.889994,0.0027082893583509657,False
C_00436,10.327,10.508,10.852,10.98,LOT_010,False,0.351,30.8,0.18099999999999916,0.017526871308221087,0.0075416666666666314,9.5515,11.049961,0.0037636186811659134,False
C_00437,9.869,9.847,10.187,10.547,LOT_010,False,0.361,34.0,-0.02200000000000024,-0.0022292025534502223,-0.0009166666666666767,9.5515,10.296835,0.003123853789435496,False
C_00438,10.542,10.429,10.866,10.901,LOT_010,False,0.348,30.1,-0.11299999999999955,-0.010719028647315457,-0.004708333333333314,9.5515,11.049122,0.004306401782565645,False
C_00439,10.185,9.914,10.19,10.328,LOT_010,False,0.302,19.2,-0.2710000000000008,-0.026607756504663797,-0.0112916666666667,9.5515,10.454473,0.0037532815403408496,False
C_00440,10.0,9.935,9.935,10.183,LOT_010,False,0.294,17.8,-0.0649999999999995,-0.00649999999999995,-0.0027083333333333126,9.5515,10.502334,0.003939816951751706,False
C_00441,9.194,9.428,10.059,9.951,LOT_011,False,0.352,31.1,0.23399999999999999,0.025451381335653684,0.00975,10.052225,9.835874,0.0028324555820888886,False
C_00442,8.977,9.352,9.336,9.472,LOT_011,False,0.346,29.3,0.375,0.04177342096468754,0.015625,10.052225,9.730614,0.0026292618645562043,False
C_00443,10.316,10.634,10.831,10.844,LOT_011,False,0.337,26.9,0.3179999999999996,0.030825901512213996,0.013249999999999984,10.052225,10.932371,0.0020720218022664363,False
C_00444,9.974,9.705,10.088,9.923,LOT_011,False,0.324,23.8,-0.26900000000000013,-0.026970122318026882,-0.01120833333333334,10.052225,10.137674,0.003004682858784993,False
C_00445,10.49,10.569,10.801,10.912,LOT_011,False,0.282,15.7,0.07900000000000063,0.007530981887511975,0.0032916666666666927,10.052225,10.9262085,0.0024806145562065915,False
C_00446,10.32,10.768,11.015,10.954,LOT_011,False,0.355,32.0,0.4480000000000004,0.04341085271317833,0.018666666666666682,10.052225,11.005708,0.0016507481998867411,False
C_00447,10.381,10.46,10.614,10.684,LOT_011,False,0.384,42.7,0.07900000000000063,0.007610056834601736,0.0032916666666666927,10.052225,10.802807,0.0023806031545003195,False
C_00448,9.859,10.397,10.883,10.63,LOT_011,False,0.357,32.9,0.5380000000000003,0.05456942894816921,0.02241666666666668,10.052225,10.633822,0.0016446002854241248,False
C_00449,10.153,10.227,10.683,11.082,LOT_011,False,0.431,67.8,0.07399999999999984,0.007288486161725583,0.003083333333333327,10.052225,10.653516,0.0029619153870476594,False
C_00450,11.549,11.051,11.23,11.122,LOT_011,False,0.368,36.5,-0.49799999999999933,-0.04312061650359333,-0.020749999999999973,10.052225,11.561372,0.0035442486339145227,False
C_00451,10.811,10.876,11.552,11.422,LOT_011,False,0.447,78.8,0.0649999999999995,0.00601239478309125,0.0027083333333333126,10.052225,11.233188,0.0024804699685838528,False
C_00452,10.237,10.398,10.6,10.443,LOT_011,False,0.348,30.2,0.1609999999999996,0.015727263846830087,0.006708333333333316,10.052225,10.7656555,0.002553163316514759,False
C_00453,10.581,10.799,10.728,10.772,LOT_011,False,0.322,23.3,0.21799999999999997,0.020602967583404214,0.009083333333333332,10.052225,11.108991,0.002152712980906172,False
C_00454,9.707,10.41,10.697,11.016,LOT_011,False,0.431,67.5,0.7029999999999994,0.07242196353147207,0.029291666666666643,10.052225,10.850029,0.003055756886800129,False
C_00455,9.293,9.599,10.065,9.974,LOT_011,False,0.345,29.1,0.30600000000000094,0.032928010330356285,0.012750000000000039,10.052225,9.979551,0.002642717467414007,False
C_00456,8.885,9.171,9.276,10.035,LOT_011,False,0.417,58.7,0.2859999999999996,0.03218908272369157,0.01191666666666665,10.052225,9.53174,0.002505140198601621,False
C_00457,10.798,11.064,11.238,11.367,LOT_011,False,0.352,31.2,0.266,0.024634191516947585,0.011083333333333334,10.052225,11.433984,0.0025693319638570144,False
C_00458,9.79,10.053,10.511,10.631,LOT_011,False,0.427,64.8,0.2630000000000017,0.026864147088866364,0.010958333333333403,10.052225,10.352455,0.0020795495775010795,False
C_00459,9.611,9.554,10.02,10.161,LOT_011,False,0.287,16.5,-0.057000000000000384,-0.00593070440120699,-0.002375000000000016,10.052225,10.031552,0.0033163355191548646,False
C_00460,10.671,10.107,10.53,10.324,LOT_011,False,0.273,14.4,-0.5640000000000001,-0.05285352825414676,-0.023500000000000004,10.052225,10.624606,0.0035944870313008672,False
C_00461,9.465,9.498,9.965,9.842,LOT_011,False,0.372,38.1,0.032999999999999474,0.0034865293185419415,0.001374999999999978,10.052225,9.940681,0.0030741767883300827,False
C_00462,11.473,11.263,11.72,12.552,LOT_011,False,0.404,51.9,-0.21000000000000085,-0.018303843807199585,-0.008750000000000036,10.052225,11.837437,0.003989143583509658,False
C_00463,9.278,9.619,9.63,9.785,LOT_011,False,0.343,28.7,0.3409999999999993,0.0367536106919594,0.014208333333333304,10.052225,10.00602,0.0026876360575358088,False
C_00464,10.361,10.315,10.441,10.708,LOT_011,False,0.341,28.0,-0.04600000000000115,-0.004439725895183973,-0.0019166666666667147,10.052225,10.792198,0.0033138762580023906,False
C_00465,9.671,10.107,10.213,10.34,LOT_011,False,0.353,31.6,0.43599999999999994,0.045083238548236995,0.018166666666666664,10.052225,10.395979,0.002006798108418787,False
C_00466,10.137,10.103,10.644,10.594,LOT_011,False,0.378,40.2,-0.034000000000000696,-0.003354049521554769,-0.0014166666666666956,10.052225,10.592076,0.0033963632053799118,False
C_00467,10.238,10.799,10.337,10.566,LOT_011,False,0.36,33.7,0.5609999999999999,0.05479585856612619,0.023374999999999996,10.052225,10.918176,0.0008276090092129213,False
C_00468,9.546,9.546,10.021,10.07,LOT_011,False,0.412,56.0,0.0,0.0,0.0,10.052225,10.022256,0.00330733262168037,False
C_00469,11.804,11.548,12.194,11.958,LOT_011,False,0.335,26.5,-0.2560000000000002,-0.02168756353778382,-0.010666666666666677,10.052225,11.805498,0.0017881814108954533,False
C_00470,9.724,9.947,9.977,10.482,LOT_011,False,0.38,41.2,0.22299999999999898,0.022932949403537534,0.009291666666666623,10.052225,10.356119,0.0028411052491929853,False
C_00471,9.777,9.801,10.259,10.375,LOT_011,False,0.38,41.2,0.02400000000000091,0.0024547407180117533,0.001000000000000038,10.052225,10.262355,0.003203853130340575,False
C_00472,10.199,10.724,10.978,11.261,LOT_011,False,0.38,41.1,0.5250000000000004,0.05147563486616338,0.021875000000000016,10.052225,10.968784,0.001699891196356878,False
C_00473,9.034,9.588,9.359,9.669,LOT_011,False,0.368,36.7,0.5539999999999985,0.061323887535975036,0.02308333333333327,10.052225,9.827455,0.001662878937191439,False
C_00474,11.024,11.489,11.107,11.198,LOT_011,False,0.301,19.0,0.46500000000000163,0.04218069666182889,0.01937500000000007,10.052225,11.481175,-5.4337342580164837e-05,False
C_00475,9.671,9.537,9.88,10.415,LOT_011,False,0.379,40.6,-0.13399999999999856,-0.013855857718953426,-0.0055833333333332735,10.052225,10.186344,0.004509334352281353,False
C_00476,9.796,10.017,9.444,9.888,LOT_011,False,0.32,22.8,0.22100000000000009,0.022560228664761137,0.009208333333333337,10.052225,10.352455,0.002329549577501089,False
C_00477,9.809,9.895,10.14,10.556,LOT_011,False,0.366,35.9,0.0860000000000003,0.008767458456519554,0.003583333333333346,10.052225,10.3499565,0.0031594202253553633,False
C_00478,9.831,10.217,10.471,10.362,LOT_011,False,0.357,32.9,0.386000000000001,0.03926355406367623,0.016083333333333377,10.052225,10.562895,0.00240204736921522,False
C_00479,9.777,9.885,9.777,9.924,LOT_011,False,0.34,27.7,0.10800000000000054,0.011046333231052526,0.004500000000000022,10.052225,10.257427,0.0025863001081678615,False
C_00480,9.877,10.024,10.013,10.074,LOT_011,False,0.319,22.6,0.14699999999999847,0.014883061658398143,0.006124999999999936,10.052225,10.352131,0.002278686735365132,False
C_00481,9.505,10.202,11.147,11.059,LOT_012,False,0.424,63.1,0.6969999999999992,0.07332982640715403,0.029041666666666632,9.638250000000001,10.857185,0.004549898359510634,False
C_00482,10.073,10.261,10.014,10.273,LOT_012,False,0.32,22.9,0.18799999999999883,0.018663754591482062,0.007833333333333284,9.638250000000001,10.702602,0.0030666832394070148,False
C_00483,9.693,9.486,10.262,9.798,LOT_012,False,0.366,35.7,-0.20699999999999896,-0.0213556174558959,-0.008624999999999957,9.638250000000001,9.966475,0.003336628701951764,False
C_00484,10.155,10.286,10.442,10.825,LOT_012,False,0.417,58.7,0.13100000000000023,0.012900049236829171,0.005458333333333343,9.638250000000001,10.741879,0.003165829605526397,False
C_00485,9.103,8.943,9.434,9.444,LOT_012,False,0.366,35.8,-0.16000000000000014,-0.0175766230912886,-0.006666666666666672,9.638250000000001,9.407357,0.003224702888064917,False
C_00486,9.998,9.979,10.379,10.624,LOT_012,False,0.399,49.6,-0.019000000000000128,-0.001900380076015216,-0.000791666666666672,9.638250000000001,10.51277,0.0037067340215047257,False
C_00487,8.89,9.261,8.956,9.072,LOT_012,False,0.293,17.6,0.37099999999999866,0.041732283464566776,0.015458333333333277,9.638250000000001,9.547219,0.0019876338640848847,False
C_00488,9.547,9.26,9.694,9.575,LOT_012,False,0.363,34.7,-0.2870000000000008,-0.03006179951817333,-0.011958333333333368,9.638250000000001,9.752553,0.003420506848229304,False
C_00489,8.594,9.177,9.486,9.062,LOT_012,False,0.308,20.3,0.5830000000000002,0.06783802653013733,0.024291666666666673,9.638250000000001,9.330022,0.0010626517931620308,False
C_00490,8.371,8.611,8.78,8.872,LOT_012,False,0.34,27.8,0.2400000000000002,0.02867040974793934,0.010000000000000009,9.638250000000001,8.958248,0.0024114454057481507,False
C_00491,9.312,13.559,19.645,24.511,LOT_012,True,0.723,1177.4,4.247,0.4560781786941581,0.17695833333333333,9.638250000000001,24.578959,0.07652748966217042,True
C_00492,9.377,9.415,9.634,10.006,LOT_012,False,0.38,41.1,0.03799999999999848,0.004052468806654418,0.00158333333333327,9.638250000000001,9.933858,0.0036031799846225373,False
C_00493,9.777,9.902,10.555,10.923,LOT_012,False,0.409,54.6,0.125,0.01278510790631073,0.005208333333333333,9.638250000000001,10.387813,0.0033736987113952687,False
C_00494,10.557,10.477,11.234,10.791,LOT_012,False,0.271,14.2,-0.08000000000000007,-0.00757791039120963,-0.003333333333333336,9.638250000000001,10.890389,0.0028707600169711623,False
C_00495,10.005,9.751,9.806,10.297,LOT_012,False,0.27,14.0,-0.25400000000000134,-0.02538730634682672,-0.010583333333333389,9.638250000000001,10.310134,0.0038828745418124765,False
C_00496,9.938,10.005,10.156,10.362,LOT_012,False,0.332,25.6,0.06700000000000017,0.006741799154759526,0.0027916666666666736,9.638250000000001,10.405661,0.002782365481058751,False
C_00497,9.179,8.877,9.228,9.365,LOT_012,False,0.359,33.4,-0.3019999999999996,-0.03290118749319094,-0.012583333333333316,9.638250000000001,9.422023,0.0037848806911044606,False
C_00498,10.182,10.321,10.358,10.656,LOT_012,False,0.381,41.5,0.13899999999999935,0.013651541936751065,0.005791666666666639,9.638250000000001,10.741879,0.0029227740499708408,False
C_00499,8.97,9.332,9.312,9.611,LOT_012,False,0.368,36.4,0.3620000000000001,0.0403567447045708,0.015083333333333337,9.638250000000001,9.72889,0.0027561834653218537,False
C_00500,10.1,10.11,10.126,10.537,LOT_012,False,0.323,23.5,0.009999999999999787,0.000990099009900969,0.0004166666666666578,9.638250000000001,10.641889,0.0036936709615919363,False
C_00501,9.896,10.21,10.848,10.949,LOT_012,False,0.44,73.5,0.31400000000000006,0.03172999191592563,0.013083333333333336,9.638250000000001,10.638719,0.0029772125350104378,False
C_00502,10.354,10.19,10.358,10.85,LOT_012,False,0.36,33.8,-0.1639999999999997,-0.01583928916360824,-0.006833333333333321,9.638250000000001,10.752199,0.0039041609234280092,False
C_00503,9.677,9.477,9.638,9.911,LOT_012,False,0.35,30.7,-0.1999999999999993,-0.02066756226103124,-0.008333333333333304,9.638250000000001,9.966475,0.0033991287019517666,False
C_00504,9.455,9.353,9.75,10.137,LOT_012,False,0.375,39.2,-0.10200000000000031,-0.010787942887361218,-0.004250000000000013,9.638250000000001,10.07064,0.0049836084047953306,False
C_00505,9.367,9.374,9.674,9.876,LOT_012,False,0.356,32.6,0.006999999999999673,0.0007473043663926201,0.00029166666666665303,9.638250000000001,9.9394865,0.00392698960834079,False
C_00506,9.749,12.175,15.793,18.641,LOT_012,True,0.649,572.1,2.426,0.24884603549081957,0.10108333333333334,9.638250000000001,18.864527,0.04645504686567518,True
C_00507,10.208,10.552,10.686,10.918,LOT_012,False,0.346,29.5,0.3439999999999994,0.03369905956112847,0.014333333333333309,9.638250000000001,10.9360485,0.0026670035256279867,False
C_00508,10.358,10.145,10.355,10.673,LOT_012,False,0.346,29.5,-0.21300000000000097,-0.02056381540838009,-0.00887500000000004,9.638250000000001,10.66134,0.0035856927765740318,False
C_00509,8.9,9.39,9.582,9.717,LOT_012,False,0.347,29.7,0.4900000000000002,0.05505617977528092,0.020416666666666677,9.638250000000001,9.703157,0.0021747043397691477,False
C_00510,8.995,9.102,9.222,9.621,LOT_012,False,0.317,22.2,0.1070000000000011,0.011895497498610462,0.004458333333333379,9.638250000000001,9.593541,0.0034134801758660188,False
C_00511,9.838,9.795,9.791,10.171,LOT_012,False,0.335,26.5,-0.04299999999999926,-0.004370807074608586,-0.0017916666666666359,9.638250000000001,10.203628,0.002837691571977404,False
C_00512,10.871,11.391,11.077,11.744,LOT_012,False,0.352,31.4,0.5199999999999996,0.0478336859534541,0.02166666666666665,9.638250000000001,11.6719475,0.0019510241614447699,False
C_00513,10.087,10.005,10.699,10.38,LOT_012,False,0.341,28.1,-0.08199999999999896,-0.008129275304847722,-0.0034166666666666234,9.638250000000001,10.49867,0.003428261280059809,False
C_00514,8.38,8.653,8.934,8.944,LOT_012,False,0.401,50.4,0.2729999999999997,0.03257756563245819,0.011374999999999988,9.638250000000001,8.944446,0.002023927847544349,False
C_00515,9.503,9.282,9.418,9.541,LOT_012,False,0.326,24.1,-0.22100000000000009,-0.023255813953488382,-0.009208333333333337,9.638250000000001,9.749937,0.003249562899271647,False
C_00516,9.192,9.521,9.472,9.633,LOT_012,False,0.364,35.2,0.3290000000000006,0.03579199303742391,0.013708333333333359,9.638250000000001,9.946197,0.0029527538617451932,False
C_00517,10.38,10.275,10.518,11.046,LOT_012,False,0.319,22.7,-0.10500000000000043,-0.010115606936416225,-0.004375000000000018,9.638250000000001,10.937363,0.004599740770128036,False
C_00518,9.839,9.385,9.459,9.938,LOT_012,False,0.362,34.5,-0.4540000000000006,-0.046142900701290845,-0.018916666666666693,9.638250000000001,9.994645,0.004233646657731799,False
C_00519,9.51,10.035,10.797,10.883,LOT_012,False,0.43,66.8,0.5250000000000004,0.055205047318612026,0.021875000000000016,9.638250000000001,10.40897,0.0025970130496554894,False
C_00520,9.645,9.688,9.724,9.498,LOT_012,False,0.328,24.6,0.04300000000000104,0.004458268532918718,0.0017916666666667098,9.638250000000001,9.974597,0.0019902567863464313,False
C_00521,8.123,8.381,8.618,8.808,LOT_013,False,0.362,34.5,0.2580000000000009,0.03176166440970096,0.010750000000000037,8.402325000000001,8.704125,0.0022439264191521525,False
C_00522,8.357,8.584,8.665,8.32,LOT_013,False,0.32,22.9,0.2270000000000003,0.02716285748474337,0.009458333333333346,8.402325000000001,8.796436,0.0014752521514892604,False
C_00523,9.439,9.104,9.303,9.394,LOT_013,False,0.353,31.6,-0.33500000000000085,-0.03549104778048531,-0.01395833333333337,8.402325000000001,9.537661,0.003011531935797803,False
C_00524,8.172,8.33,8.336,8.887,LOT_013,False,0.435,70.2,0.15799999999999947,0.01933431228585407,0.006583333333333312,8.402325000000001,8.692195,0.002515242629581027,False
C_00525,8.604,8.459,8.321,8.798,LOT_013,False,0.284,16.1,-0.14499999999999957,-0.01685262668526262,-0.006041666666666649,8.402325000000001,8.805202,0.0024041772948371065,False
C_00526,9.269,9.392,9.23,9.374,LOT_013,False,0.34,27.7,0.12299999999999933,0.013270039918006186,0.0051249999999999725,8.402325000000001,9.615378,0.0015512387487623463,False
C_00527,8.695,9.018,9.109,9.068,LOT_013,False,0.345,29.1,0.3230000000000004,0.037147786083956344,0.01345833333333335,8.402325000000001,9.055631,0.0002613241937425354,False
C_00528,8.749,8.18,8.479,8.814,LOT_013,False,0.415,57.8,-0.5690000000000008,-0.06503600411475606,-0.02370833333333337,8.402325000000001,8.738407,0.0038778273264567075,False
C_00529,9.608,12.126,15.238,18.116,LOT_013,True,0.677,745.9,2.517999999999999,0.2620732722731056,0.10491666666666662,8.402325000000001,18.447027,0.0438960222668118,True
C_00530,8.695,8.91,8.922,8.852,LOT_013,False,0.358,33.2,0.21499999999999986,0.02472685451408854,0.008958333333333327,8.402325000000001,9.051865,0.0009851710001627595,False
C_00531,8.062,8.206,8.155,8.584,LOT_013,False,0.359,33.4,0.14400000000000013,0.01786157281071696,0.006000000000000005,8.402325000000001,8.604255,0.0027656577958001063,False
C_00532,8.058,8.456,8.153,8.721,LOT_013,False,0.369,37.0,0.3979999999999997,0.049391908662199016,0.01658333333333332,8.402325000000001,8.6874485,0.0016072812610202398,False
C_00533,8.143,8.469,8.355,8.486,LOT_013,False,0.362,34.3,0.32599999999999874,0.040034385361660166,0.01358333333333328,8.402325000000001,8.690699,0.0015395737753974108,False
C_00534,8.361,8.536,8.976,9.357,LOT_013,False,0.396,48.2,0.17499999999999893,0.02093051070446106,0.0072916666666666225,8.402325000000001,8.796436,0.001808585484822594,False
C_00535,8.149,8.171,8.713,8.174,LOT_013,False,0.381,41.3,0.02200000000000024,0.0026997177567800027,0.0009166666666666767,8.402325000000001,8.618549,0.003107981575859922,False
C_00536,8.056,8.138,8.328,8.488,LOT_013,False,0.334,26.1,0.08200000000000074,0.010178748758689269,0.0034166666666666976,8.402325000000001,8.490307,0.0024465753767225484,False
C_00537,7.624,7.735,7.696,7.686,LOT_013,False,0.315,21.8,0.11100000000000065,0.014559286463798617,0.0046250000000000275,8.402325000000001,8.010908,0.0019160286585489887,False
C_00538,8.191,8.286,8.482,8.549,LOT_013,False,0.332,25.7,0.09499999999999886,0.011598095470638366,0.003958333333333286,8.402325000000001,8.600879,0.002186657746632897,False
C_00539,9.523,9.587,9.745,9.894,LOT_013,False,0.363,34.9,0.06400000000000006,0.006720571248556134,0.002666666666666669,8.402325000000001,9.743511,0.001086883332994251,False
C_00540,8.221,11.996,15.462,18.505,LOT_013,True,0.721,1156.3,3.7750000000000004,0.4591898795766939,0.1572916666666667,8.402325000000001,18.770502,0.04704515340593126,True
C_00541,8.642,8.601,8.691,8.347,LOT_013,False,0.313,21.3,-0.04099999999999859,-0.0047442721592222395,-0.0017083333333332746,8.402325000000001,8.840169,0.0016608955065409282,False
C_00542,7.895,7.813,8.156,8.19,LOT_013,False,0.411,55.7,-0.08199999999999985,-0.010386320455984782,-0.0034166666666666603,8.402325000000001,8.281874,0.0032560673819647915,False
C_00543,8.267,8.239,8.278,8.466,LOT_013,False,0.268,13.8,-0.027999999999998693,-0.003386960203217454,-0.0011666666666666121,8.402325000000001,8.618549,0.00263575935363769,False
C_00544,7.24,7.194,7.496,7.356,LOT_013,False,0.366,35.9,-0.04600000000000026,-0.0063535911602210305,-0.0019166666666666776,8.402325000000001,7.645401,0.003134729173448351,False
C_00545,7.956,11.727,15.925,19.087,LOT_013,True,0.73,1251.4,3.771,0.47398190045248867,0.157125,8.402325000000001,19.010696,0.05058122507731119,True
C_00546,8.178,8.111,8.163,8.336,LOT_013,False,0.263,13.0,-0.06700000000000017,-0.008192712154561037,-0.0027916666666666736,8.402325000000001,8.414503,0.00210766039954291,False
C_00547,8.251,7.803,7.983,8.256,LOT_013,False,0.305,19.6,-0.4479999999999995,-0.05429644891528294,-0.018666666666666647,8.402325000000001,8.2368965,0.0030131702423095708,False
C_00548,7.812,7.798,8.235,8.22,LOT_013,False,0.428,65.5,-0.014000000000000234,-0.0017921146953405317,-0.0005833333333333431,8.402325000000001,8.197024,0.0027710023985968693,False
C_00549,8.746,8.983,8.63,8.699,LOT_013,False,0.285,16.2,0.2370000000000001,0.027098101989480917,0.009875000000000004,8.402325000000001,9.078039,0.0006599942313300201,False
C_00550,8.36,8.408,8.735,8.749,LOT_013,False,0.353,31.4,0.04800000000000004,0.005741626794258378,0.0020000000000000018,8.402325000000001,8.752655,0.0023934377034505244,False
C_00551,9.089,9.322,9.385,9.168,LOT_013,False,0.347,29.6,0.23299999999999876,0.025635383430520273,0.009708333333333282,8.402325000000001,9.5822,0.0018069447941250329,False
C_00552,8.311,8.306,8.805,8.756,LOT_013,False,0.38,41.0,-0.005000000000000782,-0.0006016123210204285,-0.0002083333333333659,8.402325000000001,8.739369,0.0030095096694098635,False
C_00553,8.833,9.117,9.26,9.717,LOT_013,False,0.396,48.1,0.2840000000000007,0.03215215668515801,0.011833333333333362,8.402325000000001,9.394661,0.0019282010396321552,False
C_00554,7.697,7.525,7.96,8.007,LOT_013,False,0.342,28.4,-0.1719999999999997,-0.02234636871508376,-0.0071666666666666545,8.402325000000001,7.893858,0.0025615135828653945,False
C_00555,8.587,8.75,9.093,8.733,LOT_013,False,0.333,26.0,0.16300000000000026,0.018982182368696896,0.006791666666666678,8.402325000000001,8.90874,0.001102361414167616,False
C_00556,7.959,7.974,8.295,8.149,LOT_013,False,0.354,31.9,0.015000000000000568,0.001884658876743381,0.0006250000000000236,8.402325000000001,8.307802,0.002318070835537379,False
C_00557,8.38,8.737,8.287,8.389,LOT_013,False,0.296,18.1,0.3569999999999993,0.04260143198090684,0.014874999999999972,8.402325000000001,8.837073,0.0006949536535474982,False
C_00558,8.698,8.517,8.934,8.96,LOT_013,False,0.365,35.5,-0.18100000000000094,-0.020809381467004017,-0.007541666666666706,8.402325000000001,8.812368,0.002051169395446781,False
C_00559,8.297,8.363,9.096,9.172,LOT_013,False,0.447,79.1,0.06599999999999895,0.007954682415330715,0.002749999999999956,8.402325000000001,8.74224,0.002633610778384742,False
C_00560,8.796,8.84,8.952,9.008,LOT_013,False,0.36,33.9,0.04400000000000048,0.005002273760800419,0.0018333333333333535,8.402325000000001,9.128714,0.0020049556096394866,False
C_00561,10.199,10.32,11.164,10.947,LOT_014,False,0.418,59.4,0.12100000000000044,0.01186390822629674,0.005041666666666685,10.6098,10.8120365,0.003416920238071016,False
C_00562,9.81,9.631,10.344,10.377,LOT_014,False,0.363,34.7,-0.17900000000000027,-0.01824668705402653,-0.007458333333333345,10.6098,10.149856,0.003603163984086777,False
C_00563,11.045,11.643,11.58,11.283,LOT_014,False,0.298,18.4,0.5980000000000008,0.054142145767315596,0.024916666666666698,10.6098,11.43052,-0.0014755551550123475,False
C_00564,11.177,10.857,11.229,11.56,LOT_014,False,0.34,27.6,-0.3200000000000003,-0.028630222778921025,-0.013333333333333345,10.6098,11.472614,0.004275099224514436,False
C_00565,10.196,10.596,10.679,10.857,LOT_014,False,0.338,27.3,0.40000000000000036,0.03923107100823856,0.01666666666666668,10.6098,10.945457,0.0024267879062228725,False
C_00566,9.63,10.169,10.257,10.279,LOT_014,False,0.341,27.9,0.5389999999999997,0.055970924195223225,0.02245833333333332,10.6098,10.474296,0.0021201084454854297,False
C_00567,9.396,9.755,9.682,10.174,LOT_014,False,0.35,30.5,0.359,0.038207747977862916,0.014958333333333332,10.6098,10.18499,0.0029860411749945692,False
C_00568,10.81,10.767,10.301,11.229,LOT_014,False,0.276,14.8,-0.04300000000000104,-0.003977798334875211,-0.0017916666666667098,10.6098,11.295433,0.003669673919677738,False
C_00569,9.863,10.254,10.823,11.007,LOT_014,False,0.39,45.2,0.391,0.039643110615431416,0.016291666666666666,10.6098,10.606925,0.0024508681297302276,False
C_00570,10.948,10.839,11.362,11.467,LOT_014,False,0.382,41.7,-0.10899999999999999,-0.009956156375593715,-0.004541666666666666,10.6098,11.302846,0.003221152464548744,False
C_00571,10.728,10.725,10.67,11.086,LOT_014,False,0.227,9.2,-0.0030000000000001137,-0.0002796420581655587,-0.00012500000000000475,10.6098,11.225212,0.003473695119222008,False
C_00572,9.871,9.882,9.862,9.734,LOT_014,False,0.362,34.6,0.010999999999999233,0.001114375443217428,0.00045833333333330134,10.6098,10.346619,0.003226518419053822,False
C_00573,11.03,11.412,11.268,11.591,LOT_014,False,0.336,26.7,0.38200000000000145,0.03463281958295571,0.015916666666666728,10.6098,11.708334,0.002057874785529237,False
C_00574,11.424,11.735,12.014,11.804,LOT_014,False,0.282,15.7,0.31099999999999994,0.027223389355742294,0.01295833333333333,10.6098,12.130063,0.0027434934510125095,False
C_00575,11.068,11.475,11.977,11.986,LOT_014,False,0.385,43.0,0.40700000000000003,0.03677267799060355,0.016958333333333336,10.6098,11.86822,0.00273069673114353,False
C_00576,10.523,10.435,11.201,10.896,LOT_014,False,0.372,38.1,-0.08799999999999919,-0.008362634229782305,-0.0036666666666666328,10.6098,10.911518,0.003309153450859914,False
C_00577,10.438,10.762,11.697,11.106,LOT_014,False,0.43,66.7,0.32399999999999984,0.031040429200996342,0.013499999999999993,10.6098,11.221229,0.003189087496863468,False
C_00578,12.231,12.443,12.924,13.387,LOT_014,False,0.374,38.6,0.21199999999999974,0.01733300629547868,0.008833333333333323,10.6098,13.099811,0.004561184724171959,False
C_00579,9.966,9.985,10.284,10.617,LOT_014,False,0.381,41.7,0.019000000000000128,0.001906482038932383,0.000791666666666672,10.6098,10.548338,0.003912069002787276,False
C_00580,10.491,10.702,10.812,11.372,LOT_014,False,0.302,19.2,0.2110000000000003,0.020112477361548024,0.008791666666666679,10.6098,11.227887,0.0036519941223992244,False
C_00581,10.888,11.206,11.277,11.656,LOT_014,False,0.349,30.4,0.3179999999999996,0.029206465833945594,0.013249999999999984,10.6098,11.652742,0.003102377679612905,False
C_00582,9.832,10.152,10.421,10.504,LOT_014,False,0.39,45.1,0.3199999999999985,0.03254678600488187,0.013333333333333272,10.6098,10.577545,0.002955174763997401,False
C_00583,10.053,12.962,16.959,20.832,LOT_014,True,0.667,678.5,2.908999999999999,0.28936635830100454,0.12120833333333329,10.6098,20.868595,0.05490691057840983,True
C_00584,11.162,10.979,11.803,12.291,LOT_014,False,0.382,41.8,-0.1830000000000016,-0.016394911306217667,-0.007625000000000067,10.6098,11.695098,0.004972902244991732,False
C_00585,10.862,17.048,27.261,35.605,LOT_014,True,0.746,1473.2,6.185999999999998,0.5695083778309702,0.2577499999999999,10.6098,36.012196,0.13169580268859865,True
C_00586,9.98,9.96,10.065,10.442,LOT_014,False,0.325,24.0,-0.019999999999999574,-0.0020040080160320215,-0.0008333333333333156,10.6098,10.526349,0.003932979636722135,False
C_00587,11.049,11.356,11.725,12.002,LOT_014,False,0.362,34.3,0.3070000000000004,0.027785319938456003,0.012791666666666682,10.6098,11.70644,0.002433610916137696,False
C_00588,11.089,15.38,23.014,28.549,LOT_014,True,0.7,940.1,4.291,0.38696005050049603,0.17879166666666668,10.6098,28.631231,0.0920224396387736,True
C_00589,10.903,10.992,10.961,11.46,LOT_014,False,0.336,26.7,0.08900000000000041,0.008162890947445694,0.0037083333333333504,10.6098,11.546718,0.0038522058592902228,False
C_00590,10.076,10.454,10.811,10.514,LOT_014,False,0.415,58.1,0.3780000000000001,0.03751488685986504,0.015750000000000004,10.6098,10.901708,0.003109080897437197,False
C_00591,10.722,10.533,10.559,10.985,LOT_014,False,0.336,26.6,-0.18900000000000006,-0.01762730833799665,-0.007875000000000002,10.6098,11.018804,0.003373636086781823,False
C_00592,9.952,10.454,10.714,10.689,LOT_014,False,0.338,27.3,0.5020000000000007,0.05044212218649524,0.020916666666666694,10.6098,10.670355,0.0015024641884697765,False
C_00593,11.006,11.137,11.345,11.475,LOT_014,False,0.348,30.1,0.13100000000000023,0.011902598582591335,0.005458333333333343,10.6098,11.550094,0.002868705908457435,False
C_00594,10.608,11.269,11.269,11.427,LOT_014,False,0.301,18.9,0.6609999999999996,0.06231146304675712,0.02754166666666665,10.6098,11.4790745,0.0014588505427042635,False
C_00595,11.843,11.536,11.829,12.142,LOT_014,False,0.326,24.1,-0.3070000000000004,-0.025922485856624197,-0.012791666666666682,10.6098,11.910491,0.0026006318728129096,False
C_00596,10.786,10.767,11.629,11.402,LOT_014,False,0.414,57.4,-0.019000000000000128,-0.0017615427405896652,-0.000791666666666672,10.6098,11.267059,0.0034726342095269137,False
C_00597,10.783,10.641,10.918,10.642,LOT_014,False,0.244,10.9,-0.14199999999999946,-0.013168876935917598,-0.005916666666666644,10.6098,11.067451,0.002961461967892117,False
C_00598,10.729,10.443,10.918,11.043,LOT_014,False,0.351,31.0,-0.2859999999999996,-0.0266567247646565,-0.01191666666666665,10.6098,10.93668,0.0034283322228325763,False
C_00599,9.797,9.47,9.387,10.273,LOT_014,False,0.35,30.8,-0.32699999999999996,-0.03337756456057976,-0.013624999999999998,10.6098,10.076568,0.004212275346120194,False
C_00600,11.428,11.249,11.429,11.663,LOT_014,False,0.315,21.7,-0.17900000000000027,-0.01566328316415823,-0.007458333333333345,10.6098,11.871067,0.004319910049438473,False
C_00601,10.231,10.333,10.601,10.758,LOT_015,False,0.297,18.2,0.10200000000000031,0.009969699931580521,0.004250000000000013,10.54225,10.801165,0.003251143243577744,False
C_00602,10.138,11.19,11.019,11.379,LOT_015,False,0.348,30.1,1.0519999999999996,0.10376800157822051,0.043833333333333314,10.54225,11.688423,0.0034612719217936233,False
C_00603,10.229,10.641,10.583,10.808,LOT_015,False,0.323,23.5,0.4120000000000008,0.04027764199824038,0.0171666666666667,10.54225,10.925279,0.0019741573863559297,False
C_00604,11.025,11.311,11.527,11.464,LOT_015,False,0.274,14.6,0.2859999999999996,0.02594104308390019,0.01191666666666665,10.54225,11.652489,0.002371449364556207,False
C_00605,9.439,9.5,9.452,9.49,LOT_015,False,0.309,20.6,0.06099999999999994,0.006462548998834616,0.0025416666666666643,10.54225,10.013283,0.0035644637213812936,False
C_00606,10.758,10.688,11.234,11.463,LOT_015,False,0.385,43.0,-0.06999999999999851,-0.0065067856478898045,-0.0029166666666666043,10.54225,11.25637,0.003947011046939421,False
C_00607,12.243,11.693,12.047,12.199,LOT_015,False,0.28,15.4,-0.5500000000000007,-0.04492362982929026,-0.022916666666666696,10.54225,12.183191,0.0034041062461005345,False
C_00608,9.729,9.638,10.125,10.174,LOT_015,False,0.374,38.6,-0.0909999999999993,-0.009353479288724362,-0.0037916666666666377,10.54225,10.160039,0.0036252704726325146,False
C_00609,12.071,11.908,12.302,12.622,LOT_015,False,0.354,31.8,-0.16300000000000026,-0.01350343799188139,-0.006791666666666678,10.54225,12.438062,0.003680984126196971,False
C_00610,11.003,11.35,11.918,12.02,LOT_015,False,0.373,38.4,0.34699999999999953,0.031536853585385764,0.014458333333333314,10.54225,11.729462,0.002635150485568579,False
C_00611,11.282,15.603,24.068,30.386,LOT_015,True,0.688,832.0,4.321,0.3829994681794008,0.18004166666666666,10.54225,29.762356,0.09832885975307888,True
C_00612,9.929,10.175,10.486,10.443,LOT_015,False,0.317,22.1,0.24600000000000044,0.024775908953570392,0.010250000000000018,10.54225,10.599434,0.0029474576314290316,False
C_00613,9.355,9.864,9.965,10.088,LOT_015,False,0.353,31.5,0.5090000000000003,0.054409406734366686,0.021208333333333346,10.54225,10.15603,0.0020279840363396483,False
C_00614,10.427,10.561,10.547,11.243,LOT_015,False,0.346,29.5,0.13400000000000034,0.012851251558454046,0.005583333333333347,10.54225,11.048227,0.003383522987365723,False
C_00615,9.732,9.633,10.119,10.204,LOT_015,False,0.348,30.0,-0.0990000000000002,-0.010172626387176347,-0.004125000000000008,10.54225,10.160039,0.0036599926948547423,False
C_00616,9.81,10.286,10.631,10.898,LOT_015,False,0.395,47.5,0.4759999999999991,0.04852191641182457,0.019833333333333297,10.54225,10.627396,0.002370802985297312,False
C_00617,11.601,12.031,11.947,12.797,LOT_015,False,0.371,37.8,0.4299999999999997,0.03706577019222478,0.017916666666666654,10.54225,12.669472,0.0044338315327962195,False
C_00618,10.723,10.98,11.647,11.711,LOT_015,False,0.329,25.0,0.2569999999999997,0.02396717336566256,0.01070833333333332,10.54225,11.475986,0.0034443439377678737,False
C_00619,10.459,10.839,10.85,11.779,LOT_015,False,0.384,42.6,0.3800000000000008,0.036332345348503756,0.015833333333333366,10.54225,11.295725,0.003171700477600095,False
C_00620,10.509,10.635,11.041,11.064,LOT_015,False,0.265,13.3,0.12599999999999945,0.011989723094490383,0.005249999999999977,10.54225,11.048227,0.0028696340984768354,False
C_00621,10.009,10.331,10.75,10.867,LOT_015,False,0.355,32.2,0.3219999999999992,0.032171046058547224,0.013416666666666632,10.54225,10.800669,0.0032615883085462816,False
C_00622,11.143,11.377,11.575,11.784,LOT_015,False,0.24,10.5,0.23399999999999999,0.0209997307726824,0.00975,10.54225,11.907407,0.0036833806037902786,False
C_00623,11.445,10.896,11.631,11.881,LOT_015,False,0.358,33.1,-0.5489999999999995,-0.047968545216251594,-0.02287499999999998,10.54225,11.6708,0.005380557007259788,False
C_00624,10.322,10.443,10.81,11.346,LOT_015,False,0.383,42.3,0.12100000000000044,0.011722534392559625,0.005041666666666685,10.54225,10.939704,0.003449332926008439,False
C_00625,10.246,10.596,10.966,11.182,LOT_015,False,0.381,41.5,0.34999999999999964,0.03415967206714812,0.014583333333333318,10.54225,11.067631,0.0032752136654323996,False
C_00626,10.893,10.709,11.096,11.315,LOT_015,False,0.286,16.4,-0.18400000000000105,-0.016891581749747638,-0.0076666666666667105,10.54225,11.286554,0.004010794003804528,False
C_00627,9.667,9.83,10.369,10.597,LOT_015,False,0.417,58.9,0.16300000000000026,0.016861487534912616,0.006791666666666678,10.54225,10.297934,0.0032495387395222977,False
C_00628,9.943,10.3,10.255,11.081,LOT_015,False,0.394,47.0,0.3570000000000011,0.03590465654229117,0.014875000000000046,10.54225,10.762699,0.0032131883833143395,False
C_00629,11.362,11.54,11.39,11.741,LOT_015,False,0.275,14.6,0.17799999999999905,0.015666255940855398,0.007416666666666627,10.54225,11.962921,0.0029369523790147628,False
C_00630,10.857,11.247,11.303,11.76,LOT_015,False,0.319,22.6,0.39000000000000057,0.035921525283227465,0.016250000000000025,10.54225,11.701177,0.0031540044678582094,False
C_00631,9.104,9.323,9.91,10.41,LOT_015,False,0.405,52.4,0.2190000000000012,0.02405536028119521,0.00912500000000005,10.54225,9.958514,0.00441329314973619,False
C_00632,10.753,17.649,29.583,39.028,LOT_015,True,0.738,1363.7,6.896000000000001,0.6413094020273413,0.2873333333333334,10.54225,38.975574,0.1481012117597792,True
C_00633,10.465,10.726,10.882,11.157,LOT_015,False,0.308,20.3,0.261000000000001,0.024940277114190255,0.010875000000000043,10.54225,11.220975,0.003437325848473437,False
C_00634,11.113,11.332,11.985,11.661,LOT_015,False,0.323,23.5,0.2190000000000012,0.01970664986952229,0.00912500000000005,10.54225,11.811725,0.0033314212693108403,False
C_00635,10.857,10.714,10.969,11.295,LOT_015,False,0.367,36.0,-0.1429999999999989,-0.013171225937183284,-0.005958333333333288,10.54225,11.290549,0.00400381443235609,False
C_00636,10.305,16.127,25.997,34.64,LOT_015,True,0.725,1195.4,5.821999999999999,0.5649684619116933,0.2425833333333333,10.54225,27.649103,0.08001460531022814,True
C_00637,11.069,11.0,11.46,11.864,LOT_015,False,0.296,18.1,-0.06900000000000084,-0.006233625440419264,-0.002875000000000035,10.54225,11.613775,0.004262328147888184,False
C_00638,10.206,10.08,10.303,10.281,LOT_015,False,0.315,21.7,-0.12599999999999945,-0.012345679012345625,-0.005249999999999977,10.54225,10.507475,0.002968575689527723,False
C_00639,10.369,10.501,10.799,11.157,LOT_015,False,0.34,27.7,0.13199999999999967,0.012730253640659628,0.005499999999999987,10.54225,11.048227,0.003800189654032393,False
C_00640,10.869,11.385,11.652,11.596,LOT_015,False,0.382,41.9,0.516,0.04747446867237096,0.021500000000000002,10.54225,11.539365,0.001071977880265979,False
C_00641,10.515,10.63,10.641,11.006,LOT_016,False,0.369,36.9,0.11500000000000021,0.010936757013789844,0.004791666666666676,9.690175,11.054417,0.0029473378923204154,False
C_00642,8.891,8.985,8.927,9.205,LOT_016,False,0.328,24.8,0.09399999999999942,0.010572489033854394,0.003916666666666642,9.690175,9.308736,0.0022481656074523964,False
C_00643,7.685,8.047,8.395,8.106,LOT_016,False,0.331,25.3,0.362000000000001,0.04710474951203657,0.015083333333333374,9.690175,8.260556,0.0014830293125576402,False
C_00644,8.863,9.293,9.462,9.406,LOT_016,False,0.415,57.9,0.4299999999999997,0.04851630373462707,0.017916666666666654,9.690175,9.657728,0.0025328346888224334,False
C_00645,9.881,9.702,10.466,10.294,LOT_016,False,0.325,24.0,-0.17900000000000027,-0.018115575346624863,-0.007458333333333345,9.690175,10.103641,0.0027891705301072867,False
C_00646,9.391,9.666,9.465,9.37,LOT_016,False,0.274,14.6,0.27500000000000036,0.02928335640506872,0.011458333333333348,9.690175,10.000748,0.0023246366712782094,False
C_00647,9.438,9.542,9.319,9.768,LOT_016,False,0.432,68.5,0.1039999999999992,0.01101928374655639,0.0043333333333333,9.690175,9.984608,0.0030736645592583565,False
C_00648,9.634,9.479,9.912,10.122,LOT_016,False,0.348,29.9,-0.15500000000000114,-0.016088851982561877,-0.006458333333333381,9.690175,9.989551,0.003545490211910677,False
C_00649,10.062,10.266,10.411,10.594,LOT_016,False,0.354,32.0,0.20400000000000063,0.02027429934406685,0.008500000000000027,9.690175,10.744666,0.00332407013575236,False
C_00650,10.025,10.238,10.533,10.533,LOT_016,False,0.353,31.5,0.2129999999999992,0.021246882793017376,0.008874999999999966,9.690175,10.702602,0.0032264054616292347,False
C_00651,8.659,8.803,8.999,8.896,LOT_016,False,0.284,16.1,0.14400000000000013,0.016630095854024727,0.006000000000000005,9.690175,9.04063,0.0016502106984456323,False
C_00652,10.141,9.995,10.135,10.646,LOT_016,False,0.328,24.7,-0.1460000000000008,-0.014397002268020983,-0.006083333333333367,9.690175,10.500531,0.0035106333096822156,False
C_00653,10.223,10.213,10.602,10.675,LOT_016,False,0.387,44.0,-0.010000000000001563,-0.0009781864423360621,-0.0004166666666667318,9.690175,10.729483,0.003586685074700255,False
C_00654,9.612,9.291,9.699,10.343,LOT_016,False,0.365,35.3,-0.32099999999999973,-0.033395755305867636,-0.01337499999999999,9.690175,9.958022,0.00463209803899129,False
C_00655,9.329,9.509,9.816,9.605,LOT_016,False,0.315,21.7,0.17999999999999972,0.019294672526530145,0.0074999999999999884,9.690175,9.915791,0.002824934429592554,False
C_00656,10.734,10.465,10.57,10.515,LOT_016,False,0.392,46.3,-0.26900000000000013,-0.02506055524501585,-0.01120833333333334,9.690175,10.824163,0.002494190533955893,False
C_00657,10.592,10.43,11.181,11.107,LOT_016,False,0.418,59.7,-0.1620000000000008,-0.015294561933534819,-0.006750000000000034,9.690175,10.880829,0.0031307559543185784,False
C_00658,9.841,9.984,9.889,10.208,LOT_016,False,0.371,37.6,0.14300000000000068,0.01453104359313085,0.0059583333333333615,9.690175,10.387813,0.0028042542669508195,False
C_00659,8.599,8.774,8.68,9.031,LOT_016,False,0.38,40.9,0.17499999999999893,0.020351203628328752,0.0072916666666666225,9.690175,9.031826,0.001790458467271599,False
C_00660,8.467,8.981,8.532,8.968,LOT_016,False,0.355,32.1,0.5139999999999993,0.06070627140663745,0.02141666666666664,9.690175,9.02796,0.0003261098861694345,False
C_00661,9.938,10.121,10.678,11.007,LOT_016,False,0.362,34.4,0.18299999999999983,0.018414167840611773,0.007624999999999993,9.690175,10.544606,0.0029417097833421466,False
C_00662,9.108,13.041,18.056,22.189,LOT_016,True,0.712,1052.8,3.933,0.43181818181818177,0.163875,9.690175,22.548662,0.06602543184492322,True
C_00663,10.03,10.164,10.365,10.525,LOT_016,False,0.319,22.7,0.13400000000000034,0.013359920239282189,0.005583333333333347,9.690175,10.612592,0.003115220440758601,False
C_00664,9.242,9.411,9.96,10.028,LOT_016,False,0.404,51.9,0.1689999999999987,0.01828608526292996,0.007041666666666613,9.690175,9.867808,0.003172280152638756,False
C_00665,9.83,10.452,10.799,10.535,LOT_016,False,0.38,41.2,0.6219999999999999,0.06327568667344861,0.02591666666666666,9.690175,10.698168,0.0017094986173841692,False
C_00666,9.491,9.087,9.498,9.627,LOT_016,False,0.351,30.9,-0.4039999999999999,-0.04256664208197239,-0.01683333333333333,9.690175,9.67593,0.004089791827731664,False
C_00667,10.053,9.751,10.296,10.449,LOT_016,False,0.362,34.5,-0.3020000000000014,-0.030040783845618358,-0.01258333333333339,9.690175,10.325236,0.003987752225663931,False
C_00668,10.283,13.623,19.571,23.558,LOT_016,True,0.707,999.8,3.34,0.32480793542740444,0.13916666666666666,9.690175,23.281183,0.06707071696387397,True
C_00669,10.315,10.638,10.993,10.769,LOT_016,False,0.37,37.3,0.3230000000000004,0.03131362094037813,0.01345833333333335,9.690175,11.072851,0.0030197998682657884,False
C_00670,10.02,12.168,15.16,17.558,LOT_016,True,0.632,483.4,2.1479999999999997,0.21437125748502991,0.08949999999999998,9.690175,17.016903,0.03367293696933323,True
C_00671,9.316,9.883,9.721,10.188,LOT_016,False,0.362,34.3,0.5669999999999984,0.060863031343924255,0.023624999999999934,9.690175,10.216128,0.0023133913146125007,False
C_00672,9.798,10.067,10.048,10.106,LOT_016,False,0.347,29.8,0.26900000000000013,0.027454582567871005,0.01120833333333334,9.690175,10.386935,0.0022217724588182225,False
C_00673,10.042,10.439,10.943,11.065,LOT_016,False,0.399,49.4,0.39700000000000024,0.03953395737900819,0.016541666666666677,9.690175,10.793813,0.0024639774428473573,False
C_00674,9.757,9.259,9.331,9.561,LOT_016,False,0.313,21.3,-0.49799999999999933,-0.05104027877421332,-0.020749999999999973,9.690175,9.804455,0.0037878805796305315,False
C_00675,10.081,10.333,9.946,10.681,LOT_016,False,0.367,36.3,0.25200000000000067,0.024997520087292995,0.010500000000000028,9.690175,10.744666,0.002858792357974581,False
C_00676,10.075,10.336,9.898,10.305,LOT_016,False,0.297,18.2,0.261000000000001,0.02590570719602988,0.010875000000000043,9.690175,10.744666,0.0028379590246412466,False
C_00677,9.792,10.247,10.578,10.164,LOT_016,False,0.381,41.5,0.45500000000000007,0.046466503267973865,0.018958333333333337,9.690175,10.5204315,0.0018988299899631083,False
C_00678,10.35,10.017,10.374,10.513,LOT_016,False,0.34,27.7,-0.3330000000000002,-0.03217391304347828,-0.013875000000000007,9.690175,10.535238,0.003598876847161191,False
C_00679,9.431,9.748,9.164,9.588,LOT_016,False,0.323,23.4,0.31700000000000017,0.03361255434206343,0.013208333333333341,9.690175,10.114643,0.002546132617526589,False
C_00680,10.073,10.258,10.457,10.576,LOT_016,False,0.312,21.2,0.18499999999999872,0.01836592872034138,0.00770833333333328,9.690175,10.702602,0.003087516572740349,False
C_00681,9.642,10.202,10.892,11.002,LOT_017,False,0.396,48.2,0.5600000000000005,0.058079236672889493,0.023333333333333355,9.911125,10.6343155,0.003002190907796224,False
C_00682,9.334,9.892,9.97,10.987,LOT_017,False,0.42,60.9,0.5579999999999998,0.059781444182558374,0.023249999999999993,9.911125,10.426083,0.003708907021416562,False
C_00683,10.308,10.682,10.816,11.368,LOT_017,False,0.372,38.1,0.37400000000000055,0.03628249902987976,0.015583333333333357,9.911125,11.300945,0.004298231124877927,False
C_00684,10.814,10.949,11.458,11.508,LOT_017,False,0.365,35.4,0.1349999999999998,0.012483817273904178,0.005624999999999991,9.911125,11.543315,0.004127187040117053,False
C_00685,9.523,12.531,18.626,22.958,LOT_017,True,0.669,693.4,3.008000000000001,0.3158668486821381,0.12533333333333338,9.911125,22.538132,0.0694939702351888,True
C_00686,11.257,10.931,11.286,11.671,LOT_017,False,0.382,42.0,-0.3260000000000005,-0.028959758372568225,-0.013583333333333355,9.911125,11.641664,0.004935163550906717,False
C_00687,8.716,8.765,8.813,9.184,LOT_017,False,0.342,28.2,0.049000000000001265,0.0056218448829739864,0.0020416666666667194,9.911125,9.051162,0.001987234486473927,False
C_00688,9.324,9.5,9.844,9.798,LOT_017,False,0.33,25.2,0.17600000000000016,0.018876018876018894,0.00733333333333334,9.911125,9.933066,0.003007405334048801,False
C_00689,9.333,14.105,22.163,28.906,LOT_017,True,0.706,994.0,4.772,0.5113039751419693,0.19883333333333333,9.911125,28.629517,0.1008646986219618,True
C_00690,9.91,9.71,10.295,10.492,LOT_017,False,0.353,31.5,-0.1999999999999993,-0.020181634712411634,-0.008333333333333304,9.911125,10.11661,0.00282367759280734,False
C_00691,10.598,10.705,10.883,11.137,LOT_017,False,0.344,28.8,0.10699999999999932,0.010096244574447945,0.004458333333333305,9.911125,11.243308,0.003738250467512342,False
C_00692,10.433,10.287,10.629,10.583,LOT_017,False,0.348,30.1,-0.14599999999999902,-0.013994057318125086,-0.006083333333333292,9.911125,10.837056,0.0038198344442579423,False
C_00693,9.378,9.204,9.691,10.23,LOT_017,False,0.355,32.2,-0.1739999999999995,-0.018554062699935966,-0.007249999999999979,9.911125,9.735465,0.0036907295121086925,False
C_00694,10.737,10.738,11.212,11.213,LOT_017,False,0.363,34.9,0.0009999999999994458,9.313588525653775e-05,4.166666666664357e-05,9.911125,11.33109,0.004118680371178524,False
C_00695,9.975,9.976,10.843,11.229,LOT_017,False,0.36,33.7,0.0010000000000012221,0.00010025062656653856,4.166666666671759e-05,9.911125,10.516262,0.003751819822523323,False
C_00696,9.446,9.086,9.476,9.685,LOT_017,False,0.319,22.6,-0.35999999999999943,-0.03811136989201773,-0.014999999999999977,9.911125,9.666636,0.004032197687360973,False
C_00697,10.007,9.845,10.067,9.995,LOT_017,False,0.287,16.6,-0.16199999999999903,-0.01618866793244719,-0.00674999999999996,9.911125,10.350639,0.003511384328206376,False
C_00698,10.927,10.585,11.036,11.458,LOT_017,False,0.365,35.6,-0.34199999999999875,-0.031298618101949185,-0.014249999999999948,9.911125,11.107917,0.0036313668886820416,False
C_00699,10.476,10.655,11.085,11.185,LOT_017,False,0.343,28.5,0.1789999999999985,0.017086674303169003,0.007458333333333271,9.911125,11.072851,0.0029017443127102365,False
C_00700,10.244,10.266,10.935,11.067,LOT_017,False,0.342,28.4,0.02200000000000024,0.0021475985942991257,0.0009166666666666767,9.911125,10.833566,0.003941428555382622,False
C_00701,10.176,10.398,10.694,10.956,LOT_017,False,0.346,29.6,0.22199999999999953,0.02181603773584901,0.00924999999999998,9.911125,10.8056345,0.0028307951291402203,False
C_00702,9.726,9.625,9.89,10.056,LOT_017,False,0.323,23.4,-0.10100000000000087,-0.010384536294468524,-0.0042083333333333695,9.911125,10.179465,0.003850453429751926,False
C_00703,10.413,10.321,11.242,12.125,LOT_017,False,0.451,82.5,-0.09200000000000053,-0.008835109958705515,-0.0038333333333333552,9.911125,10.937363,0.004280296325683596,False
C_00704,7.068,7.727,7.339,8.077,LOT_017,False,0.377,39.9,0.6590000000000007,0.09323712507074147,0.027458333333333362,9.911125,8.119931,0.002728689034779864,False
C_00705,8.647,8.831,8.913,8.864,LOT_017,False,0.368,36.5,0.18399999999999928,0.021279056320110935,0.007666666666666637,9.911125,9.121124,0.002014751858181427,False
C_00706,10.708,11.115,11.397,12.11,LOT_017,False,0.395,47.6,0.40700000000000003,0.03800896525961898,0.016958333333333336,9.911125,11.5785675,0.0032192187839084185,False
C_00707,9.035,9.304,9.325,9.892,LOT_017,False,0.381,41.5,0.26900000000000013,0.02977310459324849,0.01120833333333334,9.911125,9.864786,0.003894348250495061,False
C_00708,10.041,10.336,10.797,10.825,LOT_017,False,0.365,35.5,0.29499999999999993,0.02937954387013245,0.012291666666666664,9.911125,10.751735,0.0028870467609829354,False
C_00709,9.772,10.079,10.218,10.317,LOT_017,False,0.324,23.8,0.3070000000000004,0.03141629144494478,0.012791666666666682,9.911125,10.390428,0.002162691593170162,False
C_00710,9.733,9.931,9.797,10.373,LOT_017,False,0.284,16.1,0.19799999999999862,0.02034316243706962,0.008249999999999943,9.911125,10.394092,0.003215913931528733,False
C_00711,9.759,9.83,9.86,9.715,LOT_017,False,0.31,20.8,0.07099999999999973,0.0072753355876626425,0.002958333333333322,9.911125,10.267654,0.003039266798231336,False
C_00712,9.911,10.351,10.208,10.27,LOT_017,False,0.339,27.6,0.4400000000000013,0.04439511653718104,0.018333333333333385,9.911125,10.59951,0.0017257652282714783,False
C_00713,8.992,9.01,9.037,9.418,LOT_017,False,0.339,27.5,0.017999999999998906,0.002001779359430483,0.0007499999999999544,9.911125,9.427235,0.002897462844848634,False
C_00714,10.429,9.79,10.823,11.517,LOT_017,False,0.357,32.7,-0.6390000000000011,-0.06127145459775636,-0.026625000000000048,9.911125,10.437985,0.0044998987515767475,False
C_00715,10.052,10.077,10.248,10.559,LOT_017,False,0.35,30.5,0.025000000000000355,0.0024870672502984837,0.0010416666666666814,9.911125,10.512598,0.003024986373053657,False
C_00716,11.493,11.968,12.711,12.388,LOT_017,False,0.356,32.5,0.47499999999999964,0.04132950491603581,0.019791666666666652,9.911125,12.33195,0.002527431858910455,False
C_00717,9.945,9.908,10.831,11.236,LOT_017,False,0.405,52.3,-0.03700000000000081,-0.003720462543992037,-0.0015416666666667005,9.911125,10.44549,0.0037325686348809173,False
C_00718,10.798,11.041,11.406,11.79,LOT_017,False,0.381,41.3,0.24300000000000033,0.02250416743841455,0.010125000000000014,9.911125,11.5920315,0.003826607492234969,False
C_00719,9.164,9.251,9.565,9.705,LOT_017,False,0.321,23.0,0.08699999999999974,0.009493670886075922,0.0036249999999999893,9.911125,9.683467,0.0030032424396938787,False
C_00720,10.201,9.545,10.898,10.66,LOT_017,False,0.316,22.0,-0.6560000000000006,-0.06430742084109406,-0.02733333333333336,9.911125,10.257003,0.004944464100731744,False
C_00721,9.339,12.983,19.296,23.973,LOT_018,True,0.683,793.6,3.644,0.3901916693436128,0.15183333333333335,9.47135,23.669977,0.07421511936187744,True
C_00722,9.927,10.339,11.247,11.404,LOT_018,False,0.452,82.6,0.4120000000000008,0.041502971693361625,0.0171666666666667,9.47135,10.669141,0.0022926445537143256,False
C_00723,8.419,8.806,8.731,8.592,LOT_018,False,0.303,19.3,0.3869999999999987,0.04596745456705056,0.016124999999999945,9.47135,8.942813,0.0009500897195604171,False
C_00724,9.962,10.528,10.529,11.141,LOT_018,False,0.395,47.6,0.5660000000000007,0.056815900421602165,0.023583333333333362,9.47135,10.946404,0.0029055865075853105,False
C_00725,9.221,9.201,9.27,9.84,LOT_018,False,0.358,33.2,-0.019999999999999574,-0.0021689621516104082,-0.0008333333333333156,9.47135,9.709428,0.003530748844146725,False
C_00726,9.085,9.116,9.215,9.886,LOT_018,False,0.335,26.4,0.030999999999998806,0.0034122179416619484,0.001291666666666617,9.47135,9.706472,0.004100502755906849,False
C_00727,9.525,9.857,10.095,10.498,LOT_018,False,0.385,43.3,0.33199999999999896,0.034855643044619314,0.01383333333333329,9.47135,10.231086,0.0025978178977966357,False
C_00728,9.035,8.802,9.36,9.54,LOT_018,False,0.297,18.2,-0.23300000000000054,-0.025788599889319374,-0.009708333333333355,9.47135,9.31966,0.0035948624081081843,False
C_00729,9.105,9.216,9.223,9.488,LOT_018,False,0.328,24.8,0.11099999999999888,0.01219110378912673,0.004624999999999953,9.47135,9.67346,0.003176805602179638,False
C_00730,9.522,9.801,10.054,10.258,LOT_018,False,0.319,22.7,0.2789999999999999,0.029300567107750464,0.011624999999999996,9.47135,10.231086,0.002986706786685519,False
C_00731,10.379,10.409,10.639,11.126,LOT_018,False,0.379,40.8,0.030000000000001137,0.0028904518739764078,0.0012500000000000473,9.47135,10.93247,0.0036352105670505053,False
C_00732,9.593,9.886,9.883,10.225,LOT_018,False,0.292,17.3,0.29299999999999926,0.030543104346919554,0.012208333333333302,9.47135,10.261447,0.002607270505693229,False
C_00733,10.049,10.068,10.262,10.848,LOT_018,False,0.398,49.1,0.019000000000000128,0.001890735396556884,0.000791666666666672,9.47135,10.509106,0.003063233905368384,False
C_00734,10.009,9.906,10.437,10.628,LOT_018,False,0.431,67.4,-0.10299999999999976,-0.010290738335498028,-0.004291666666666656,9.47135,10.560023,0.004541828526390919,False
C_00735,9.214,12.67,18.285,22.952,LOT_018,True,0.677,751.3,3.4559999999999995,0.3750813978728022,0.144,9.47135,23.10179,0.07244298246171739,True
C_00736,10.105,10.143,10.345,10.882,LOT_018,False,0.412,56.2,0.038000000000000256,0.003760514596734315,0.001583333333333344,9.47135,10.681428,0.0037390830251905604,False
C_00737,10.353,10.784,11.464,11.56,LOT_018,False,0.397,48.7,0.43100000000000094,0.04163044528156099,0.01795833333333337,9.47135,11.2721815,0.003390149381425641,False
C_00738,9.211,9.418,9.702,10.176,LOT_018,False,0.337,26.9,0.20699999999999896,0.022473129953316573,0.008624999999999957,9.47135,9.867808,0.003123669041527647,False
C_00739,9.569,9.717,9.623,9.825,LOT_018,False,0.315,21.8,0.1479999999999997,0.015466610931131745,0.006166666666666654,9.47135,10.03149,0.002183960596720374,False
C_00740,9.606,9.84,9.993,10.236,LOT_018,False,0.363,34.6,0.23399999999999999,0.024359775140537162,0.00975,9.47135,10.233702,0.0027340396245320647,False
C_00741,10.589,10.868,11.246,11.307,LOT_018,False,0.302,19.1,0.2789999999999999,0.026348097081877412,0.011624999999999996,9.47135,11.298307,0.0029882459640502906,False
C_00742,9.576,12.749,18.735,23.369,LOT_018,True,0.676,739.8,3.173,0.33134920634920634,0.13220833333333334,9.47135,21.98511,0.06413964811960855,True
C_00743,9.142,9.711,9.34,10.313,LOT_018,False,0.374,38.9,0.5690000000000008,0.06224021001968944,0.02370833333333337,9.47135,9.893243,0.0012655752499898254,False
C_00744,10.381,9.406,10.147,9.785,LOT_018,False,0.314,21.6,-0.9749999999999996,-0.09392158751565356,-0.04062499999999999,9.47135,10.176318,0.005349431726667612,False
C_00745,9.313,9.05,9.791,9.682,LOT_018,False,0.355,32.2,-0.2629999999999999,-0.02824009449157091,-0.010958333333333329,9.47135,9.457467,0.002829632494184701,False
C_00746,10.422,10.155,10.545,10.779,LOT_018,False,0.347,29.8,-0.26700000000000124,-0.025618883131836617,-0.011125000000000052,9.47135,10.656834,0.003484955893622509,False
C_00747,9.519,9.927,9.932,10.054,LOT_018,False,0.357,32.8,0.4079999999999995,0.04286164513079099,0.016999999999999977,9.47135,10.343428,0.0028918587366739937,False
C_00748,9.246,9.01,9.294,8.817,LOT_018,False,0.294,17.7,-0.23600000000000065,-0.025524551157257262,-0.00983333333333336,9.47135,9.389782,0.002637374666002063,False
C_00749,9.104,8.913,9.657,9.677,LOT_018,False,0.331,25.4,-0.19099999999999895,-0.020979789103690572,-0.00795833333333329,9.47135,9.421682,0.0035325163735283726,False
C_00750,9.029,8.851,8.69,9.062,LOT_018,False,0.291,17.2,-0.17799999999999905,-0.019714254070218082,-0.007416666666666627,9.47135,9.369999,0.0036041592491997555,False
C_00751,9.873,9.764,10.011,10.51,LOT_018,False,0.374,38.8,-0.10899999999999999,-0.011040210675579863,-0.004541666666666666,9.47135,10.374532,0.004239803791046147,False
C_00752,8.379,8.375,8.611,9.146,LOT_018,False,0.378,40.3,-0.0039999999999995595,-0.0004773839360305,-0.0001666666666666483,9.47135,8.849316,0.00329385863410102,False
C_00753,9.541,9.992,10.384,10.189,LOT_018,False,0.343,28.7,0.4510000000000005,0.04726967823079347,0.01879166666666669,9.47135,10.270347,0.0019329627884758782,False
C_00754,8.924,9.506,9.925,10.034,LOT_018,False,0.324,23.8,0.5820000000000007,0.06521739130434791,0.024250000000000032,9.47135,9.707877,0.0014019247161017507,False
C_00755,9.216,9.083,9.56,9.961,LOT_018,False,0.325,23.9,-0.13299999999999912,-0.014431423611111016,-0.00554166666666663,9.47135,9.791223,0.0049182123078240275,False
C_00756,8.526,8.766,8.662,9.002,LOT_018,False,0.296,18.1,0.2400000000000002,0.028149190710767092,0.010000000000000009,9.47135,9.031826,0.0018460140228271484,False
C_00757,9.23,8.972,9.295,9.235,LOT_018,False,0.334,26.2,-0.2580000000000009,-0.02795232936078016,-0.010750000000000037,9.47135,9.389782,0.0029012635548909538,False
C_00758,8.995,9.374,9.761,10.224,LOT_018,False,0.394,47.1,0.37900000000000134,0.04213451917732089,0.01579166666666672,9.47135,9.820962,0.003103902445899112,False
C_00759,9.458,9.614,9.871,10.52,LOT_018,False,0.379,40.6,0.15600000000000058,0.016493973355889254,0.006500000000000024,9.47135,10.045064,0.0029934998088412762,False
C_00760,9.163,9.763,9.195,9.381,LOT_018,False,0.246,11.1,0.5999999999999996,0.06548073774964527,0.024999999999999984,9.47135,9.888166,0.0008692113028632277,False
C_00761,6.981,7.191,6.946,7.148,LOT_019,False,0.295,17.9,0.20999999999999996,0.030081650193382034,0.008749999999999999,7.41795,7.36429,0.0012034044265747082,False
C_00762,7.355,7.433,7.306,7.678,LOT_019,False,0.329,25.0,0.0779999999999994,0.010605030591434316,0.003249999999999975,7.41795,7.693998,0.0018124851385752372,False
C_00763,7.465,7.337,7.453,7.495,LOT_019,False,0.322,23.2,-0.1280000000000001,-0.0171466845277964,-0.005333333333333338,7.41795,7.647737,0.0021578960153791657,False
C_00764,7.899,8.051,8.078,8.384,LOT_019,False,0.321,23.1,0.15200000000000014,0.01924294214457528,0.006333333333333339,7.41795,8.361302,0.002154877609676784,False
C_00765,6.718,7.106,7.07,7.139,LOT_019,False,0.305,19.7,0.3879999999999999,0.05775528431080677,0.016166666666666663,7.41795,7.267994,0.0011249578264024532,False
C_00766,7.301,9.293,12.248,14.737,LOT_019,True,0.649,570.5,1.991999999999999,0.2728393370771126,0.08299999999999996,7.41795,14.613001,0.03694445048438179,True
C_00767,7.747,7.651,7.603,7.991,LOT_019,False,0.291,17.2,-0.09600000000000009,-0.0123918936362463,-0.0040000000000000036,7.41795,7.9607964,0.0021513635847303617,False
C_00768,8.089,8.401,8.429,8.618,LOT_019,False,0.364,35.2,0.3119999999999994,0.0385708987513907,0.012999999999999975,7.41795,8.7875395,0.002684301959143746,False
C_00769,6.409,6.522,6.768,6.927,LOT_019,False,0.401,50.6,0.11300000000000043,0.017631455765330074,0.004708333333333352,7.41795,7.035061,0.003562922795613605,False
C_00770,8.077,8.251,9.06,9.322,LOT_019,False,0.434,69.4,0.1739999999999995,0.021542651974743036,0.007249999999999979,7.41795,8.668034,0.002896066665649418,False
C_00771,7.469,7.582,7.248,7.757,LOT_019,False,0.331,25.4,0.11299999999999955,0.015129200696210944,0.004708333333333314,7.41795,7.8553205,0.001898058705859715,False
C_00772,7.751,8.267,8.124,8.034,LOT_019,False,0.276,14.9,0.5159999999999991,0.06657205521868134,0.021499999999999964,7.41795,8.431723,0.0011439072291056353,False
C_00773,6.311,6.023,6.316,6.566,LOT_019,False,0.307,20.0,-0.28800000000000026,-0.0456346062430677,-0.01200000000000001,7.41795,6.7837048,0.005282671928405764,False
C_00774,7.423,7.544,7.887,7.709,LOT_019,False,0.353,31.4,0.12099999999999955,0.016300687053751792,0.005041666666666648,7.41795,7.8586974,0.002185398711098568,False
C_00775,7.57,7.832,7.976,7.926,LOT_019,False,0.341,28.1,0.26199999999999957,0.03461030383091143,0.01091666666666665,7.41795,8.165199,0.0023138838873969195,False
C_00776,7.983,8.092,7.99,8.594,LOT_019,False,0.317,22.1,0.10900000000000087,0.013654014781410607,0.004541666666666703,7.41795,8.401697,0.0021506747139824725,False
C_00777,7.79,7.806,8.252,8.343,LOT_019,False,0.325,24.0,0.016000000000000014,0.002053915275994867,0.0006666666666666673,7.41795,8.308316,0.003488307158152262,False
C_00778,7.591,7.941,7.88,8.359,LOT_019,False,0.338,27.4,0.34999999999999964,0.04610723224871554,0.014583333333333318,7.41795,8.181816,0.0016723340352376313,False
C_00779,7.322,7.519,7.921,7.9,LOT_019,False,0.38,41.2,0.19700000000000006,0.026905217153783127,0.008208333333333337,7.41795,7.860275,0.0023699638313717302,False
C_00780,7.627,7.48,7.707,7.903,LOT_019,False,0.385,42.9,-0.14699999999999935,-0.0192736331454044,-0.006124999999999973,7.41795,7.873775,0.0027345486481984427,False
C_00781,6.894,6.91,7.278,7.426,LOT_019,False,0.329,24.9,0.016000000000000014,0.0023208587177255603,0.0006666666666666673,7.41795,7.2721415,0.002514871226416693,False
C_00782,7.014,7.023,7.296,7.442,LOT_019,False,0.33,25.2,0.008999999999999453,0.001283147989734738,0.0003749999999999772,7.41795,7.4449544,0.0029302388562096513,False
C_00783,7.455,7.436,7.708,7.967,LOT_019,False,0.387,44.0,-0.019000000000000128,-0.0025486250838363685,-0.000791666666666672,7.41795,7.870323,0.003016133202446832,False
C_00784,7.049,7.351,7.579,7.503,LOT_019,False,0.324,23.8,0.3019999999999996,0.04284295644772302,0.012583333333333316,7.41795,7.43865,0.000608681466844347,False
C_00785,7.988,7.557,7.65,7.852,LOT_019,False,0.269,13.9,-0.43100000000000005,-0.05395593390085128,-0.017958333333333337,7.41795,7.9804225,0.0029404340055253744,False
C_00786,8.187,7.938,7.751,8.046,LOT_019,False,0.264,13.2,-0.24899999999999967,-0.030414071088310696,-0.010374999999999987,7.41795,8.301498,0.0025242945353190125,False
C_00787,7.765,7.899,8.363,8.256,LOT_019,False,0.312,21.1,0.13400000000000034,0.017256922086284654,0.005583333333333347,7.41795,8.202996,0.0021110850969950357,False
C_00788,6.866,7.036,6.911,7.27,LOT_019,False,0.275,14.7,0.16999999999999993,0.02475968540635012,0.00708333333333333,7.41795,7.31702,0.0019515273571014432,False
C_00789,7.556,7.071,7.404,7.737,LOT_019,False,0.307,20.1,-0.4850000000000003,-0.06418740074113291,-0.020208333333333345,7.41795,7.670324,0.004161971171696983,False
C_00790,7.652,7.855,8.318,8.564,LOT_019,False,0.399,49.4,0.2030000000000003,0.02652901202300056,0.008458333333333345,7.41795,8.22513,0.002570347785949704,False
C_00791,6.926,7.163,7.343,7.359,LOT_019,False,0.313,21.4,0.2370000000000001,0.03421888535951489,0.009875000000000004,7.41795,7.36429,0.0013978488710191497,False
C_00792,8.661,12.339,18.978,23.792,LOT_019,True,0.696,899.3,3.678000000000001,0.42466227918254257,0.15325000000000003,7.41795,23.345722,0.07643557082282172,True
C_00793,6.619,6.443,6.875,6.784,LOT_019,False,0.285,16.3,-0.17600000000000016,-0.026590119353376667,-0.00733333333333334,7.41795,6.8855214,0.003073065360387169,False
C_00794,6.846,7.27,7.356,7.432,LOT_019,False,0.375,39.1,0.4239999999999995,0.06193397604440542,0.017666666666666647,7.41795,7.267472,-1.7557011710269935e-05,False
C_00795,7.665,7.401,7.928,7.837,LOT_019,False,0.365,35.6,-0.26400000000000023,-0.034442270058708445,-0.01100000000000001,7.41795,7.693807,0.002033382813135784,False
C_00796,7.846,8.132,8.093,8.359,LOT_019,False,0.396,47.9,0.2859999999999996,0.03645169513127703,0.01191666666666665,7.41795,8.416801,0.0019777878655327713,False
C_00797,7.068,7.652,7.876,8.378,LOT_019,False,0.418,59.8,0.5840000000000005,0.08262591963780426,0.024333333333333356,7.41795,8.10349,0.003135346359676784,False
C_00798,7.149,7.605,7.706,7.77,LOT_019,False,0.324,23.6,0.4560000000000004,0.06378514477549313,0.019000000000000017,7.41795,7.831709,0.0015743674172295436,False
C_00799,7.033,7.393,7.553,7.325,LOT_019,False,0.379,40.7,0.35999999999999943,0.05118726005971839,0.014999999999999977,7.41795,7.476712,0.0005813349088033055,False
C_00800,7.601,7.657,8.144,7.97,LOT_019,False,0.347,29.8,0.05600000000000005,0.007367451651098546,0.0023333333333333353,7.41795,8.008935,0.002443992879655626,False
C_00801,11.901,11.741,12.239,12.628,LOT_020,False,0.393,46.8,-0.16000000000000014,-0.013444248382488878,-0.006666666666666672,11.4626,11.970715,0.0015952400631374806,False
C_00802,11.626,11.315,11.156,11.367,LOT_020,False,0.305,19.7,-0.31099999999999994,-0.026750387063478407,-0.01295833333333333,11.4626,11.694354,0.0026344031757778628,False
C_00803,11.113,10.849,11.058,11.339,LOT_020,False,0.404,52.1,-0.26399999999999935,-0.02375596148654723,-0.010999999999999973,11.4626,11.333785,0.003366562896304659,False
C_00804,11.764,11.392,12.075,11.822,LOT_020,False,0.348,30.0,-0.3719999999999999,-0.03162189731383882,-0.015499999999999995,11.4626,11.758582,0.002545709133148197,False
C_00805,11.615,11.677,11.951,12.073,LOT_020,False,0.342,28.3,0.06199999999999939,0.005337925096857459,0.0025833333333333077,11.4626,12.037942,0.002506541199154327,False
C_00806,12.679,12.484,12.678,13.208,LOT_020,False,0.374,38.8,-0.19500000000000028,-0.015379761810868387,-0.008125000000000012,11.4626,13.078179,0.004126245551639133,False
C_00807,11.578,11.565,11.537,11.767,LOT_020,False,0.332,25.6,-0.0129999999999999,-0.001122819139747789,-0.0005416666666666625,11.4626,11.805538,0.0016704040103488532,False
C_00808,10.865,14.737,19.186,22.127,LOT_020,True,0.705,979.8,3.872,0.3563736769443166,0.16133333333333333,11.4626,22.140917,0.05141608905792236,True
C_00809,12.079,12.072,12.799,12.627,LOT_020,False,0.353,31.6,-0.0070000000000014495,-0.0005795181720342288,-0.0002916666666667271,11.4626,12.510069,0.0030421450932820696,False
C_00810,11.17,11.494,11.836,11.464,LOT_020,False,0.357,32.6,0.32399999999999984,0.029006266786034005,0.013499999999999993,11.4626,11.770119,0.001917491065131295,False
C_00811,11.155,11.714,11.59,11.394,LOT_020,False,0.341,28.1,0.559000000000001,0.05011205737337526,0.02329166666666671,11.4626,11.627628,-0.0005998032887776721,False
C_00812,11.612,11.374,11.326,11.639,LOT_020,False,0.319,22.7,-0.23799999999999955,-0.020496038580778465,-0.009916666666666648,11.4626,11.771358,0.002759427335527204,False
C_00813,10.143,10.598,10.52,10.642,LOT_020,False,0.348,30.1,0.45500000000000007,0.04485852311939269,0.018958333333333337,11.4626,10.7073145,0.000759128411610916,False
C_00814,11.787,12.065,12.029,12.378,LOT_020,False,0.357,32.6,0.2779999999999987,0.023585305845422812,0.011583333333333279,11.4626,12.462492,0.0027603610356648797,False
C_00815,10.51,14.551,19.402,22.761,LOT_020,True,0.714,1080.0,4.041,0.38449096098953384,0.16837500000000002,11.4626,23.013336,0.05876622348361545,True
C_00816,11.799,11.857,11.966,12.31,LOT_020,False,0.393,46.4,0.05799999999999983,0.0049156708195609656,0.0024166666666666594,11.4626,12.25691,0.002777155028449169,False
C_00817,11.591,11.756,12.3,12.538,LOT_020,False,0.401,50.3,0.16500000000000092,0.014235182469157186,0.006875000000000038,11.4626,12.044105,0.0020007262229919417,False
C_00818,12.309,12.362,12.146,12.754,LOT_020,False,0.303,19.4,0.053000000000000824,0.004305792509545928,0.0022083333333333677,11.4626,12.801559,0.0030524961683485235,False
C_00819,12.115,12.631,11.656,12.194,LOT_020,False,0.333,25.8,0.516,0.0425918283120099,0.021500000000000002,11.4626,12.580338,-0.00035182274712456757,False
C_00820,10.519,10.762,10.99,10.881,LOT_020,False,0.34,27.7,0.24300000000000033,0.023101055233387235,0.010125000000000014,11.4626,11.150999,0.0027013824250962967,False
C_00821,11.392,14.505,18.923,21.553,LOT_020,True,0.7,935.1,3.1130000000000013,0.2732619382022473,0.1297083333333334,11.4626,22.947826,0.058630738788180876,True
C_00822,10.559,11.068,11.227,10.737,LOT_020,False,0.335,26.5,0.5090000000000003,0.048205322473719135,0.021208333333333346,11.4626,11.0661745,-1.2677033742266216e-05,False
C_00823,10.986,11.585,11.183,11.628,LOT_020,False,0.373,38.5,0.5990000000000002,0.0545239395594393,0.024958333333333343,11.4626,11.232155,-0.00245031356811524,False
C_00824,11.883,15.248,19.277,22.367,LOT_020,True,0.695,893.1,3.365,0.2831776487419002,0.14020833333333335,11.4626,23.099476,0.054524137920803496,True
C_00825,12.423,12.61,12.883,13.045,LOT_020,False,0.381,41.6,0.1869999999999994,0.01505272478467354,0.007791666666666641,11.4626,12.937566,0.0022747625244988376,False
C_00826,12.425,12.483,12.8,12.428,LOT_020,False,0.385,43.3,0.05799999999999983,0.004668008048289724,0.0024166666666666594,11.4626,12.915654,0.00300454293357001,False
C_00827,10.794,11.255,11.655,11.8,LOT_020,False,0.375,39.1,0.4610000000000003,0.042708912358717835,0.019208333333333345,11.4626,11.343658,0.0006156836615668349,False
C_00828,12.061,11.777,12.023,11.896,LOT_020,False,0.353,31.6,-0.2840000000000007,-0.023546969571345718,-0.011833333333333362,11.4626,11.972945,0.0013607306480407767,False
C_00829,13.021,13.33,13.31,13.358,LOT_020,False,0.366,35.7,0.3089999999999993,0.023730896244528014,0.01287499999999997,11.4626,13.55328,0.0015505546993679466,False
C_00830,11.323,11.751,11.811,11.861,LOT_020,False,0.336,26.6,0.42799999999999905,0.037799169831316703,0.017833333333333295,11.4626,12.005329,0.0017661745283338798,False
C_00831,11.856,11.935,12.013,12.252,LOT_020,False,0.378,40.3,0.07900000000000063,0.006663292847503426,0.0032916666666666927,11.4626,12.25691,0.0022354883617824945,False
C_00832,10.503,11.142,10.983,10.988,LOT_020,False,0.354,31.8,0.6389999999999993,0.06083976006855178,0.02662499999999997,11.4626,11.123071,-0.00013145335515339795,False
C_00833,11.641,12.133,11.693,12.737,LOT_020,False,0.405,52.4,0.4919999999999991,0.04226441027403136,0.020499999999999963,11.4626,12.557958,0.0029510947863260967,False
C_00834,9.5,9.566,9.917,9.82,LOT_020,False,0.346,29.5,0.06600000000000072,0.006947368421052708,0.00275000000000003,11.4626,10.011661,0.0030948651101854064,False
C_00835,10.912,11.877,11.457,11.691,LOT_020,False,0.371,37.4,0.9649999999999999,0.0884347507331378,0.040208333333333325,11.4626,11.76893,-0.0007504830890231709,False
C_00836,11.419,11.696,12.226,12.463,LOT_020,False,0.421,61.2,0.27699999999999925,0.02425781592083363,0.011541666666666636,11.4626,12.050874,0.00246440108617147,False
C_00837,12.398,11.973,12.222,11.881,LOT_020,False,0.307,20.0,-0.42499999999999893,-0.0342797225358928,-0.017708333333333288,11.4626,12.211501,0.0016562577883402455,False
C_00838,10.958,11.058,11.423,11.097,LOT_020,False,0.307,20.0,0.09999999999999964,0.009125752874612123,0.004166666666666652,11.4626,11.46983,0.002859927495320639,False
C_00839,10.495,10.569,10.815,11.203,LOT_020,False,0.415,57.6,0.07400000000000162,0.0070509766555504165,0.003083333333333401,11.4626,10.968217,0.002772339555952278,False
C_00840,12.025,12.071,12.15,12.405,LOT_020,False,0.334,26.1,0.045999999999999375,0.0038253638253637734,0.0019166666666666405,11.4626,12.479453,0.0028364797698126917,False
C_00841,10.922,11.546,11.238,12.247,LOT_021,False,0.395,47.5,0.6239999999999988,0.057132393334554,0.02599999999999995,10.326600000000001,11.674726,0.0008939273092481868,False
C_00842,11.408,13.794,17.307,20.58,LOT_021,True,0.64,519.2,2.386000000000001,0.2091514726507715,0.09941666666666671,10.326600000000001,20.517635,0.04669191212124294,True
C_00843,11.174,11.331,12.348,12.113,LOT_021,False,0.39,45.4,0.15700000000000003,0.014050474315374982,0.006541666666666668,10.326600000000001,11.748947,0.0029024107191297777,False
C_00844,10.764,10.77,10.925,11.325,LOT_021,False,0.363,34.8,0.006000000000000227,0.0005574136008918829,0.0002500000000000095,10.326600000000001,11.200867,0.0029921298556857667,False
C_00845,9.902,9.87,9.957,10.711,LOT_021,False,0.374,38.7,-0.03200000000000003,-0.003231670369622302,-0.0013333333333333346,10.326600000000001,10.305019,0.003020967907375765,False
C_00846,11.146,10.893,11.023,11.71,LOT_021,False,0.334,26.3,-0.2530000000000001,-0.022698726000358882,-0.010541666666666671,10.326600000000001,11.405995,0.0035624678399827697,False
C_00847,11.864,11.485,11.551,11.445,LOT_021,False,0.294,17.7,-0.37900000000000134,-0.031945380984491005,-0.01579166666666672,10.326600000000001,11.735011,0.0017361881997850245,False
C_00848,10.129,10.175,10.134,10.058,LOT_021,False,0.346,29.5,0.04600000000000115,0.004541415736992907,0.0019166666666667147,10.326600000000001,10.483106,0.0021396226353115454,False
C_00849,9.943,9.863,10.157,10.528,LOT_021,False,0.306,19.9,-0.08000000000000007,-0.008045861410037219,-0.003333333333333336,10.326600000000001,10.266838,0.0028044310675727027,False
C_00850,10.414,11.027,10.708,10.982,LOT_021,False,0.321,23.1,0.6129999999999995,0.05886306894565004,0.025541666666666647,10.326600000000001,11.400449,0.002593394438425705,False
C_00851,11.211,11.499,11.7,11.589,LOT_021,False,0.331,25.4,0.28800000000000026,0.025689055392025713,0.01200000000000001,10.326600000000001,11.703615,0.001420938809712724,False
C_00852,9.899,9.904,10.258,10.228,LOT_021,False,0.381,41.5,0.005000000000000782,0.0005051015254066857,0.0002083333333333659,10.326600000000001,10.397549,0.0034274213578965934,False
C_00853,10.355,13.349,18.291,21.756,LOT_021,True,0.681,779.3,2.9939999999999998,0.28913568324480926,0.12474999999999999,10.326600000000001,21.597618,0.05728207015991211,True
C_00854,10.52,10.563,11.296,11.277,LOT_021,False,0.361,34.1,0.04300000000000104,0.004087452471482988,0.0017916666666667098,10.326600000000001,10.99949,0.0030311790572272366,False
C_00855,10.51,10.635,11.021,11.078,LOT_021,False,0.387,43.9,0.125,0.011893434823977166,0.005208333333333333,10.326600000000001,10.947083,0.0021672463417053236,False
C_00856,10.388,10.475,10.807,11.295,LOT_021,False,0.421,61.3,0.08699999999999974,0.008375048132460507,0.0036249999999999893,10.326600000000001,10.817417,0.002377896838717993,False
C_00857,8.867,9.014,8.734,8.552,LOT_021,False,0.227,9.2,0.14699999999999847,0.01657832412315309,0.006124999999999936,10.326600000000001,9.201387,0.0013013014263576978,False
C_00858,10.768,10.49,10.519,10.353,LOT_021,False,0.31,20.7,-0.27800000000000047,-0.02581723625557211,-0.011583333333333353,10.326600000000001,10.816932,0.0022703591982523585,False
C_00859,10.225,10.501,10.361,11.028,LOT_021,False,0.338,27.3,0.2759999999999998,0.026992665036674798,0.011499999999999991,10.326600000000001,10.865744,0.0025329419242011214,False
C_00860,10.749,11.309,11.143,11.375,LOT_021,False,0.342,28.3,0.5599999999999987,0.052097869569262135,0.02333333333333328,10.326600000000001,11.398989,0.0006249216927422468,False
C_00861,10.539,10.36,10.49,10.644,LOT_021,False,0.282,15.7,-0.17900000000000027,-0.016984533636967482,-0.007458333333333345,10.326600000000001,10.759812,0.0027764746877882254,False
C_00862,9.46,9.721,9.728,10.329,LOT_021,False,0.349,30.2,0.26099999999999923,0.027589852008456577,0.010874999999999968,10.326600000000001,10.009963,0.002006687747107611,False
C_00863,9.572,9.628,9.918,10.553,LOT_021,False,0.354,31.7,0.05600000000000094,0.005850396991224503,0.0023333333333333726,10.326600000000001,10.028585,0.002781843291388617,False
C_00864,10.37,10.701,10.864,11.467,LOT_021,False,0.317,22.1,0.3310000000000013,0.031918997107039666,0.013791666666666721,10.326600000000001,11.119247,0.0029044960869683122,False
C_00865,9.609,9.933,10.311,10.469,LOT_021,False,0.377,40.0,0.32399999999999984,0.03371838901030282,0.013499999999999993,10.326600000000001,10.316295,0.002661768542395699,False
C_00866,9.456,9.894,9.999,10.052,LOT_021,False,0.406,53.0,0.4380000000000006,0.04631979695431479,0.018250000000000027,10.326600000000001,10.225071,0.0022991038428412536,False
C_00867,9.873,10.423,10.436,10.568,LOT_021,False,0.32,22.8,0.5500000000000007,0.055707485060265446,0.022916666666666696,10.326600000000001,10.694167,0.001883105119069417,False
C_00868,9.99,10.114,10.126,10.007,LOT_021,False,0.321,23.1,0.12400000000000055,0.012412412412412468,0.00516666666666669,10.326600000000001,10.557116,0.003077191352844233,False
C_00869,10.933,10.838,11.211,11.262,LOT_021,False,0.355,32.3,-0.09500000000000064,-0.0086892893076009,-0.00395833333333336,10.326600000000001,11.25961,0.002927848445044629,False
C_00870,11.396,11.647,11.906,12.372,LOT_021,False,0.388,44.4,0.25099999999999945,0.022025272025271974,0.01045833333333331,10.326600000000001,11.943506,0.002059071116977266,False
C_00871,10.137,10.329,10.617,10.445,LOT_021,False,0.256,12.2,0.19200000000000017,0.01894051494525009,0.008000000000000007,10.326600000000001,10.696078,0.0025491548644171777,False
C_00872,9.572,10.109,10.083,10.604,LOT_021,False,0.446,78.2,0.5370000000000008,0.056101128290848394,0.022375000000000034,10.326600000000001,10.462361,0.0024538981649610734,False
C_00873,9.506,9.013,9.837,9.622,LOT_021,False,0.372,38.1,-0.4930000000000003,-0.05186198190616456,-0.02054166666666668,10.326600000000001,9.470197,0.0031749772495693637,False
C_00874,9.332,9.768,9.626,9.615,LOT_021,False,0.306,20.0,0.43599999999999994,0.04672096013716244,0.018166666666666664,10.326600000000001,9.987899,0.001527075184716114,False
C_00875,10.654,10.857,10.752,10.739,LOT_021,False,0.339,27.5,0.2029999999999994,0.019053876478317945,0.008458333333333309,10.326600000000001,11.1505165,0.002038309097290044,False
C_00876,10.438,13.308,17.436,20.945,LOT_021,True,0.649,568.7,2.869999999999999,0.2749568882927763,0.1195833333333333,10.326600000000001,21.053947,0.053791301727294925,True
C_00877,9.052,9.311,9.504,9.623,LOT_021,False,0.337,26.9,0.25900000000000034,0.02861246133451175,0.01079166666666668,10.326600000000001,9.826158,0.0035774831242031523,False
C_00878,9.731,10.151,10.529,11.024,LOT_021,False,0.409,54.6,0.41999999999999993,0.04316103175418764,0.017499999999999998,10.326600000000001,10.474104,0.0022437772750854507,False
C_00879,11.052,10.972,11.112,11.457,LOT_021,False,0.352,31.1,-0.08000000000000007,-0.007238508867173369,-0.003333333333333336,10.326600000000001,11.547836,0.003998863220214847,False
C_00880,11.234,11.223,11.87,11.743,LOT_021,False,0.353,31.6,-0.010999999999999233,-0.000979170375645294,-0.00045833333333330134,10.326600000000001,11.673025,0.0031251745223998973,False
C_00881,11.996,12.201,12.415,12.536,LOT_022,False,0.264,13.2,0.20500000000000007,0.01708902967655886,0.00854166666666667,11.47265,12.761613,0.0038931450843811,False
C_00882,12.12,19.138,29.65,37.264,LOT_022,True,0.718,1119.7,7.0180000000000025,0.5790429042904293,0.29241666666666677,11.47265,37.26775,0.12590104018317327,True
C_00883,11.16,11.056,11.793,11.946,LOT_022,False,0.41,55.0,-0.10400000000000098,-0.009318996415770697,-0.004333333333333374,11.47265,11.705719,0.0045119374593099015,False
C_00884,11.596,11.966,12.333,12.82,LOT_022,False,0.387,44.2,0.3699999999999992,0.03190755432907893,0.015416666666666634,11.47265,12.313149,0.0024107600847880096,False
C_00885,11.485,11.53,11.811,12.41,LOT_022,False,0.397,48.6,0.04499999999999993,0.003918154114061814,0.0018749999999999971,11.47265,11.949087,0.002910327381557893,False
C_00886,12.232,12.171,12.297,12.519,LOT_022,False,0.345,29.0,-0.06099999999999994,-0.004986919555264874,-0.0025416666666666643,11.47265,12.880713,0.0049285657140943784,False
C_00887,11.477,11.267,11.628,11.958,LOT_022,False,0.308,20.3,-0.21000000000000085,-0.018297464494205877,-0.008750000000000036,11.47265,11.893224,0.004348776128556997,False
C_00888,11.567,11.138,11.81,12.101,LOT_022,False,0.343,28.6,-0.42900000000000027,-0.03708826834961531,-0.017875000000000012,11.47265,11.763412,0.004343142191569011,False
C_00889,11.355,11.549,11.522,12.211,LOT_022,False,0.367,36.1,0.19399999999999906,0.017084984588287014,0.008083333333333295,11.47265,11.916493,0.0025520376099480557,False
C_00890,11.489,11.264,11.576,11.438,LOT_022,False,0.29,17.1,-0.22500000000000142,-0.01958394986508847,-0.009375000000000059,11.47265,11.834102,0.0039590394232008235,False
C_00891,11.418,11.634,11.565,11.578,LOT_022,False,0.284,16.1,0.21600000000000108,0.01891749868628491,0.009000000000000044,11.47265,11.839589,0.0014277022149827721,False
C_00892,10.911,11.009,11.267,12.078,LOT_022,False,0.351,30.8,0.09800000000000075,0.008981761525066516,0.004083333333333365,11.47265,11.6944275,0.004759913126627602,False
C_00893,10.637,11.724,12.311,13.454,LOT_022,False,0.482,111.0,1.0869999999999997,0.10219046723700288,0.045291666666666654,11.47265,11.8256035,0.0007055797576904283,False
C_00894,11.234,11.393,11.647,12.224,LOT_022,False,0.414,57.4,0.1590000000000007,0.014153462702510299,0.006625000000000029,11.47265,11.864862,0.003276822514004173,False
C_00895,11.458,11.797,12.303,12.395,LOT_022,False,0.422,61.9,0.3390000000000004,0.029586315238261513,0.014125000000000018,11.47265,12.319845,0.0036308694415622244,False
C_00896,11.473,11.775,11.958,12.004,LOT_022,False,0.333,26.0,0.3019999999999996,0.026322670617972596,0.012583333333333316,11.47265,12.092287,0.0022033823861016145,False
C_00897,12.448,12.563,13.319,13.467,LOT_022,False,0.344,29.0,0.11500000000000021,0.0092384318766067,0.004791666666666676,11.47265,13.175732,0.004255080964830182,False
C_00898,11.202,11.505,11.627,12.011,LOT_022,False,0.375,39.0,0.3030000000000008,0.027048741296197183,0.012625000000000034,11.47265,11.83751,0.0023090979788038413,False
C_00899,11.515,11.71,11.909,11.927,LOT_022,False,0.325,24.0,0.19500000000000028,0.016934433347807233,0.008125000000000012,11.47265,12.05783,0.00241548511717054,False
C_00900,10.538,10.739,10.757,11.298,LOT_022,False,0.322,23.3,0.2010000000000005,0.01907382805086359,0.008375000000000021,11.47265,11.15603,0.0028960395918952043,False
C_00901,11.696,11.824,12.64,12.76,LOT_022,False,0.372,37.8,0.1280000000000001,0.01094391244870042,0.005333333333333338,11.47265,12.484369,0.004585897763570151,False
C_00902,11.385,11.383,11.474,11.518,LOT_022,False,0.338,27.2,-0.002000000000000668,-0.00017566974088719086,-8.333333333336117e-05,11.47265,11.922108,0.00374380344814725,False
C_00903,11.21,11.194,11.567,11.576,LOT_022,False,0.347,29.6,-0.016000000000000014,-0.0014272970561998227,-0.0006666666666666673,11.47265,11.704726,0.0035467098553975365,False
C_00904,11.182,11.702,11.574,12.014,LOT_022,False,0.299,18.7,0.5199999999999996,0.04650330888928631,0.02166666666666665,11.47265,11.997927,0.0020550466113620335,False
C_00905,11.219,11.053,11.744,11.512,LOT_022,False,0.365,35.5,-0.1659999999999986,-0.014796327658436456,-0.006916666666666608,11.47265,11.67161,0.0042959019343058215,False
C_00906,10.438,10.952,10.853,11.44,LOT_022,False,0.367,36.1,0.5139999999999993,0.04924315002874107,0.02141666666666664,11.47265,11.373006,0.0029236518541971845,False
C_00907,10.765,11.062,11.28,11.323,LOT_022,False,0.311,21.0,0.2969999999999988,0.027589410125406298,0.01237499999999995,11.47265,11.446229,0.0026682568126254655,False
C_00908,10.845,11.366,11.806,11.817,LOT_022,False,0.406,52.8,0.520999999999999,0.04804057169202388,0.02170833333333329,11.47265,11.671554,0.0021219000816345237,False
C_00909,11.464,15.732,22.454,27.067,LOT_022,True,0.681,779.4,4.267999999999999,0.37229588276343323,0.1778333333333333,11.47265,27.026728,0.07843560886383057,True
C_00910,11.535,11.728,12.526,12.072,LOT_022,False,0.292,17.3,0.19299999999999962,0.016731686172518388,0.00804166666666665,11.47265,12.124157,0.002751089943779841,False
C_00911,12.403,12.236,12.05,12.714,LOT_022,False,0.312,21.1,-0.16699999999999982,-0.013464484398935725,-0.006958333333333326,11.47265,12.863081,0.004354729016621903,False
C_00912,12.803,12.297,12.691,13.013,LOT_022,False,0.326,24.2,-0.5060000000000002,-0.03952198703428885,-0.021083333333333343,11.47265,12.959717,0.004602199978298607,False
C_00913,11.513,11.676,11.952,11.972,LOT_022,False,0.341,28.0,0.16300000000000026,0.014157908451315926,0.006791666666666678,11.47265,11.980479,0.0021144391695658354,False
C_00914,11.31,10.972,11.446,11.724,LOT_022,False,0.348,30.1,-0.33800000000000097,-0.02988505747126445,-0.014083333333333373,11.47265,11.705198,0.005091654777526859,False
C_00915,12.304,12.599,12.59,13.072,LOT_022,False,0.351,30.8,0.29499999999999993,0.023975942782834846,0.012291666666666664,11.47265,12.947275,0.0024185775121053047,False
C_00916,11.455,11.376,11.585,11.677,LOT_022,False,0.248,11.3,-0.07900000000000063,-0.006896551724137986,-0.0032916666666666927,11.47265,11.911672,0.003719941933949792,False
C_00917,11.024,11.666,11.207,11.853,LOT_022,False,0.309,20.4,0.6420000000000012,0.05823657474600882,0.02675000000000005,11.47265,11.719275,0.00036996857325235745,False
C_00918,12.106,21.17,35.966,47.822,LOT_022,True,0.759,1675.3,9.064000000000002,0.7487196431521561,0.37766666666666676,11.47265,37.26775,0.11178992907206216,True
C_00919,11.646,11.454,11.946,12.189,LOT_022,False,0.372,38.1,-0.19200000000000017,-0.016486347243688835,-0.008000000000000007,11.47265,11.947049,0.0034239523675706606,False
C_00920,11.292,11.077,11.444,11.408,LOT_022,False,0.265,13.3,-0.21499999999999986,-0.019040028338646816,-0.008958333333333327,11.47265,11.662998,0.0040694319407145185,False
C_00921,8.177,8.276,8.308,8.544,LOT_023,False,0.331,25.6,0.0990000000000002,0.012107129754188603,0.004125000000000008,8.23865,8.616885,0.002367258230845135,False
C_00922,8.474,8.699,9.02,9.082,LOT_023,False,0.377,40.1,0.22499999999999964,0.026551805522775505,0.009374999999999986,8.23865,8.906867,0.001443521022796632,False
C_00923,7.436,7.381,7.59,7.572,LOT_023,False,0.296,18.1,-0.054999999999999716,-0.007396449704141973,-0.002291666666666655,8.23865,7.6426854,0.0018172598150041352,False
C_00924,8.074,8.417,8.413,8.739,LOT_023,False,0.378,40.2,0.34299999999999997,0.04248204111964329,0.014291666666666666,8.23865,8.703526,0.0019897607167561862,False
C_00925,8.162,10.65,13.658,15.571,LOT_023,True,0.653,592.2,2.4879999999999995,0.30482724822347457,0.10366666666666664,8.23865,17.805622,0.049691820144653315,True
C_00926,8.327,9.155,8.93,8.877,LOT_023,False,0.412,56.1,0.8279999999999994,0.09943557103398576,0.034499999999999975,8.23865,9.3126745,0.0010949619611104373,False
C_00927,6.868,7.021,7.354,7.083,LOT_023,False,0.36,33.6,0.15299999999999958,0.022277227722772214,0.006374999999999982,8.23865,7.1475444,0.0008787804444630947,False
C_00928,8.065,8.392,8.457,8.665,LOT_023,False,0.32,22.8,0.32699999999999996,0.04054556726596404,0.013624999999999998,8.23865,8.706705,0.002185452037387428,False
C_00929,8.437,8.527,8.826,8.595,LOT_023,False,0.292,17.4,0.08999999999999986,0.010667298802892007,0.0037499999999999942,8.23865,8.75919,0.0016124278174506346,False
C_00930,8.717,9.46,9.504,9.512,LOT_023,False,0.38,41.1,0.7430000000000003,0.08523574624297353,0.030958333333333348,8.23865,9.602283,0.0009880730840894853,False
C_00931,7.778,10.329,14.1,16.629,LOT_023,True,0.685,810.9,2.551000000000001,0.32797634353304206,0.10629166666666671,8.23865,16.544352,0.04316216373443603,True
C_00932,8.761,9.208,8.961,9.306,LOT_023,False,0.35,30.7,0.44700000000000095,0.05102157287980835,0.01862500000000004,8.23865,9.370699,0.0011298536724514419,False
C_00933,9.119,9.287,9.336,9.661,LOT_023,False,0.327,24.5,0.16800000000000104,0.01842307270534061,0.0070000000000000435,8.23865,9.63932,0.002446669260660802,False
C_00934,8.591,8.588,8.867,8.894,LOT_023,False,0.368,36.4,-0.0030000000000001137,-0.0003492026539401832,-0.00012500000000000475,8.23865,8.872857,0.0019781742625766385,False
C_00935,8.173,7.992,8.315,8.0,LOT_023,False,0.325,23.9,-0.18100000000000005,-0.022146090786736822,-0.007541666666666669,8.23865,8.301498,0.0021492945353190104,False
C_00936,8.337,8.908,9.196,9.337,LOT_023,False,0.345,29.2,0.5709999999999997,0.06848986445963773,0.023791666666666655,8.23865,9.036203,0.0008903012805514902,False
C_00937,8.249,8.18,8.241,8.486,LOT_023,False,0.343,28.7,-0.06900000000000084,-0.008364650260637754,-0.002875000000000035,8.23865,8.612112,0.0030007780922783767,False
C_00938,7.957,8.527,8.193,8.594,LOT_023,False,0.359,33.4,0.5699999999999994,0.0716350383310292,0.023749999999999976,8.23865,8.656356,0.0008983045683966795,False
C_00939,7.785,11.109,15.844,19.364,LOT_023,True,0.708,1014.4,3.324,0.42697495183044315,0.13849999999999998,8.23865,18.31391,0.05003409396277533,True
C_00940,7.927,7.867,8.175,8.148,LOT_023,False,0.362,34.4,-0.05999999999999961,-0.007569067743156252,-0.0024999999999999836,8.23865,8.285872,0.002908836523691813,False
C_00941,7.698,7.74,7.64,7.986,LOT_023,False,0.244,10.9,0.041999999999999815,0.005455962587685089,0.0017499999999999922,8.23865,8.027645,0.001997535493638779,False
C_00942,8.546,8.633,8.703,9.389,LOT_023,False,0.374,38.6,0.08699999999999974,0.010180201263749094,0.0036249999999999893,8.23865,8.941325,0.0021411471366882383,False
C_00943,8.392,17.941,31.819,42.363,LOT_023,True,0.809,2723.4,9.549,1.1378693994280267,0.397875,8.23865,39.013535,0.14633704545762805,True
C_00944,8.142,8.112,8.355,8.37,LOT_023,False,0.294,17.8,-0.02999999999999936,-0.003684598378776635,-0.0012499999999999734,8.23865,8.43638,0.002252641571892632,False
C_00945,8.865,8.876,8.979,9.412,LOT_023,False,0.355,32.3,0.010999999999999233,0.0012408347433727279,0.00045833333333330134,8.23865,9.202455,0.002267045603858104,False
C_00946,8.447,8.659,8.835,8.819,LOT_023,False,0.367,36.0,0.21200000000000152,0.025097667811057364,0.008833333333333396,8.23865,8.897216,0.0016542766888936313,False
C_00947,8.08,8.79,8.822,9.171,LOT_023,False,0.401,50.2,0.7099999999999991,0.08787128712871276,0.029583333333333295,8.23865,8.980781,0.0013248652882046229,False
C_00948,8.515,8.378,8.695,8.771,LOT_023,False,0.346,29.4,-0.13700000000000045,-0.01608925425719324,-0.005708333333333353,8.23865,8.742568,0.0025317223336961524,False
C_00949,7.597,11.916,18.729,24.306,LOT_023,True,0.739,1373.7,4.319,0.5685138870606818,0.17995833333333333,8.23865,21.372356,0.06566914176940918,True
C_00950,8.958,8.845,9.244,9.177,LOT_023,False,0.355,32.1,-0.11299999999999955,-0.012614422862245987,-0.004708333333333314,8.23865,9.2246,0.0026361099878946894,False
C_00951,9.005,8.969,9.047,9.405,LOT_023,False,0.36,33.8,-0.036000000000001364,-0.00399777901166034,-0.0015000000000000568,8.23865,9.210978,0.0016803996827867336,False
C_00952,7.789,7.954,8.524,8.499,LOT_023,False,0.424,63.1,0.16500000000000004,0.02118372063166004,0.006875000000000002,8.23865,8.34714,0.0027301410569085032,False
C_00953,8.006,8.443,8.604,8.636,LOT_023,False,0.403,51.4,0.4369999999999994,0.05458406195353477,0.01820833333333331,8.23865,8.664504,0.0015382225778367811,False
C_00954,8.607,8.339,8.705,8.767,LOT_023,False,0.317,22.1,-0.2679999999999989,-0.03113744626466817,-0.011166666666666622,8.23865,8.7425995,0.0028027742173936604,False
C_00955,7.604,7.535,7.932,7.853,LOT_023,False,0.335,26.4,-0.06899999999999995,-0.009074171488690157,-0.0028749999999999978,8.23865,7.8687396,0.002317636145485771,False
C_00956,8.283,8.456,8.803,9.031,LOT_023,False,0.336,26.7,0.17300000000000004,0.02088615236025595,0.007208333333333335,8.23865,8.720132,0.001834249125586619,False
C_00957,8.535,8.915,9.356,9.473,LOT_023,False,0.344,29.0,0.379999999999999,0.04452255418863491,0.015833333333333293,8.23865,9.072534,0.0010939833852979931,False
C_00958,8.118,8.212,8.141,8.485,LOT_023,False,0.306,19.9,0.09399999999999942,0.011579206701157849,0.003916666666666642,8.23865,8.616885,0.0028117026752895796,False
C_00959,7.93,7.92,8.298,8.581,LOT_023,False,0.328,24.8,-0.009999999999999787,-0.001261034047919267,-0.0004166666666666578,8.23865,8.323809,0.0028042268753051764,False
C_00960,9.015,8.932,9.355,9.45,LOT_023,False,0.391,45.9,-0.08300000000000018,-0.00920687742651139,-0.003458333333333341,8.23865,9.231404,0.002079196559058293,False
C_00961,9.674,13.139,19.266,23.737,LOT_024,True,0.696,899.9,3.465,0.3581765557163531,0.144375,9.46985,23.289848,0.070492002275255,True
C_00962,8.861,9.325,9.537,9.711,LOT_024,False,0.36,33.7,0.46399999999999864,0.05236429296919068,0.019333333333333275,9.46985,9.665686,0.0023658725950453066,False
C_00963,10.086,10.263,10.004,10.581,LOT_024,False,0.33,25.2,0.1769999999999996,0.017549077929803647,0.007374999999999983,9.46985,10.6229,0.002499305619133844,False
C_00964,9.178,9.345,9.777,10.355,LOT_024,False,0.42,60.8,0.16699999999999982,0.01819568533449551,0.006958333333333326,9.46985,9.809754,0.003227460914187957,False
C_00965,9.355,9.409,9.326,9.198,LOT_024,False,0.321,23.1,0.05400000000000027,0.005772314270443642,0.002250000000000011,9.46985,9.759974,0.0024373161527845547,False
C_00966,9.552,10.1,10.027,10.569,LOT_024,False,0.372,38.0,0.548,0.057370184254606375,0.022833333333333334,9.46985,10.422846,0.0022419850031534854,False
C_00967,8.728,8.831,9.441,9.129,LOT_024,False,0.338,27.3,0.10299999999999976,0.011801099908340945,0.004291666666666656,9.46985,9.130358,0.0020788732104831307,False
C_00968,9.156,9.503,9.226,9.846,LOT_024,False,0.349,30.3,0.34699999999999953,0.03789864569681078,0.014458333333333314,9.46985,9.828524,0.0022605808046129005,False
C_00969,9.143,9.337,9.698,10.069,LOT_024,False,0.384,42.8,0.19399999999999906,0.021218418462211425,0.008083333333333295,9.46985,9.80324,0.003237776544358997,False
C_00970,9.609,9.696,9.781,9.692,LOT_024,False,0.362,34.6,0.08699999999999974,0.009054011863877588,0.0036249999999999893,9.46985,9.965805,0.0018736462063259568,False
C_00971,9.227,9.067,9.335,9.1,LOT_024,False,0.327,24.4,-0.16000000000000014,-0.01734041400238432,-0.006666666666666672,9.46985,9.52751,0.0031979839536878784,False
C_00972,9.437,9.902,10.032,10.106,LOT_024,False,0.399,49.5,0.46499999999999986,0.04927413372893927,0.019374999999999993,9.46985,10.198604,0.0020597474310133247,False
C_00973,8.948,8.977,9.154,9.28,LOT_024,False,0.347,29.9,0.028999999999999915,0.0032409476978095568,0.0012083333333333297,9.46985,9.299493,0.0022395335833231586,False
C_00974,10.672,10.801,10.993,10.92,LOT_024,False,0.341,28.1,0.12899999999999956,0.012087706146926495,0.005374999999999981,9.46985,11.093219,0.002029297245873344,False
C_00975,9.177,9.336,10.12,9.958,LOT_024,False,0.397,48.4,0.1590000000000007,0.017325923504413282,0.006625000000000029,9.46985,9.819768,0.0033594996664259146,False
C_00976,9.796,14.236,20.19,25.402,LOT_024,True,0.695,891.8,4.440000000000001,0.45324622294814226,0.18500000000000005,9.46985,25.640255,0.07919621509975856,True
C_00977,9.542,10.037,10.042,9.832,LOT_024,False,0.369,36.8,0.495000000000001,0.05187591699853291,0.020625000000000043,9.46985,10.2212925,0.0012798089981079046,False
C_00978,8.928,9.245,9.322,9.752,LOT_024,False,0.369,36.8,0.3169999999999984,0.03550627240143351,0.013208333333333266,9.46985,9.531497,0.0019895625114440974,False
C_00979,9.731,9.591,10.324,10.531,LOT_024,False,0.377,39.8,-0.14000000000000057,-0.014387010584729274,-0.005833333333333357,9.46985,10.035586,0.0030874052577548605,False
C_00980,9.574,10.297,10.453,10.621,LOT_024,False,0.398,48.8,0.7230000000000008,0.07551702527679138,0.03012500000000003,9.46985,10.7002,0.0028000005616082044,False
C_00981,8.304,11.508,16.543,20.414,LOT_024,True,0.693,878.3,3.203999999999999,0.3858381502890172,0.13349999999999995,9.46985,20.625624,0.06331683127085369,True
C_00982,10.271,9.682,10.199,10.327,LOT_024,False,0.375,39.2,-0.5890000000000004,-0.05734592542108854,-0.024541666666666684,9.46985,10.277616,0.004136219077640107,False
C_00983,9.314,9.449,9.65,9.928,LOT_024,False,0.341,27.9,0.1349999999999998,0.01449430964140002,0.005624999999999991,9.46985,9.852198,0.0027999836603800465,False
C_00984,9.655,9.593,9.989,9.891,LOT_024,False,0.343,28.7,-0.06199999999999939,-0.006421543241843542,-0.0025833333333333077,9.46985,10.000536,0.002830110867818197,False
C_00985,9.12,9.428,9.403,9.86,LOT_024,False,0.35,30.5,0.3080000000000016,0.033771929824561585,0.0128333333333334,9.46985,9.791506,0.002524345927768278,False
C_00986,9.772,9.84,10.225,10.233,LOT_024,False,0.352,31.4,0.06799999999999962,0.006958657388456776,0.0028333333333333175,9.46985,10.192438,0.00244748698340522,False
C_00987,9.795,9.897,10.57,10.274,LOT_024,False,0.35,30.6,0.10200000000000031,0.010413476263399725,0.004250000000000013,9.46985,10.312713,0.002886893537309433,False
C_00988,9.866,10.277,10.544,10.393,LOT_024,False,0.341,28.1,0.4109999999999996,0.0416582201500101,0.017124999999999984,9.46985,10.547116,0.001875807497236469,False
C_00989,9.716,9.595,10.472,10.496,LOT_024,False,0.373,38.3,-0.12099999999999866,-0.012453684643886236,-0.005041666666666611,9.46985,10.18645,0.004107291698455806,False
C_00990,8.436,8.649,8.852,9.235,LOT_024,False,0.306,19.9,0.2129999999999992,0.02524893314366989,0.008874999999999966,9.46985,8.970963,0.0022358508639865513,False
C_00991,10.082,9.926,10.408,10.365,LOT_024,False,0.317,22.1,-0.15600000000000058,-0.0154731204126166,-0.006500000000000024,9.46985,10.381983,0.003166547245449489,False
C_00992,10.697,10.468,11.031,10.786,LOT_024,False,0.328,24.8,-0.2289999999999992,-0.021407871365803424,-0.009541666666666634,9.46985,10.811277,0.002383870760599772,False
C_00993,9.696,9.994,10.322,10.434,LOT_024,False,0.374,38.6,0.29800000000000004,0.03073432343234324,0.012416666666666668,9.46985,10.318875,0.002256078561147056,False
C_00994,8.619,9.056,8.814,9.523,LOT_024,False,0.374,38.7,0.4369999999999994,0.050701937579765564,0.01820833333333331,9.46985,9.140164,0.000584474828508171,False
C_00995,9.671,9.867,10.1,10.058,LOT_024,False,0.334,26.2,0.1960000000000015,0.02026677696205165,0.00816666666666673,9.46985,10.154276,0.0019949714872572097,False
C_00996,8.883,8.723,9.25,9.693,LOT_024,False,0.432,68.3,-0.15999999999999837,-0.018011932905549744,-0.006666666666666599,9.46985,9.1296425,0.0028239061567518395,False
C_00997,10.37,10.715,11.149,10.978,LOT_024,False,0.353,31.5,0.34500000000000064,0.033269045323047315,0.014375000000000027,9.46985,11.130689,0.0028867268562316906,False
C_00998,8.971,9.377,9.611,9.661,LOT_024,False,0.381,41.3,0.4060000000000006,0.045256939025749704,0.01691666666666669,9.46985,9.667055,0.002014271736145015,False
C_00999,9.583,9.664,9.975,9.989,LOT_024,False,0.347,29.8,0.08099999999999952,0.00845246791192732,0.00337499999999998,9.46985,9.978299,0.002182632923126223,False
C_01000,9.599,10.174,9.652,10.089,LOT_024,False,0.294,17.6,0.5749999999999993,0.0599020731326179,0.023958333333333304,9.46985,10.385063,0.0014657164679633282,False
