component_id,lot_id,hour,leakage_ua,is_defective,activation_energy_ev,acceleration_factor
C_00001,LOT_000,0,10.979,False,0.272,14.3
C_00001,LOT_000,24,10.946,False,0.272,14.3
C_00001,LOT_000,96,11.104,False,0.272,14.3
C_00001,LOT_000,168,10.989,False,0.272,14.3
C_00002,LOT_000,0,10.951,False,0.353,31.4
C_00002,LOT_000,24,10.801,False,0.353,31.4
C_00002,LOT_000,96,11.263,False,0.353,31.4
C_00002,LOT_000,168,11.118,False,0.353,31.4
C_00003,LOT_000,0,10.587,False,0.343,28.5
C_00003,LOT_000,24,10.411,False,0.343,28.5
C_00003,LOT_000,96,10.509,False,0.343,28.5
C_00003,LOT_000,168,10.637,False,0.343,28.5
C_00004,LOT_000,0,11.047,False,0.367,36.0
C_00004,LOT_000,24,10.657,False,0.367,36.0
C_00004,LOT_000,96,10.847,False,0.367,36.0
C_00004,LOT_000,168,10.939,False,0.367,36.0
C_00005,LOT_000,0,10.885,False,0.345,29.3
C_00005,LOT_000,24,11.334,False,0.345,29.3
C_00005,LOT_000,96,11.529,False,0.345,29.3
C_00005,LOT_000,168,11.611,False,0.345,29.3
C_00006,LOT_000,0,10.693,False,0.355,32.0
C_00006,LOT_000,24,10.679,False,0.355,32.0
C_00006,LOT_000,96,10.949,False,0.355,32.0
C_00006,LOT_000,168,10.948,False,0.355,32.0
C_00007,LOT_000,0,10.657,False,0.292,17.3
C_00007,LOT_000,24,10.696,False,0.292,17.3
C_00007,LOT_000,96,10.88,False,0.292,17.3
C_00007,LOT_000,168,11.338,False,0.292,17.3
C_00008,LOT_000,0,11.004,False,0.283,15.9
C_00008,LOT_000,24,11.166,False,0.283,15.9
C_00008,LOT_000,96,11.292,False,0.283,15.9
C_00008,LOT_000,168,11.382,False,0.283,15.9
C_00009,LOT_000,0,9.821,True,0.73,1257.4
C_00009,LOT_000,24,14.571,True,0.73,1257.4
C_00009,LOT_000,96,21.323,True,0.73,1257.4
C_00009,LOT_000,168,26.511,True,0.73,1257.4
C_00010,LOT_000,0,10.93,False,0.333,25.9
C_00010,LOT_000,24,10.84,False,0.333,25.9
C_00010,LOT_000,96,11.165,False,0.333,25.9
C_00010,LOT_000,168,11.04,False,0.333,25.9
C_00011,LOT_000,0,10.033,True,0.658,622.7
C_00011,LOT_000,24,12.506,True,0.658,622.7
C_00011,LOT_000,96,15.976,True,0.658,622.7
C_00011,LOT_000,168,18.435,True,0.658,622.7
C_00012,LOT_000,0,9.957,False,0.333,25.9
C_00012,LOT_000,24,10.11,False,0.333,25.9
C_00012,LOT_000,96,10.284,False,0.333,25.9
C_00012,LOT_000,168,10.459,False,0.333,25.9
C_00013,LOT_000,0,9.733,False,0.335,26.4
C_00013,LOT_000,24,10.055,False,0.335,26.4
C_00013,LOT_000,96,9.88,False,0.335,26.4
C_00013,LOT_000,168,10.134,False,0.335,26.4
C_00014,LOT_000,0,10.243,False,0.384,42.5
C_00014,LOT_000,24,10.357,False,0.384,42.5
C_00014,LOT_000,96,10.407,False,0.384,42.5
C_00014,LOT_000,168,10.394,False,0.384,42.5
C_00015,LOT_000,0,10.358,False,0.359,33.5
C_00015,LOT_000,24,10.119,False,0.359,33.5
C_00015,LOT_000,96,10.148,False,0.359,33.5
C_00015,LOT_000,168,10.525,False,0.359,33.5
C_00016,LOT_000,0,11.539,True,0.729,1247.6
C_00016,LOT_000,24,15.875,True,0.729,1247.6
C_00016,LOT_000,96,23.005,True,0.729,1247.6
C_00016,LOT_000,168,28.06,True,0.729,1247.6
C_00017,LOT_000,0,9.23,False,0.375,39.3
C_00017,LOT_000,24,9.444,False,0.375,39.3
C_00017,LOT_000,96,9.879,False,0.375,39.3
C_00017,LOT_000,168,10.112,False,0.375,39.3
C_00018,LOT_000,0,11.659,False,0.367,36.0
C_00018,LOT_000,24,12.412,False,0.367,36.0
C_00018,LOT_000,96,12.389,False,0.367,36.0
C_00018,LOT_000,168,12.661,False,0.367,36.0
C_00019,LOT_000,0,10.245,False,0.393,46.5
C_00019,LOT_000,24,10.261,False,0.393,46.5
C_00019,LOT_000,96,10.407,False,0.393,46.5
C_00019,LOT_000,168,10.855,False,0.393,46.5
C_00020,LOT_000,0,10.747,False,0.421,61.1
C_00020,LOT_000,24,10.693,False,0.421,61.1
C_00020,LOT_000,96,10.914,False,0.421,61.1
C_00020,LOT_000,168,11.228,False,0.421,61.1
C_00021,LOT_000,0,11.478,False,0.317,22.2
C_00021,LOT_000,24,12.012,False,0.317,22.2
C_00021,LOT_000,96,12.033,False,0.317,22.2
C_00021,LOT_000,168,12.015,False,0.317,22.2
C_00022,LOT_000,0,9.714,False,0.368,36.5
C_00022,LOT_000,24,9.829,False,0.368,36.5
C_00022,LOT_000,96,10.296,False,0.368,36.5
C_00022,LOT_000,168,10.706,False,0.368,36.5
C_00023,LOT_000,0,10.337,False,0.361,34.2
C_00023,LOT_000,24,10.336,False,0.361,34.2
C_00023,LOT_000,96,10.831,False,0.361,34.2
C_00023,LOT_000,168,10.826,False,0.361,34.2
C_00024,LOT_000,0,10.826,False,0.301,19.0
C_00024,LOT_000,24,10.912,False,0.301,19.0
C_00024,LOT_000,96,10.615,False,0.301,19.0
C_00024,LOT_000,168,10.647,False,0.301,19.0
C_00025,LOT_000,0,9.601,False,0.314,21.6
C_00025,LOT_000,24,9.76,False,0.314,21.6
C_00025,LOT_000,96,9.848,False,0.314,21.6
C_00025,LOT_000,168,10.032,False,0.314,21.6
C_00026,LOT_000,0,10.412,False,0.376,39.4
C_00026,LOT_000,24,10.39,False,0.376,39.4
C_00026,LOT_000,96,10.517,False,0.376,39.4
C_00026,LOT_000,168,10.737,False,0.376,39.4
C_00027,LOT_000,0,10.829,False,0.297,18.2
C_00027,LOT_000,24,10.934,False,0.297,18.2
C_00027,LOT_000,96,11.324,False,0.297,18.2
C_00027,LOT_000,168,11.295,False,0.297,18.2
C_00028,LOT_000,0,10.319,False,0.322,23.3
C_00028,LOT_000,24,10.388,False,0.322,23.3
C_00028,LOT_000,96,10.246,False,0.322,23.3
C_00028,LOT_000,168,10.573,False,0.322,23.3
C_00029,LOT_000,0,11.863,False,0.425,63.8
C_00029,LOT_000,24,11.896,False,0.425,63.8
C_00029,LOT_000,96,12.55,False,0.425,63.8
C_00029,LOT_000,168,13.092,False,0.425,63.8
C_00030,LOT_000,0,9.88,False,0.324,23.7
C_00030,LOT_000,24,9.786,False,0.324,23.7
C_00030,LOT_000,96,10.012,False,0.324,23.7
C_00030,LOT_000,168,10.03,False,0.324,23.7
C_00031,LOT_000,0,9.034,False,0.291,17.3
C_00031,LOT_000,24,9.127,False,0.291,17.3
C_00031,LOT_000,96,9.753,False,0.291,17.3
C_00031,LOT_000,168,10.011,False,0.291,17.3
C_00032,LOT_000,0,9.937,False,0.364,35.0
C_00032,LOT_000,24,10.23,False,0.364,35.0
C_00032,LOT_000,96,10.641,False,0.364,35.0
C_00032,LOT_000,168,10.721,False,0.364,35.0
C_00033,LOT_000,0,10.228,False,0.295,17.9
C_00033,LOT_000,24,10.393,False,0.295,17.9
C_00033,LOT_000,96,10.321,False,0.295,17.9
C_00033,LOT_000,168,10.598,False,0.295,17.9
C_00034,LOT_000,0,10.462,False,0.364,35.1
C_00034,LOT_000,24,10.451,False,0.364,35.1
C_00034,LOT_000,96,10.867,False,0.364,35.1
C_00034,LOT_000,168,10.925,False,0.364,35.1
C_00035,LOT_000,0,11.092,False,0.365,35.6
C_00035,LOT_000,24,11.754,False,0.365,35.6
C_00035,LOT_000,96,11.741,False,0.365,35.6
C_00035,LOT_000,168,11.936,False,0.365,35.6
C_00036,LOT_000,0,10.839,False,0.368,36.6
C_00036,LOT_000,24,11.167,False,0.368,36.6
C_00036,LOT_000,96,11.357,False,0.368,36.6
C_00036,LOT_000,168,11.454,False,0.368,36.6
C_00037,LOT_000,0,9.685,False,0.356,32.5
C_00037,LOT_000,24,10.296,False,0.356,32.5
C_00037,LOT_000,96,10.572,False,0.356,32.5
C_00037,LOT_000,168,10.736,False,0.356,32.5
C_00038,LOT_000,0,8.989,False,0.363,34.8
C_00038,LOT_000,24,9.549,False,0.363,34.8
C_00038,LOT_000,96,9.493,False,0.363,34.8
C_00038,LOT_000,168,9.663,False,0.363,34.8
C_00039,LOT_000,0,10.51,False,0.402,50.9
C_00039,LOT_000,24,10.609,False,0.402,50.9
C_00039,LOT_000,96,10.762,False,0.402,50.9
C_00039,LOT_000,168,11.247,False,0.402,50.9
C_00040,LOT_000,0,10.729,False,0.338,27.3
C_00040,LOT_000,24,11.212,False,0.338,27.3
C_00040,LOT_000,96,10.904,False,0.338,27.3
C_00040,LOT_000,168,11.451,False,0.338,27.3
C_00041,LOT_001,0,10.824,False,0.379,40.7
C_00041,LOT_001,24,10.788,False,0.379,40.7
C_00041,LOT_001,96,11.244,False,0.379,40.7
C_00041,LOT_001,168,11.921,False,0.379,40.7
C_00042,LOT_001,0,9.134,False,0.309,20.6
C_00042,LOT_001,24,9.314,False,0.309,20.6
C_00042,LOT_001,96,9.618,False,0.309,20.6
C_00042,LOT_001,168,9.866,False,0.309,20.6
C_00043,LOT_001,0,8.498,False,0.362,34.5
C_00043,LOT_001,24,8.83,False,0.362,34.5
C_00043,LOT_001,96,8.41,False,0.362,34.5
C_00043,LOT_001,168,8.809,False,0.362,34.5
C_00044,LOT_001,0,8.994,False,0.409,54.5
C_00044,LOT_001,24,8.954,False,0.409,54.5
C_00044,LOT_001,96,9.524,False,0.409,54.5
C_00044,LOT_001,168,9.815,False,0.409,54.5
C_00045,LOT_001,0,9.879,False,0.361,34.0
C_00045,LOT_001,24,10.018,False,0.361,34.0
C_00045,LOT_001,96,10.338,False,0.361,34.0
C_00045,LOT_001,168,10.622,False,0.361,34.0
C_00046,LOT_001,0,9.538,False,0.409,54.6
C_00046,LOT_001,24,9.964,False,0.409,54.6
C_00046,LOT_001,96,10.439,False,0.409,54.6
C_00046,LOT_001,168,10.542,False,0.409,54.6
C_00047,LOT_001,0,10.752,False,0.384,42.6
C_00047,LOT_001,24,10.403,False,0.384,42.6
C_00047,LOT_001,96,10.297,False,0.384,42.6
C_00047,LOT_001,168,11.238,False,0.384,42.6
C_00048,LOT_001,0,9.588,False,0.402,51.1
C_00048,LOT_001,24,9.747,False,0.402,51.1
C_00048,LOT_001,96,10.255,False,0.402,51.1
C_00048,LOT_001,168,10.762,False,0.402,51.1
C_00049,LOT_001,0,9.944,False,0.293,17.6
C_00049,LOT_001,24,9.921,False,0.293,17.6
C_00049,LOT_001,96,10.232,False,0.293,17.6
C_00049,LOT_001,168,10.375,False,0.293,17.6
C_00050,LOT_001,0,9.426,False,0.356,32.3
C_00050,LOT_001,24,9.6,False,0.356,32.3
C_00050,LOT_001,96,9.551,False,0.356,32.3
C_00050,LOT_001,168,9.787,False,0.356,32.3
C_00051,LOT_001,0,10.198,False,0.334,26.2
C_00051,LOT_001,24,10.346,False,0.334,26.2
C_00051,LOT_001,96,10.722,False,0.334,26.2
C_00051,LOT_001,168,10.28,False,0.334,26.2
C_00052,LOT_001,0,9.036,False,0.257,12.3
C_00052,LOT_001,24,8.894,False,0.257,12.3
C_00052,LOT_001,96,9.045,False,0.257,12.3
C_00052,LOT_001,168,9.253,False,0.257,12.3
C_00053,LOT_001,0,9.568,False,0.404,52.0
C_00053,LOT_001,24,9.835,False,0.404,52.0
C_00053,LOT_001,96,10.002,False,0.404,52.0
C_00053,LOT_001,168,10.373,False,0.404,52.0
C_00054,LOT_001,0,10.323,False,0.419,60.0
C_00054,LOT_001,24,10.296,False,0.419,60.0
C_00054,LOT_001,96,11.017,False,0.419,60.0
C_00054,LOT_001,168,11.203,False,0.419,60.0
C_00055,LOT_001,0,10.095,False,0.326,24.2
C_00055,LOT_001,24,10.28,False,0.326,24.2
C_00055,LOT_001,96,10.656,False,0.326,24.2
C_00055,LOT_001,168,10.643,False,0.326,24.2
C_00056,LOT_001,0,9.689,False,0.403,51.3
C_00056,LOT_001,24,10.405,False,0.403,51.3
C_00056,LOT_001,96,10.448,False,0.403,51.3
C_00056,LOT_001,168,10.979,False,0.403,51.3
C_00057,LOT_001,0,10.097,False,0.364,35.1
C_00057,LOT_001,24,9.851,False,0.364,35.1
C_00057,LOT_001,96,10.09,False,0.364,35.1
C_00057,LOT_001,168,10.435,False,0.364,35.1
C_00058,LOT_001,0,9.8,False,0.349,30.3
C_00058,LOT_001,24,9.776,False,0.349,30.3
C_00058,LOT_001,96,9.873,False,0.349,30.3
C_00058,LOT_001,168,10.21,False,0.349,30.3
C_00059,LOT_001,0,9.415,True,0.768,1819.0
C_00059,LOT_001,24,16.669,True,0.768,1819.0
C_00059,LOT_001,96,27.319,True,0.768,1819.0
C_00059,LOT_001,168,35.48,True,0.768,1819.0
C_00060,LOT_001,0,9.903,False,0.336,26.8
C_00060,LOT_001,24,10.252,False,0.336,26.8
C_00060,LOT_001,96,10.957,False,0.336,26.8
C_00060,LOT_001,168,10.611,False,0.336,26.8
C_00061,LOT_001,0,9.791,False,0.373,38.4
C_00061,LOT_001,24,9.832,False,0.373,38.4
C_00061,LOT_001,96,10.317,False,0.373,38.4
C_00061,LOT_001,168,10.251,False,0.373,38.4
C_00062,LOT_001,0,10.205,False,0.377,39.7
C_00062,LOT_001,24,10.255,False,0.377,39.7
C_00062,LOT_001,96,10.686,False,0.377,39.7
C_00062,LOT_001,168,10.743,False,0.377,39.7
C_00063,LOT_001,0,8.437,False,0.337,26.9
C_00063,LOT_001,24,9.04,False,0.337,26.9
C_00063,LOT_001,96,9.122,False,0.337,26.9
C_00063,LOT_001,168,8.963,False,0.337,26.9
C_00064,LOT_001,0,8.103,False,0.328,24.8
C_00064,LOT_001,24,8.036,False,0.328,24.8
C_00064,LOT_001,96,8.344,False,0.328,24.8
C_00064,LOT_001,168,8.126,False,0.328,24.8
C_00065,LOT_001,0,9.897,False,0.347,29.6
C_00065,LOT_001,24,10.077,False,0.347,29.6
C_00065,LOT_001,96,9.99,False,0.347,29.6
C_00065,LOT_001,168,10.437,False,0.347,29.6
C_00066,LOT_001,0,9.167,False,0.314,21.6
C_00066,LOT_001,24,9.554,False,0.314,21.6
C_00066,LOT_001,96,9.357,False,0.314,21.6
C_00066,LOT_001,168,9.814,False,0.314,21.6
C_00067,LOT_001,0,9.736,False,0.413,56.5
C_00067,LOT_001,24,10.055,False,0.413,56.5
C_00067,LOT_001,96,10.574,False,0.413,56.5
C_00067,LOT_001,168,10.431,False,0.413,56.5
C_00068,LOT_001,0,9.307,False,0.396,48.0
C_00068,LOT_001,24,9.329,False,0.396,48.0
C_00068,LOT_001,96,9.788,False,0.396,48.0
C_00068,LOT_001,168,10.214,False,0.396,48.0
C_00069,LOT_001,0,9.429,False,0.344,28.8
C_00069,LOT_001,24,9.866,False,0.344,28.8
C_00069,LOT_001,96,10.022,False,0.344,28.8
C_00069,LOT_001,168,10.093,False,0.344,28.8
C_00070,LOT_001,0,9.884,False,0.431,67.9
C_00070,LOT_001,24,10.082,False,0.431,67.9
C_00070,LOT_001,96,10.468,False,0.431,67.9
C_00070,LOT_001,168,10.759,False,0.431,67.9
C_00071,LOT_001,0,9.533,False,0.314,21.6
C_00071,LOT_001,24,9.565,False,0.314,21.6
C_00071,LOT_001,96,9.541,False,0.314,21.6
C_00071,LOT_001,168,9.956,False,0.314,21.6
C_00072,LOT_001,0,9.714,False,0.324,23.7
C_00072,LOT_001,24,9.494,False,0.324,23.7
C_00072,LOT_001,96,9.909,False,0.324,23.7
C_00072,LOT_001,168,10.085,False,0.324,23.7
C_00073,LOT_001,0,10.129,False,0.292,17.3
C_00073,LOT_001,24,9.907,False,0.292,17.3
C_00073,LOT_001,96,10.144,False,0.292,17.3
C_00073,LOT_001,168,9.682,False,0.292,17.3
C_00074,LOT_001,0,9.982,False,0.307,20.1
C_00074,LOT_001,24,9.449,False,0.307,20.1
C_00074,LOT_001,96,9.631,False,0.307,20.1
C_00074,LOT_001,168,9.924,False,0.307,20.1
C_00075,LOT_001,0,8.755,False,0.36,33.8
C_00075,LOT_001,24,8.958,False,0.36,33.8
C_00075,LOT_001,96,9.323,False,0.36,33.8
C_00075,LOT_001,168,9.463,False,0.36,33.8
C_00076,LOT_001,0,9.798,False,0.279,15.3
C_00076,LOT_001,24,10.229,False,0.279,15.3
C_00076,LOT_001,96,9.949,False,0.279,15.3
C_00076,LOT_001,168,10.021,False,0.279,15.3
C_00077,LOT_001,0,10.328,False,0.368,36.5
C_00077,LOT_001,24,10.161,False,0.368,36.5
C_00077,LOT_001,96,10.658,False,0.368,36.5
C_00077,LOT_001,168,10.498,False,0.368,36.5
C_00078,LOT_001,0,9.343,False,0.299,18.5
C_00078,LOT_001,24,9.262,False,0.299,18.5
C_00078,LOT_001,96,9.765,False,0.299,18.5
C_00078,LOT_001,168,9.504,False,0.299,18.5
C_00079,LOT_001,0,9.823,True,0.678,758.4
C_00079,LOT_001,24,12.742,True,0.678,758.4
C_00079,LOT_001,96,17.556,True,0.678,758.4
C_00079,LOT_001,168,20.443,True,0.678,758.4
C_00080,LOT_001,0,10.301,False,0.452,83.0
C_00080,LOT_001,24,11.011,False,0.452,83.0
C_00080,LOT_001,96,11.575,False,0.452,83.0
C_00080,LOT_001,168,12.016,False,0.452,83.0
C_00081,LOT_002,0,7.914,False,0.378,40.2
C_00081,LOT_002,24,7.94,False,0.378,40.2
C_00081,LOT_002,96,8.097,False,0.378,40.2
C_00081,LOT_002,168,8.303,False,0.378,40.2
C_00082,LOT_002,0,7.941,False,0.281,15.6
C_00082,LOT_002,24,8.336,False,0.281,15.6
C_00082,LOT_002,96,8.057,False,0.281,15.6
C_00082,LOT_002,168,8.382,False,0.281,15.6
C_00083,LOT_002,0,9.001,False,0.363,34.7
C_00083,LOT_002,24,9.28,False,0.363,34.7
C_00083,LOT_002,96,9.116,False,0.363,34.7
C_00083,LOT_002,168,8.947,False,0.363,34.7
C_00084,LOT_002,0,7.915,False,0.336,26.8
C_00084,LOT_002,24,8.002,False,0.336,26.8
C_00084,LOT_002,96,8.431,False,0.336,26.8
C_00084,LOT_002,168,8.326,False,0.336,26.8
C_00085,LOT_002,0,8.833,False,0.361,34.1
C_00085,LOT_002,24,9.313,False,0.361,34.1
C_00085,LOT_002,96,9.333,False,0.361,34.1
C_00085,LOT_002,168,9.775,False,0.361,34.1
C_00086,LOT_002,0,8.976,False,0.343,28.7
C_00086,LOT_002,24,9.164,False,0.343,28.7
C_00086,LOT_002,96,8.94,False,0.343,28.7
C_00086,LOT_002,168,9.018,False,0.343,28.7
C_00087,LOT_002,0,8.998,False,0.41,55.0
C_00087,LOT_002,24,9.288,False,0.41,55.0
C_00087,LOT_002,96,9.373,False,0.41,55.0
C_00087,LOT_002,168,9.718,False,0.41,55.0
C_00088,LOT_002,0,8.075,False,0.319,22.5
C_00088,LOT_002,24,8.137,False,0.319,22.5
C_00088,LOT_002,96,8.318,False,0.319,22.5
C_00088,LOT_002,168,8.578,False,0.319,22.5
C_00089,LOT_002,0,7.969,True,0.698,919.4
C_00089,LOT_002,24,10.046,True,0.698,919.4
C_00089,LOT_002,96,12.752,True,0.698,919.4
C_00089,LOT_002,168,14.318,True,0.698,919.4
C_00090,LOT_002,0,8.655,False,0.378,40.3
C_00090,LOT_002,24,8.734,False,0.378,40.3
C_00090,LOT_002,96,8.695,False,0.378,40.3
C_00090,LOT_002,168,8.728,False,0.378,40.3
C_00091,LOT_002,0,8.673,False,0.309,20.5
C_00091,LOT_002,24,8.145,False,0.309,20.5
C_00091,LOT_002,96,8.338,False,0.309,20.5
C_00091,LOT_002,168,8.476,False,0.309,20.5
C_00092,LOT_002,0,8.614,False,0.381,41.3
C_00092,LOT_002,24,8.99,False,0.381,41.3
C_00092,LOT_002,96,9.041,False,0.381,41.3
C_00092,LOT_002,168,9.21,False,0.381,41.3
C_00093,LOT_002,0,8.951,False,0.356,32.6
C_00093,LOT_002,24,8.605,False,0.356,32.6
C_00093,LOT_002,96,8.592,False,0.356,32.6
C_00093,LOT_002,168,9.231,False,0.356,32.6
C_00094,LOT_002,0,8.285,False,0.276,14.8
C_00094,LOT_002,24,8.459,False,0.276,14.8
C_00094,LOT_002,96,8.289,False,0.276,14.8
C_00094,LOT_002,168,8.172,False,0.276,14.8
C_00095,LOT_002,0,9.025,False,0.338,27.2
C_00095,LOT_002,24,9.05,False,0.338,27.2
C_00095,LOT_002,96,9.022,False,0.338,27.2
C_00095,LOT_002,168,8.724,False,0.338,27.2
C_00096,LOT_002,0,9.111,False,0.368,36.4
C_00096,LOT_002,24,9.223,False,0.368,36.4
C_00096,LOT_002,96,9.316,False,0.368,36.4
C_00096,LOT_002,168,9.34,False,0.368,36.4
C_00097,LOT_002,0,9.0,False,0.328,24.6
C_00097,LOT_002,24,9.076,False,0.328,24.6
C_00097,LOT_002,96,9.093,False,0.328,24.6
C_00097,LOT_002,168,8.957,False,0.328,24.6
C_00098,LOT_002,0,8.739,False,0.358,33.1
C_00098,LOT_002,24,8.771,False,0.358,33.1
C_00098,LOT_002,96,8.643,False,0.358,33.1
C_00098,LOT_002,168,8.934,False,0.358,33.1
C_00099,LOT_002,0,9.646,True,0.731,1273.1
C_00099,LOT_002,24,13.033,True,0.731,1273.1
C_00099,LOT_002,96,17.079,True,0.731,1273.1
C_00099,LOT_002,168,19.718,True,0.731,1273.1
C_00100,LOT_002,0,8.341,False,0.3,18.8
C_00100,LOT_002,24,8.026,False,0.3,18.8
C_00100,LOT_002,96,8.355,False,0.3,18.8
C_00100,LOT_002,168,8.577,False,0.3,18.8
C_00101,LOT_002,0,8.998,False,0.352,31.1
C_00101,LOT_002,24,9.349,False,0.352,31.1
C_00101,LOT_002,96,9.461,False,0.352,31.1
C_00101,LOT_002,168,9.701,False,0.352,31.1
C_00102,LOT_002,0,8.633,False,0.3,18.8
C_00102,LOT_002,24,8.609,False,0.3,18.8
C_00102,LOT_002,96,8.602,False,0.3,18.8
C_00102,LOT_002,168,8.784,False,0.3,18.8
C_00103,LOT_002,0,8.378,False,0.362,34.6
C_00103,LOT_002,24,8.469,False,0.362,34.6
C_00103,LOT_002,96,8.335,False,0.362,34.6
C_00103,LOT_002,168,8.515,False,0.362,34.6
C_00104,LOT_002,0,8.065,False,0.265,13.4
C_00104,LOT_002,24,8.099,False,0.265,13.4
C_00104,LOT_002,96,8.116,False,0.265,13.4
C_00104,LOT_002,168,8.359,False,0.265,13.4
C_00105,LOT_002,0,8.802,False,0.412,56.4
C_00105,LOT_002,24,8.876,False,0.412,56.4
C_00105,LOT_002,96,9.017,False,0.412,56.4
C_00105,LOT_002,168,9.233,False,0.412,56.4
C_00106,LOT_002,0,9.626,False,0.337,26.8
C_00106,LOT_002,24,10.042,False,0.337,26.8
C_00106,LOT_002,96,9.789,False,0.337,26.8
C_00106,LOT_002,168,9.903,False,0.337,26.8
C_00107,LOT_002,0,10.516,False,0.384,42.7
C_00107,LOT_002,24,10.373,False,0.384,42.7
C_00107,LOT_002,96,10.503,False,0.384,42.7
C_00107,LOT_002,168,10.899,False,0.384,42.7
C_00108,LOT_002,0,8.884,False,0.351,30.8
C_00108,LOT_002,24,8.544,False,0.351,30.8
C_00108,LOT_002,96,9.094,False,0.351,30.8
C_00108,LOT_002,168,8.867,False,0.351,30.8
C_00109,LOT_002,0,8.777,False,0.353,31.6
C_00109,LOT_002,24,8.481,False,0.353,31.6
C_00109,LOT_002,96,8.737,False,0.353,31.6
C_00109,LOT_002,168,8.771,False,0.353,31.6
C_00110,LOT_002,0,8.82,False,0.31,20.6
C_00110,LOT_002,24,8.536,False,0.31,20.6
C_00110,LOT_002,96,8.596,False,0.31,20.6
C_00110,LOT_002,168,8.988,False,0.31,20.6
C_00111,LOT_002,0,8.773,False,0.349,30.3
C_00111,LOT_002,24,8.504,False,0.349,30.3
C_00111,LOT_002,96,8.596,False,0.349,30.3
C_00111,LOT_002,168,8.679,False,0.349,30.3
C_00112,LOT_002,0,8.994,False,0.333,25.9
C_00112,LOT_002,24,9.223,False,0.333,25.9
C_00112,LOT_002,96,9.354,False,0.333,25.9
C_00112,LOT_002,168,9.437,False,0.333,25.9
C_00113,LOT_002,0,8.355,False,0.392,46.2
C_00113,LOT_002,24,8.704,False,0.392,46.2
C_00113,LOT_002,96,8.506,False,0.392,46.2
C_00113,LOT_002,168,8.933,False,0.392,46.2
C_00114,LOT_002,0,8.941,False,0.414,57.0
C_00114,LOT_002,24,8.71,False,0.414,57.0
C_00114,LOT_002,96,8.722,False,0.414,57.0
C_00114,LOT_002,168,9.086,False,0.414,57.0
C_00115,LOT_002,0,8.17,False,0.366,35.8
C_00115,LOT_002,24,8.525,False,0.366,35.8
C_00115,LOT_002,96,8.659,False,0.366,35.8
C_00115,LOT_002,168,8.778,False,0.366,35.8
C_00116,LOT_002,0,9.21,False,0.275,14.7
C_00116,LOT_002,24,9.434,False,0.275,14.7
C_00116,LOT_002,96,9.351,False,0.275,14.7
C_00116,LOT_002,168,9.459,False,0.275,14.7
C_00117,LOT_002,0,8.589,False,0.367,36.0
C_00117,LOT_002,24,8.669,False,0.367,36.0
C_00117,LOT_002,96,8.855,False,0.367,36.0
C_00117,LOT_002,168,9.054,False,0.367,36.0
C_00118,LOT_002,0,8.809,False,0.374,38.6
C_00118,LOT_002,24,9.088,False,0.374,38.6
C_00118,LOT_002,96,9.191,False,0.374,38.6
C_00118,LOT_002,168,9.155,False,0.374,38.6
C_00119,LOT_002,0,8.856,False,0.398,49.0
C_00119,LOT_002,24,9.109,False,0.398,49.0
C_00119,LOT_002,96,8.681,False,0.398,49.0
C_00119,LOT_002,168,9.378,False,0.398,49.0
C_00120,LOT_002,0,7.587,False,0.368,36.5
C_00120,LOT_002,24,7.751,False,0.368,36.5
C_00120,LOT_002,96,8.186,False,0.368,36.5
C_00120,LOT_002,168,7.974,False,0.368,36.5
C_00121,LOT_003,0,13.892,False,0.355,32.2
C_00121,LOT_003,24,14.118,False,0.355,32.2
C_00121,LOT_003,96,14.084,False,0.355,32.2
C_00121,LOT_003,168,14.652,False,0.355,32.2
C_00122,LOT_003,0,13.367,False,0.351,31.0
C_00122,LOT_003,24,13.634,False,0.351,31.0
C_00122,LOT_003,96,14.033,False,0.351,31.0
C_00122,LOT_003,168,13.827,False,0.351,31.0
C_00123,LOT_003,0,13.653,False,0.334,26.1
C_00123,LOT_003,24,13.825,False,0.334,26.1
C_00123,LOT_003,96,13.558,False,0.334,26.1
C_00123,LOT_003,168,14.245,False,0.334,26.1
C_00124,LOT_003,0,13.063,False,0.375,39.2
C_00124,LOT_003,24,13.131,False,0.375,39.2
C_00124,LOT_003,96,13.466,False,0.375,39.2
C_00124,LOT_003,168,14.113,False,0.375,39.2
C_00125,LOT_003,0,14.157,False,0.403,51.2
C_00125,LOT_003,24,14.6,False,0.403,51.2
C_00125,LOT_003,96,14.954,False,0.403,51.2
C_00125,LOT_003,168,15.37,False,0.403,51.2
C_00126,LOT_003,0,12.807,False,0.321,23.0
C_00126,LOT_003,24,12.779,False,0.321,23.0
C_00126,LOT_003,96,13.082,False,0.321,23.0
C_00126,LOT_003,168,13.332,False,0.321,23.0
C_00127,LOT_003,0,13.65,False,0.365,35.5
C_00127,LOT_003,24,13.345,False,0.365,35.5
C_00127,LOT_003,96,13.384,False,0.365,35.5
C_00127,LOT_003,168,13.812,False,0.365,35.5
C_00128,LOT_003,0,12.889,False,0.339,27.5
C_00128,LOT_003,24,12.968,False,0.339,27.5
C_00128,LOT_003,96,13.209,False,0.339,27.5
C_00128,LOT_003,168,13.423,False,0.339,27.5
C_00129,LOT_003,0,11.094,False,0.335,26.6
C_00129,LOT_003,24,11.225,False,0.335,26.6
C_00129,LOT_003,96,11.686,False,0.335,26.6
C_00129,LOT_003,168,11.893,False,0.335,26.6
C_00130,LOT_003,0,12.31,False,0.369,37.0
C_00130,LOT_003,24,12.76,False,0.369,37.0
C_00130,LOT_003,96,12.719,False,0.369,37.0
C_00130,LOT_003,168,13.316,False,0.369,37.0
C_00131,LOT_003,0,11.989,False,0.389,44.8
C_00131,LOT_003,24,12.03,False,0.389,44.8
C_00131,LOT_003,96,12.412,False,0.389,44.8
C_00131,LOT_003,168,12.803,False,0.389,44.8
C_00132,LOT_003,0,11.915,False,0.368,36.3
C_00132,LOT_003,24,12.201,False,0.368,36.3
C_00132,LOT_003,96,13.106,False,0.368,36.3
C_00132,LOT_003,168,12.458,False,0.368,36.3
C_00133,LOT_003,0,12.92,False,0.366,36.0
C_00133,LOT_003,24,12.969,False,0.366,36.0
C_00133,LOT_003,96,13.713,False,0.366,36.0
C_00133,LOT_003,168,13.481,False,0.366,36.0
C_00134,LOT_003,0,12.312,False,0.348,29.9
C_00134,LOT_003,24,12.717,False,0.348,29.9
C_00134,LOT_003,96,12.613,False,0.348,29.9
C_00134,LOT_003,168,12.791,False,0.348,29.9
C_00135,LOT_003,0,12.574,False,0.286,16.4
C_00135,LOT_003,24,12.936,False,0.286,16.4
C_00135,LOT_003,96,13.456,False,0.286,16.4
C_00135,LOT_003,168,12.719,False,0.286,16.4
C_00136,LOT_003,0,12.893,False,0.344,28.9
C_00136,LOT_003,24,13.088,False,0.344,28.9
C_00136,LOT_003,96,13.252,False,0.344,28.9
C_00136,LOT_003,168,13.228,False,0.344,28.9
C_00137,LOT_003,0,13.191,False,0.339,27.5
C_00137,LOT_003,24,13.568,False,0.339,27.5
C_00137,LOT_003,96,13.684,False,0.339,27.5
C_00137,LOT_003,168,13.678,False,0.339,27.5
C_00138,LOT_003,0,12.887,False,0.413,56.8
C_00138,LOT_003,24,13.302,False,0.413,56.8
C_00138,LOT_003,96,13.843,False,0.413,56.8
C_00138,LOT_003,168,14.152,False,0.413,56.8
C_00139,LOT_003,0,12.732,True,0.662,644.0
C_00139,LOT_003,24,17.004,True,0.662,644.0
C_00139,LOT_003,96,24.316,True,0.662,644.0
C_00139,LOT_003,168,29.417,True,0.662,644.0
C_00140,LOT_003,0,12.51,False,0.304,19.5
C_00140,LOT_003,24,12.626,False,0.304,19.5
C_00140,LOT_003,96,13.089,False,0.304,19.5
C_00140,LOT_003,168,12.869,False,0.304,19.5
C_00141,LOT_003,0,11.76,False,0.368,36.5
C_00141,LOT_003,24,12.064,False,0.368,36.5
C_00141,LOT_003,96,12.374,False,0.368,36.5
C_00141,LOT_003,168,12.583,False,0.368,36.5
C_00142,LOT_003,0,12.391,False,0.34,27.8
C_00142,LOT_003,24,12.724,False,0.34,27.8
C_00142,LOT_003,96,12.903,False,0.34,27.8
C_00142,LOT_003,168,13.646,False,0.34,27.8
C_00143,LOT_003,0,13.648,False,0.352,31.4
C_00143,LOT_003,24,13.882,False,0.352,31.4
C_00143,LOT_003,96,14.693,False,0.352,31.4
C_00143,LOT_003,168,13.853,False,0.352,31.4
C_00144,LOT_003,0,12.394,False,0.351,30.8
C_00144,LOT_003,24,12.345,False,0.351,30.8
C_00144,LOT_003,96,12.955,False,0.351,30.8
C_00144,LOT_003,168,13.162,False,0.351,30.8
C_00145,LOT_003,0,13.612,False,0.361,34.1
C_00145,LOT_003,24,13.672,False,0.361,34.1
C_00145,LOT_003,96,14.001,False,0.361,34.1
C_00145,LOT_003,168,14.672,False,0.361,34.1
C_00146,LOT_003,0,11.553,False,0.303,19.2
C_00146,LOT_003,24,11.369,False,0.303,19.2
C_00146,LOT_003,96,11.665,False,0.303,19.2
C_00146,LOT_003,168,11.829,False,0.303,19.2
C_00147,LOT_003,0,13.74,False,0.334,26.1
C_00147,LOT_003,24,13.681,False,0.334,26.1
C_00147,LOT_003,96,14.438,False,0.334,26.1
C_00147,LOT_003,168,14.386,False,0.334,26.1
C_00148,LOT_003,0,11.557,False,0.32,22.7
C_00148,LOT_003,24,11.687,False,0.32,22.7
C_00148,LOT_003,96,11.481,False,0.32,22.7
C_00148,LOT_003,168,12.13,False,0.32,22.7
C_00149,LOT_003,0,13.09,False,0.35,30.5
C_00149,LOT_003,24,13.445,False,0.35,30.5
C_00149,LOT_003,96,13.797,False,0.35,30.5
C_00149,LOT_003,168,13.82,False,0.35,30.5
C_00150,LOT_003,0,13.979,False,0.34,27.7
C_00150,LOT_003,24,14.144,False,0.34,27.7
C_00150,LOT_003,96,13.543,False,0.34,27.7
C_00150,LOT_003,168,13.824,False,0.34,27.7
C_00151,LOT_003,0,11.986,False,0.297,18.3
C_00151,LOT_003,24,11.96,False,0.297,18.3
C_00151,LOT_003,96,11.992,False,0.297,18.3
C_00151,LOT_003,168,12.111,False,0.297,18.3
C_00152,LOT_003,0,12.235,False,0.441,74.7
C_00152,LOT_003,24,12.3,False,0.441,74.7
C_00152,LOT_003,96,13.023,False,0.441,74.7
C_00152,LOT_003,168,13.397,False,0.441,74.7
C_00153,LOT_003,0,11.364,False,0.278,15.1
C_00153,LOT_003,24,12.034,False,0.278,15.1
C_00153,LOT_003,96,11.851,False,0.278,15.1
C_00153,LOT_003,168,12.268,False,0.278,15.1
C_00154,LOT_003,0,13.481,False,0.314,21.5
C_00154,LOT_003,24,13.264,False,0.314,21.5
C_00154,LOT_003,96,13.779,False,0.314,21.5
C_00154,LOT_003,168,13.945,False,0.314,21.5
C_00155,LOT_003,0,11.296,False,0.303,19.3
C_00155,LOT_003,24,11.962,False,0.303,19.3
C_00155,LOT_003,96,12.192,False,0.303,19.3
C_00155,LOT_003,168,12.061,False,0.303,19.3
C_00156,LOT_003,0,13.461,False,0.375,39.0
C_00156,LOT_003,24,13.081,False,0.375,39.0
C_00156,LOT_003,96,14.143,False,0.375,39.0
C_00156,LOT_003,168,13.838,False,0.375,39.0
C_00157,LOT_003,0,12.7,False,0.334,26.1
C_00157,LOT_003,24,12.513,False,0.334,26.1
C_00157,LOT_003,96,13.431,False,0.334,26.1
C_00157,LOT_003,168,13.782,False,0.334,26.1
C_00158,LOT_003,0,13.122,False,0.321,23.1
C_00158,LOT_003,24,13.044,False,0.321,23.1
C_00158,LOT_003,96,13.722,False,0.321,23.1
C_00158,LOT_003,168,13.316,False,0.321,23.1
C_00159,LOT_003,0,12.753,False,0.382,41.8
C_00159,LOT_003,24,12.986,False,0.382,41.8
C_00159,LOT_003,96,13.212,False,0.382,41.8
C_00159,LOT_003,168,13.911,False,0.382,41.8
C_00160,LOT_003,0,13.045,False,0.411,55.8
C_00160,LOT_003,24,13.611,False,0.411,55.8
C_00160,LOT_003,96,13.956,False,0.411,55.8
C_00160,LOT_003,168,14.595,False,0.411,55.8
C_00161,LOT_004,0,8.79,False,0.398,48.8
C_00161,LOT_004,24,9.517,False,0.398,48.8
C_00161,LOT_004,96,9.718,False,0.398,48.8
C_00161,LOT_004,168,10.01,False,0.398,48.8
C_00162,LOT_004,0,9.299,False,0.43,67.0
C_00162,LOT_004,24,9.464,False,0.43,67.0
C_00162,LOT_004,96,9.915,False,0.43,67.0
C_00162,LOT_004,168,9.931,False,0.43,67.0
C_00163,LOT_004,0,9.525,False,0.287,16.5
C_00163,LOT_004,24,9.639,False,0.287,16.5
C_00163,LOT_004,96,9.959,False,0.287,16.5
C_00163,LOT_004,168,9.635,False,0.287,16.5
C_00164,LOT_004,0,9.507,False,0.34,27.8
C_00164,LOT_004,24,10.07,False,0.34,27.8
C_00164,LOT_004,96,9.499,False,0.34,27.8
C_00164,LOT_004,168,10.129,False,0.34,27.8
C_00165,LOT_004,0,9.838,False,0.323,23.5
C_00165,LOT_004,24,10.182,False,0.323,23.5
C_00165,LOT_004,96,9.94,False,0.323,23.5
C_00165,LOT_004,168,10.17,False,0.323,23.5
C_00166,LOT_004,0,9.939,False,0.32,22.7
C_00166,LOT_004,24,9.736,False,0.32,22.7
C_00166,LOT_004,96,10.256,False,0.32,22.7
C_00166,LOT_004,168,10.529,False,0.32,22.7
C_00167,LOT_004,0,8.08,False,0.345,29.2
C_00167,LOT_004,24,8.317,False,0.345,29.2
C_00167,LOT_004,96,8.806,False,0.345,29.2
C_00167,LOT_004,168,8.827,False,0.345,29.2
C_00168,LOT_004,0,10.875,False,0.369,36.8
C_00168,LOT_004,24,10.445,False,0.369,36.8
C_00168,LOT_004,96,10.599,False,0.369,36.8
C_00168,LOT_004,168,11.061,False,0.369,36.8
C_00169,LOT_004,0,9.046,True,0.664,658.5
C_00169,LOT_004,24,11.714,True,0.664,658.5
C_00169,LOT_004,96,16.552,True,0.664,658.5
C_00169,LOT_004,168,19.832,True,0.664,658.5
C_00170,LOT_004,0,9.732,True,0.655,602.6
C_00170,LOT_004,24,12.323,True,0.655,602.6
C_00170,LOT_004,96,15.798,True,0.655,602.6
C_00170,LOT_004,168,18.498,True,0.655,602.6
C_00171,LOT_004,0,9.218,False,0.34,27.7
C_00171,LOT_004,24,8.848,False,0.34,27.7
C_00171,LOT_004,96,9.492,False,0.34,27.7
C_00171,LOT_004,168,9.4,False,0.34,27.7
C_00172,LOT_004,0,8.819,False,0.403,51.5
C_00172,LOT_004,24,8.602,False,0.403,51.5
C_00172,LOT_004,96,9.344,False,0.403,51.5
C_00172,LOT_004,168,9.527,False,0.403,51.5
C_00173,LOT_004,0,9.3,False,0.365,35.3
C_00173,LOT_004,24,9.467,False,0.365,35.3
C_00173,LOT_004,96,9.918,False,0.365,35.3
C_00173,LOT_004,168,10.049,False,0.365,35.3
C_00174,LOT_004,0,9.121,False,0.343,28.7
C_00174,LOT_004,24,9.443,False,0.343,28.7
C_00174,LOT_004,96,9.197,False,0.343,28.7
C_00174,LOT_004,168,9.592,False,0.343,28.7
C_00175,LOT_004,0,8.988,False,0.409,54.6
C_00175,LOT_004,24,8.768,False,0.409,54.6
C_00175,LOT_004,96,9.743,False,0.409,54.6
C_00175,LOT_004,168,9.755,False,0.409,54.6
C_00176,LOT_004,0,9.539,False,0.294,17.6
C_00176,LOT_004,24,9.633,False,0.294,17.6
C_00176,LOT_004,96,9.69,False,0.294,17.6
C_00176,LOT_004,168,9.759,False,0.294,17.6
C_00177,LOT_004,0,9.52,False,0.376,39.5
C_00177,LOT_004,24,9.513,False,0.376,39.5
C_00177,LOT_004,96,10.28,False,0.376,39.5
C_00177,LOT_004,168,9.769,False,0.376,39.5
C_00178,LOT_004,0,10.242,False,0.316,21.9
C_00178,LOT_004,24,10.329,False,0.316,21.9
C_00178,LOT_004,96,10.286,False,0.316,21.9
C_00178,LOT_004,168,10.349,False,0.316,21.9
C_00179,LOT_004,0,9.325,False,0.406,53.0
C_00179,LOT_004,24,9.884,False,0.406,53.0
C_00179,LOT_004,96,10.267,False,0.406,53.0
C_00179,LOT_004,168,10.494,False,0.406,53.0
C_00180,LOT_004,0,8.831,False,0.313,21.3
C_00180,LOT_004,24,9.252,False,0.313,21.3
C_00180,LOT_004,96,9.319,False,0.313,21.3
C_00180,LOT_004,168,9.35,False,0.313,21.3
C_00181,LOT_004,0,8.648,False,0.395,47.5
C_00181,LOT_004,24,8.524,False,0.395,47.5
C_00181,LOT_004,96,9.292,False,0.395,47.5
C_00181,LOT_004,168,9.236,False,0.395,47.5
C_00182,LOT_004,0,10.45,True,0.753,1575.1
C_00182,LOT_004,24,18.462,True,0.753,1575.1
C_00182,LOT_004,96,31.277,True,0.753,1575.1
C_00182,LOT_004,168,40.787,True,0.753,1575.1
C_00183,LOT_004,0,10.116,False,0.345,29.3
C_00183,LOT_004,24,10.598,False,0.345,29.3
C_00183,LOT_004,96,10.532,False,0.345,29.3
C_00183,LOT_004,168,10.824,False,0.345,29.3
C_00184,LOT_004,0,8.812,False,0.368,36.6
C_00184,LOT_004,24,8.73,False,0.368,36.6
C_00184,LOT_004,96,8.958,False,0.368,36.6
C_00184,LOT_004,168,9.13,False,0.368,36.6
C_00185,LOT_004,0,8.919,False,0.395,47.5
C_00185,LOT_004,24,9.507,False,0.395,47.5
C_00185,LOT_004,96,9.832,False,0.395,47.5
C_00185,LOT_004,168,10.499,False,0.395,47.5
C_00186,LOT_004,0,9.165,False,0.418,59.7
C_00186,LOT_004,24,9.313,False,0.418,59.7
C_00186,LOT_004,96,9.716,False,0.418,59.7
C_00186,LOT_004,168,10.075,False,0.418,59.7
C_00187,LOT_004,0,9.804,False,0.295,17.9
C_00187,LOT_004,24,9.721,False,0.295,17.9
C_00187,LOT_004,96,9.951,False,0.295,17.9
C_00187,LOT_004,168,9.921,False,0.295,17.9
C_00188,LOT_004,0,8.874,False,0.306,19.9
C_00188,LOT_004,24,9.297,False,0.306,19.9
C_00188,LOT_004,96,9.087,False,0.306,19.9
C_00188,LOT_004,168,9.301,False,0.306,19.9
C_00189,LOT_004,0,10.118,False,0.363,34.8
C_00189,LOT_004,24,9.749,False,0.363,34.8
C_00189,LOT_004,96,10.407,False,0.363,34.8
C_00189,LOT_004,168,11.002,False,0.363,34.8
C_00190,LOT_004,0,8.946,False,0.372,37.9
C_00190,LOT_004,24,9.155,False,0.372,37.9
C_00190,LOT_004,96,9.746,False,0.372,37.9
C_00190,LOT_004,168,9.756,False,0.372,37.9
C_00191,LOT_004,0,8.604,False,0.273,14.4
C_00191,LOT_004,24,9.126,False,0.273,14.4
C_00191,LOT_004,96,9.235,False,0.273,14.4
C_00191,LOT_004,168,9.269,False,0.273,14.4
C_00192,LOT_004,0,10.07,False,0.343,28.6
C_00192,LOT_004,24,10.184,False,0.343,28.6
C_00192,LOT_004,96,10.334,False,0.343,28.6
C_00192,LOT_004,168,10.62,False,0.343,28.6
C_00193,LOT_004,0,10.048,False,0.312,21.0
C_00193,LOT_004,24,10.308,False,0.312,21.0
C_00193,LOT_004,96,10.979,False,0.312,21.0
C_00193,LOT_004,168,10.734,False,0.312,21.0
C_00194,LOT_004,0,9.368,False,0.346,29.4
C_00194,LOT_004,24,9.202,False,0.346,29.4
C_00194,LOT_004,96,9.585,False,0.346,29.4
C_00194,LOT_004,168,9.991,False,0.346,29.4
C_00195,LOT_004,0,8.346,False,0.321,23.1
C_00195,LOT_004,24,8.27,False,0.321,23.1
C_00195,LOT_004,96,8.544,False,0.321,23.1
C_00195,LOT_004,168,8.641,False,0.321,23.1
C_00196,LOT_004,0,9.758,False,0.344,28.9
C_00196,LOT_004,24,9.707,False,0.344,28.9
C_00196,LOT_004,96,9.857,False,0.344,28.9
C_00196,LOT_004,168,10.06,False,0.344,28.9
C_00197,LOT_004,0,8.358,False,0.356,32.6
C_00197,LOT_004,24,8.76,False,0.356,32.6
C_00197,LOT_004,96,8.913,False,0.356,32.6
C_00197,LOT_004,168,9.158,False,0.356,32.6
C_00198,LOT_004,0,8.645,False,0.3,18.7
C_00198,LOT_004,24,8.159,False,0.3,18.7
C_00198,LOT_004,96,8.693,False,0.3,18.7
C_00198,LOT_004,168,8.912,False,0.3,18.7
C_00199,LOT_004,0,9.276,False,0.322,23.3
C_00199,LOT_004,24,9.234,False,0.322,23.3
C_00199,LOT_004,96,10.017,False,0.322,23.3
C_00199,LOT_004,168,9.765,False,0.322,23.3
C_00200,LOT_004,0,8.384,False,0.294,17.6
C_00200,LOT_004,24,8.641,False,0.294,17.6
C_00200,LOT_004,96,8.762,False,0.294,17.6
C_00200,LOT_004,168,8.822,False,0.294,17.6
C_00201,LOT_005,0,9.961,False,0.395,47.7
C_00201,LOT_005,24,10.351,False,0.395,47.7
C_00201,LOT_005,96,10.905,False,0.395,47.7
C_00201,LOT_005,168,10.88,False,0.395,47.7
C_00202,LOT_005,0,10.101,False,0.335,26.4
C_00202,LOT_005,24,10.229,False,0.335,26.4
C_00202,LOT_005,96,10.364,False,0.335,26.4
C_00202,LOT_005,168,10.289,False,0.335,26.4
C_00203,LOT_005,0,11.901,False,0.279,15.3
C_00203,LOT_005,24,12.285,False,0.279,15.3
C_00203,LOT_005,96,12.236,False,0.279,15.3
C_00203,LOT_005,168,12.464,False,0.279,15.3
C_00204,LOT_005,0,10.736,False,0.395,47.7
C_00204,LOT_005,24,10.661,False,0.395,47.7
C_00204,LOT_005,96,11.038,False,0.395,47.7
C_00204,LOT_005,168,10.723,False,0.395,47.7
C_00205,LOT_005,0,10.601,False,0.349,30.4
C_00205,LOT_005,24,10.122,False,0.349,30.4
C_00205,LOT_005,96,10.835,False,0.349,30.4
C_00205,LOT_005,168,10.737,False,0.349,30.4
C_00206,LOT_005,0,9.292,False,0.37,37.3
C_00206,LOT_005,24,9.623,False,0.37,37.3
C_00206,LOT_005,96,9.381,False,0.37,37.3
C_00206,LOT_005,168,9.784,False,0.37,37.3
C_00207,LOT_005,0,10.897,False,0.343,28.6
C_00207,LOT_005,24,11.4,False,0.343,28.6
C_00207,LOT_005,96,11.382,False,0.343,28.6
C_00207,LOT_005,168,11.281,False,0.343,28.6
C_00208,LOT_005,0,9.459,False,0.366,35.6
C_00208,LOT_005,24,9.465,False,0.366,35.6
C_00208,LOT_005,96,10.043,False,0.366,35.6
C_00208,LOT_005,168,9.505,False,0.366,35.6
C_00209,LOT_005,0,11.447,False,0.398,48.8
C_00209,LOT_005,24,11.568,False,0.398,48.8
C_00209,LOT_005,96,11.854,False,0.398,48.8
C_00209,LOT_005,168,11.787,False,0.398,48.8
C_00210,LOT_005,0,9.258,False,0.355,32.3
C_00210,LOT_005,24,9.096,False,0.355,32.3
C_00210,LOT_005,96,9.706,False,0.355,32.3
C_00210,LOT_005,168,9.678,False,0.355,32.3
C_00211,LOT_005,0,10.004,False,0.29,17.0
C_00211,LOT_005,24,10.422,False,0.29,17.0
C_00211,LOT_005,96,10.122,False,0.29,17.0
C_00211,LOT_005,168,10.436,False,0.29,17.0
C_00212,LOT_005,0,10.328,False,0.344,29.0
C_00212,LOT_005,24,10.222,False,0.344,29.0
C_00212,LOT_005,96,10.405,False,0.344,29.0
C_00212,LOT_005,168,10.683,False,0.344,29.0
C_00213,LOT_005,0,10.173,False,0.331,25.5
C_00213,LOT_005,24,10.668,False,0.331,25.5
C_00213,LOT_005,96,10.498,False,0.331,25.5
C_00213,LOT_005,168,10.711,False,0.331,25.5
C_00214,LOT_005,0,8.771,False,0.359,33.6
C_00214,LOT_005,24,8.996,False,0.359,33.6
C_00214,LOT_005,96,9.261,False,0.359,33.6
C_00214,LOT_005,168,9.141,False,0.359,33.6
C_00215,LOT_005,0,8.702,False,0.376,39.3
C_00215,LOT_005,24,9.013,False,0.376,39.3
C_00215,LOT_005,96,9.028,False,0.376,39.3
C_00215,LOT_005,168,9.137,False,0.376,39.3
C_00216,LOT_005,0,9.335,False,0.392,46.1
C_00216,LOT_005,24,9.959,False,0.392,46.1
C_00216,LOT_005,96,9.984,False,0.392,46.1
C_00216,LOT_005,168,9.913,False,0.392,46.1
C_00217,LOT_005,0,9.942,False,0.353,31.5
C_00217,LOT_005,24,10.062,False,0.353,31.5
C_00217,LOT_005,96,10.165,False,0.353,31.5
C_00217,LOT_005,168,10.019,False,0.353,31.5
C_00218,LOT_005,0,10.673,False,0.295,17.9
C_00218,LOT_005,24,10.936,False,0.295,17.9
C_00218,LOT_005,96,10.906,False,0.295,17.9
C_00218,LOT_005,168,11.367,False,0.295,17.9
C_00219,LOT_005,0,9.367,False,0.377,39.8
C_00219,LOT_005,24,9.672,False,0.377,39.8
C_00219,LOT_005,96,9.695,False,0.377,39.8
C_00219,LOT_005,168,10.081,False,0.377,39.8
C_00220,LOT_005,0,10.122,False,0.324,23.7
C_00220,LOT_005,24,10.109,False,0.324,23.7
C_00220,LOT_005,96,10.426,False,0.324,23.7
C_00220,LOT_005,168,10.61,False,0.324,23.7
C_00221,LOT_005,0,10.2,False,0.303,19.3
C_00221,LOT_005,24,10.181,False,0.303,19.3
C_00221,LOT_005,96,10.272,False,0.303,19.3
C_00221,LOT_005,168,10.523,False,0.303,19.3
C_00222,LOT_005,0,10.709,False,0.313,21.4
C_00222,LOT_005,24,10.903,False,0.313,21.4
C_00222,LOT_005,96,10.713,False,0.313,21.4
C_00222,LOT_005,168,11.436,False,0.313,21.4
C_00223,LOT_005,0,10.235,False,0.296,18.1
C_00223,LOT_005,24,10.84,False,0.296,18.1
C_00223,LOT_005,96,10.786,False,0.296,18.1
C_00223,LOT_005,168,10.695,False,0.296,18.1
C_00224,LOT_005,0,9.894,False,0.378,40.1
C_00224,LOT_005,24,9.501,False,0.378,40.1
C_00224,LOT_005,96,10.035,False,0.378,40.1
C_00224,LOT_005,168,10.291,False,0.378,40.1
C_00225,LOT_005,0,9.901,False,0.361,34.1
C_00225,LOT_005,24,10.338,False,0.361,34.1
C_00225,LOT_005,96,10.499,False,0.361,34.1
C_00225,LOT_005,168,10.649,False,0.361,34.1
C_00226,LOT_005,0,9.952,False,0.348,30.1
C_00226,LOT_005,24,10.029,False,0.348,30.1
C_00226,LOT_005,96,10.256,False,0.348,30.1
C_00226,LOT_005,168,9.942,False,0.348,30.1
C_00227,LOT_005,0,9.884,False,0.352,31.1
C_00227,LOT_005,24,9.995,False,0.352,31.1
C_00227,LOT_005,96,10.606,False,0.352,31.1
C_00227,LOT_005,168,10.653,False,0.352,31.1
C_00228,LOT_005,0,10.098,False,0.377,39.7
C_00228,LOT_005,24,10.095,False,0.377,39.7
C_00228,LOT_005,96,9.915,False,0.377,39.7
C_00228,LOT_005,168,10.625,False,0.377,39.7
C_00229,LOT_005,0,10.868,False,0.315,21.7
C_00229,LOT_005,24,11.092,False,0.315,21.7
C_00229,LOT_005,96,10.669,False,0.315,21.7
C_00229,LOT_005,168,10.876,False,0.315,21.7
C_00230,LOT_005,0,10.441,False,0.305,19.8
C_00230,LOT_005,24,10.409,False,0.305,19.8
C_00230,LOT_005,96,10.526,False,0.305,19.8
C_00230,LOT_005,168,10.49,False,0.305,19.8
C_00231,LOT_005,0,9.901,False,0.327,24.3
C_00231,LOT_005,24,9.513,False,0.327,24.3
C_00231,LOT_005,96,9.644,False,0.327,24.3
C_00231,LOT_005,168,9.57,False,0.327,24.3
C_00232,LOT_005,0,9.473,False,0.335,26.3
C_00232,LOT_005,24,9.722,False,0.335,26.3
C_00232,LOT_005,96,9.726,False,0.335,26.3
C_00232,LOT_005,168,9.987,False,0.335,26.3
C_00233,LOT_005,0,9.937,True,0.694,884.9
C_00233,LOT_005,24,12.717,True,0.694,884.9
C_00233,LOT_005,96,17.179,True,0.694,884.9
C_00233,LOT_005,168,19.7,True,0.694,884.9
C_00234,LOT_005,0,10.873,False,0.362,34.3
C_00234,LOT_005,24,11.18,False,0.362,34.3
C_00234,LOT_005,96,11.098,False,0.362,34.3
C_00234,LOT_005,168,11.334,False,0.362,34.3
C_00235,LOT_005,0,9.728,False,0.325,24.1
C_00235,LOT_005,24,9.658,False,0.325,24.1
C_00235,LOT_005,96,10.273,False,0.325,24.1
C_00235,LOT_005,168,10.562,False,0.325,24.1
C_00236,LOT_005,0,9.198,False,0.379,40.7
C_00236,LOT_005,24,9.425,False,0.379,40.7
C_00236,LOT_005,96,9.192,False,0.379,40.7
C_00236,LOT_005,168,9.727,False,0.379,40.7
C_00237,LOT_005,0,10.623,False,0.288,16.6
C_00237,LOT_005,24,10.307,False,0.288,16.6
C_00237,LOT_005,96,10.312,False,0.288,16.6
C_00237,LOT_005,168,10.155,False,0.288,16.6
C_00238,LOT_005,0,9.838,True,0.646,551.4
C_00238,LOT_005,24,11.52,True,0.646,551.4
C_00238,LOT_005,96,13.962,True,0.646,551.4
C_00238,LOT_005,168,15.936,True,0.646,551.4
C_00239,LOT_005,0,10.213,False,0.375,39.0
C_00239,LOT_005,24,10.382,False,0.375,39.0
C_00239,LOT_005,96,10.445,False,0.375,39.0
C_00239,LOT_005,168,10.763,False,0.375,39.0
C_00240,LOT_005,0,10.853,False,0.372,38.0
C_00240,LOT_005,24,10.099,False,0.372,38.0
C_00240,LOT_005,96,10.802,False,0.372,38.0
C_00240,LOT_005,168,11.283,False,0.372,38.0
C_00241,LOT_006,0,10.201,False,0.273,14.4
C_00241,LOT_006,24,10.036,False,0.273,14.4
C_00241,LOT_006,96,10.27,False,0.273,14.4
C_00241,LOT_006,168,10.266,False,0.273,14.4
C_00242,LOT_006,0,9.869,False,0.281,15.6
C_00242,LOT_006,24,10.373,False,0.281,15.6
C_00242,LOT_006,96,9.959,False,0.281,15.6
C_00242,LOT_006,168,10.643,False,0.281,15.6
C_00243,LOT_006,0,8.721,False,0.323,23.5
C_00243,LOT_006,24,9.065,False,0.323,23.5
C_00243,LOT_006,96,8.989,False,0.323,23.5
C_00243,LOT_006,168,8.943,False,0.323,23.5
C_00244,LOT_006,0,8.429,False,0.32,22.8
C_00244,LOT_006,24,9.009,False,0.32,22.8
C_00244,LOT_006,96,8.818,False,0.32,22.8
C_00244,LOT_006,168,8.959,False,0.32,22.8
C_00245,LOT_006,0,9.41,False,0.359,33.3
C_00245,LOT_006,24,9.171,False,0.359,33.3
C_00245,LOT_006,96,9.587,False,0.359,33.3
C_00245,LOT_006,168,9.721,False,0.359,33.3
C_00246,LOT_006,0,9.114,False,0.339,27.5
C_00246,LOT_006,24,9.448,False,0.339,27.5
C_00246,LOT_006,96,9.58,False,0.339,27.5
C_00246,LOT_006,168,9.657,False,0.339,27.5
C_00247,LOT_006,0,10.1,False,0.341,27.9
C_00247,LOT_006,24,10.545,False,0.341,27.9
C_00247,LOT_006,96,10.134,False,0.341,27.9
C_00247,LOT_006,168,10.715,False,0.341,27.9
C_00248,LOT_006,0,9.778,False,0.413,56.7
C_00248,LOT_006,24,9.887,False,0.413,56.7
C_00248,LOT_006,96,10.413,False,0.413,56.7
C_00248,LOT_006,168,10.674,False,0.413,56.7
C_00249,LOT_006,0,9.3,False,0.358,33.1
C_00249,LOT_006,24,9.334,False,0.358,33.1
C_00249,LOT_006,96,9.892,False,0.358,33.1
C_00249,LOT_006,168,10.097,False,0.358,33.1
C_00250,LOT_006,0,10.238,True,0.703,966.1
C_00250,LOT_006,24,14.481,True,0.703,966.1
C_00250,LOT_006,96,21.445,True,0.703,966.1
C_00250,LOT_006,168,27.44,True,0.703,966.1
C_00251,LOT_006,0,8.975,True,0.715,1087.6
C_00251,LOT_006,24,13.731,True,0.715,1087.6
C_00251,LOT_006,96,20.505,True,0.715,1087.6
C_00251,LOT_006,168,25.71,True,0.715,1087.6
C_00252,LOT_006,0,10.112,False,0.299,18.7
C_00252,LOT_006,24,10.072,False,0.299,18.7
C_00252,LOT_006,96,10.545,False,0.299,18.7
C_00252,LOT_006,168,10.377,False,0.299,18.7
C_00253,LOT_006,0,9.241,False,0.373,38.4
C_00253,LOT_006,24,9.269,False,0.373,38.4
C_00253,LOT_006,96,9.729,False,0.373,38.4
C_00253,LOT_006,168,9.914,False,0.373,38.4
C_00254,LOT_006,0,8.806,False,0.373,38.2
C_00254,LOT_006,24,8.851,False,0.373,38.2
C_00254,LOT_006,96,9.433,False,0.373,38.2
C_00254,LOT_006,168,9.324,False,0.373,38.2
C_00255,LOT_006,0,9.303,False,0.355,32.0
C_00255,LOT_006,24,9.707,False,0.355,32.0
C_00255,LOT_006,96,9.545,False,0.355,32.0
C_00255,LOT_006,168,9.95,False,0.355,32.0
C_00256,LOT_006,0,9.724,False,0.427,64.8
C_00256,LOT_006,24,10.097,False,0.427,64.8
C_00256,LOT_006,96,10.91,False,0.427,64.8
C_00256,LOT_006,168,11.25,False,0.427,64.8
C_00257,LOT_006,0,9.179,False,0.381,41.3
C_00257,LOT_006,24,9.654,False,0.381,41.3
C_00257,LOT_006,96,9.485,False,0.381,41.3
C_00257,LOT_006,168,9.738,False,0.381,41.3
C_00258,LOT_006,0,8.326,False,0.326,24.2
C_00258,LOT_006,24,8.969,False,0.326,24.2
C_00258,LOT_006,96,8.883,False,0.326,24.2
C_00258,LOT_006,168,9.026,False,0.326,24.2
C_00259,LOT_006,0,9.621,False,0.389,44.6
C_00259,LOT_006,24,9.658,False,0.389,44.6
C_00259,LOT_006,96,9.918,False,0.389,44.6
C_00259,LOT_006,168,9.937,False,0.389,44.6
C_00260,LOT_006,0,9.462,False,0.352,31.3
C_00260,LOT_006,24,9.606,False,0.352,31.3
C_00260,LOT_006,96,9.396,False,0.352,31.3
C_00260,LOT_006,168,9.792,False,0.352,31.3
C_00261,LOT_006,0,10.044,False,0.304,19.5
C_00261,LOT_006,24,10.088,False,0.304,19.5
C_00261,LOT_006,96,10.068,False,0.304,19.5
C_00261,LOT_006,168,10.111,False,0.304,19.5
C_00262,LOT_006,0,9.915,False,0.358,33.0
C_00262,LOT_006,24,10.212,False,0.358,33.0
C_00262,LOT_006,96,10.33,False,0.358,33.0
C_00262,LOT_006,168,10.669,False,0.358,33.0
C_00263,LOT_006,0,9.202,False,0.278,15.1
C_00263,LOT_006,24,8.911,False,0.278,15.1
C_00263,LOT_006,96,9.208,False,0.278,15.1
C_00263,LOT_006,168,9.568,False,0.278,15.1
C_00264,LOT_006,0,9.175,False,0.406,53.0
C_00264,LOT_006,24,9.606,False,0.406,53.0
C_00264,LOT_006,96,10.036,False,0.406,53.0
C_00264,LOT_006,168,10.362,False,0.406,53.0
C_00265,LOT_006,0,9.746,False,0.37,37.1
C_00265,LOT_006,24,9.918,False,0.37,37.1
C_00265,LOT_006,96,10.206,False,0.37,37.1
C_00265,LOT_006,168,10.52,False,0.37,37.1
C_00266,LOT_006,0,9.639,False,0.318,22.3
C_00266,LOT_006,24,9.776,False,0.318,22.3
C_00266,LOT_006,96,10.318,False,0.318,22.3
C_00266,LOT_006,168,9.91,False,0.318,22.3
C_00267,LOT_006,0,10.159,False,0.354,31.8
C_00267,LOT_006,24,10.466,False,0.354,31.8
C_00267,LOT_006,96,10.503,False,0.354,31.8
C_00267,LOT_006,168,10.801,False,0.354,31.8
C_00268,LOT_006,0,10.089,False,0.363,34.7
C_00268,LOT_006,24,10.204,False,0.363,34.7
C_00268,LOT_006,96,11.085,False,0.363,34.7
C_00268,LOT_006,168,10.825,False,0.363,34.7
C_00269,LOT_006,0,9.151,False,0.312,21.2
C_00269,LOT_006,24,9.337,False,0.312,21.2
C_00269,LOT_006,96,9.458,False,0.312,21.2
C_00269,LOT_006,168,9.724,False,0.312,21.2
C_00270,LOT_006,0,9.058,False,0.359,33.4
C_00270,LOT_006,24,8.982,False,0.359,33.4
C_00270,LOT_006,96,9.461,False,0.359,33.4
C_00270,LOT_006,168,9.368,False,0.359,33.4
C_00271,LOT_006,0,9.184,False,0.402,50.9
C_00271,LOT_006,24,9.512,False,0.402,50.9
C_00271,LOT_006,96,10.142,False,0.402,50.9
C_00271,LOT_006,168,9.587,False,0.402,50.9
C_00272,LOT_006,0,9.208,False,0.316,22.0
C_00272,LOT_006,24,9.131,False,0.316,22.0
C_00272,LOT_006,96,9.569,False,0.316,22.0
C_00272,LOT_006,168,9.633,False,0.316,22.0
C_00273,LOT_006,0,10.333,False,0.374,38.8
C_00273,LOT_006,24,10.141,False,0.374,38.8
C_00273,LOT_006,96,10.022,False,0.374,38.8
C_00273,LOT_006,168,10.421,False,0.374,38.8
C_00274,LOT_006,0,10.017,False,0.345,29.2
C_00274,LOT_006,24,9.86,False,0.345,29.2
C_00274,LOT_006,96,10.097,False,0.345,29.2
C_00274,LOT_006,168,9.934,False,0.345,29.2
C_00275,LOT_006,0,9.606,False,0.357,32.8
C_00275,LOT_006,24,9.78,False,0.357,32.8
C_00275,LOT_006,96,9.958,False,0.357,32.8
C_00275,LOT_006,168,10.014,False,0.357,32.8
C_00276,LOT_006,0,9.723,False,0.354,31.7
C_00276,LOT_006,24,9.602,False,0.354,31.7
C_00276,LOT_006,96,9.802,False,0.354,31.7
C_00276,LOT_006,168,10.15,False,0.354,31.7
C_00277,LOT_006,0,9.611,True,0.728,1228.6
C_00277,LOT_006,24,15.506,True,0.728,1228.6
C_00277,LOT_006,96,24.48,True,0.728,1228.6
C_00277,LOT_006,168,31.944,True,0.728,1228.6
C_00278,LOT_006,0,9.58,False,0.324,23.8
C_00278,LOT_006,24,9.528,False,0.324,23.8
C_00278,LOT_006,96,9.874,False,0.324,23.8
C_00278,LOT_006,168,9.847,False,0.324,23.8
C_00279,LOT_006,0,10.181,False,0.356,32.5
C_00279,LOT_006,24,9.946,False,0.356,32.5
C_00279,LOT_006,96,10.21,False,0.356,32.5
C_00279,LOT_006,168,10.078,False,0.356,32.5
C_00280,LOT_006,0,10.525,False,0.313,21.3
C_00280,LOT_006,24,10.609,False,0.313,21.3
C_00280,LOT_006,96,10.592,False,0.313,21.3
C_00280,LOT_006,168,10.838,False,0.313,21.3
C_00281,LOT_007,0,11.741,False,0.37,37.1
C_00281,LOT_007,24,12.128,False,0.37,37.1
C_00281,LOT_007,96,12.591,False,0.37,37.1
C_00281,LOT_007,168,13.114,False,0.37,37.1
C_00282,LOT_007,0,11.653,False,0.377,39.9
C_00282,LOT_007,24,11.351,False,0.377,39.9
C_00282,LOT_007,96,12.026,False,0.377,39.9
C_00282,LOT_007,168,12.259,False,0.377,39.9
C_00283,LOT_007,0,11.887,False,0.255,12.1
C_00283,LOT_007,24,11.867,False,0.255,12.1
C_00283,LOT_007,96,12.122,False,0.255,12.1
C_00283,LOT_007,168,12.269,False,0.255,12.1
C_00284,LOT_007,0,11.422,False,0.276,14.9
C_00284,LOT_007,24,11.163,False,0.276,14.9
C_00284,LOT_007,96,11.685,False,0.276,14.9
C_00284,LOT_007,168,11.849,False,0.276,14.9
C_00285,LOT_007,0,9.263,False,0.299,18.6
C_00285,LOT_007,24,9.068,False,0.299,18.6
C_00285,LOT_007,96,9.789,False,0.299,18.6
C_00285,LOT_007,168,9.651,False,0.299,18.6
C_00286,LOT_007,0,11.829,False,0.368,36.6
C_00286,LOT_007,24,12.397,False,0.368,36.6
C_00286,LOT_007,96,12.414,False,0.368,36.6
C_00286,LOT_007,168,12.065,False,0.368,36.6
C_00287,LOT_007,0,12.547,False,0.398,49.0
C_00287,LOT_007,24,12.748,False,0.398,49.0
C_00287,LOT_007,96,13.568,False,0.398,49.0
C_00287,LOT_007,168,13.073,False,0.398,49.0
C_00288,LOT_007,0,10.642,False,0.33,25.3
C_00288,LOT_007,24,11.304,False,0.33,25.3
C_00288,LOT_007,96,11.706,False,0.33,25.3
C_00288,LOT_007,168,11.681,False,0.33,25.3
C_00289,LOT_007,0,11.674,False,0.402,50.7
C_00289,LOT_007,24,11.793,False,0.402,50.7
C_00289,LOT_007,96,12.435,False,0.402,50.7
C_00289,LOT_007,168,12.435,False,0.402,50.7
C_00290,LOT_007,0,12.252,False,0.338,27.4
C_00290,LOT_007,24,11.806,False,0.338,27.4
C_00290,LOT_007,96,12.197,False,0.338,27.4
C_00290,LOT_007,168,12.568,False,0.338,27.4
C_00291,LOT_007,0,10.974,False,0.255,12.1
C_00291,LOT_007,24,11.879,False,0.255,12.1
C_00291,LOT_007,96,11.674,False,0.255,12.1
C_00291,LOT_007,168,11.936,False,0.255,12.1
C_00292,LOT_007,0,10.304,False,0.36,33.9
C_00292,LOT_007,24,10.567,False,0.36,33.9
C_00292,LOT_007,96,11.356,False,0.36,33.9
C_00292,LOT_007,168,11.13,False,0.36,33.9
C_00293,LOT_007,0,11.561,False,0.409,54.6
C_00293,LOT_007,24,12.323,False,0.409,54.6
C_00293,LOT_007,96,13.065,False,0.409,54.6
C_00293,LOT_007,168,13.02,False,0.409,54.6
C_00294,LOT_007,0,11.142,False,0.41,55.1
C_00294,LOT_007,24,11.412,False,0.41,55.1
C_00294,LOT_007,96,11.711,False,0.41,55.1
C_00294,LOT_007,168,12.102,False,0.41,55.1
C_00295,LOT_007,0,10.211,False,0.356,32.5
C_00295,LOT_007,24,10.423,False,0.356,32.5
C_00295,LOT_007,96,10.648,False,0.356,32.5
C_00295,LOT_007,168,10.308,False,0.356,32.5
C_00296,LOT_007,0,12.07,False,0.451,82.4
C_00296,LOT_007,24,12.118,False,0.451,82.4
C_00296,LOT_007,96,12.651,False,0.451,82.4
C_00296,LOT_007,168,13.543,False,0.451,82.4
C_00297,LOT_007,0,11.231,False,0.345,29.3
C_00297,LOT_007,24,10.896,False,0.345,29.3
C_00297,LOT_007,96,11.783,False,0.345,29.3
C_00297,LOT_007,168,11.68,False,0.345,29.3
C_00298,LOT_007,0,11.066,False,0.339,27.5
C_00298,LOT_007,24,11.445,False,0.339,27.5
C_00298,LOT_007,96,11.957,False,0.339,27.5
C_00298,LOT_007,168,11.842,False,0.339,27.5
C_00299,LOT_007,0,11.467,False,0.395,47.5
C_00299,LOT_007,24,12.373,False,0.395,47.5
C_00299,LOT_007,96,12.24,False,0.395,47.5
C_00299,LOT_007,168,13.04,False,0.395,47.5
C_00300,LOT_007,0,10.539,False,0.332,25.8
C_00300,LOT_007,24,10.924,False,0.332,25.8
C_00300,LOT_007,96,10.898,False,0.332,25.8
C_00300,LOT_007,168,11.353,False,0.332,25.8
C_00301,LOT_007,0,11.059,False,0.315,21.8
C_00301,LOT_007,24,11.016,False,0.315,21.8
C_00301,LOT_007,96,10.733,False,0.315,21.8
C_00301,LOT_007,168,11.259,False,0.315,21.8
C_00302,LOT_007,0,12.839,False,0.282,15.7
C_00302,LOT_007,24,12.994,False,0.282,15.7
C_00302,LOT_007,96,12.616,False,0.282,15.7
C_00302,LOT_007,168,12.759,False,0.282,15.7
C_00303,LOT_007,0,10.179,False,0.276,14.8
C_00303,LOT_007,24,9.853,False,0.276,14.8
C_00303,LOT_007,96,10.065,False,0.276,14.8
C_00303,LOT_007,168,10.35,False,0.276,14.8
C_00304,LOT_007,0,10.741,False,0.349,30.4
C_00304,LOT_007,24,11.449,False,0.349,30.4
C_00304,LOT_007,96,11.227,False,0.349,30.4
C_00304,LOT_007,168,11.653,False,0.349,30.4
C_00305,LOT_007,0,11.031,False,0.311,20.8
C_00305,LOT_007,24,10.887,False,0.311,20.8
C_00305,LOT_007,96,11.091,False,0.311,20.8
C_00305,LOT_007,168,11.322,False,0.311,20.8
C_00306,LOT_007,0,11.894,False,0.383,42.2
C_00306,LOT_007,24,12.102,False,0.383,42.2
C_00306,LOT_007,96,12.763,False,0.383,42.2
C_00306,LOT_007,168,13.055,False,0.383,42.2
C_00307,LOT_007,0,11.106,False,0.372,37.8
C_00307,LOT_007,24,11.425,False,0.372,37.8
C_00307,LOT_007,96,11.962,False,0.372,37.8
C_00307,LOT_007,168,11.859,False,0.372,37.8
C_00308,LOT_007,0,10.124,False,0.3,18.7
C_00308,LOT_007,24,10.006,False,0.3,18.7
C_00308,LOT_007,96,10.251,False,0.3,18.7
C_00308,LOT_007,168,10.349,False,0.3,18.7
C_00309,LOT_007,0,12.272,False,0.376,39.7
C_00309,LOT_007,24,12.505,False,0.376,39.7
C_00309,LOT_007,96,13.059,False,0.376,39.7
C_00309,LOT_007,168,13.402,False,0.376,39.7
C_00310,LOT_007,0,11.676,False,0.269,13.8
C_00310,LOT_007,24,11.51,False,0.269,13.8
C_00310,LOT_007,96,12.11,False,0.269,13.8
C_00310,LOT_007,168,11.581,False,0.269,13.8
C_00311,LOT_007,0,11.475,False,0.346,29.4
C_00311,LOT_007,24,11.797,False,0.346,29.4
C_00311,LOT_007,96,12.163,False,0.346,29.4
C_00311,LOT_007,168,12.034,False,0.346,29.4
C_00312,LOT_007,0,11.232,False,0.381,41.3
C_00312,LOT_007,24,11.674,False,0.381,41.3
C_00312,LOT_007,96,11.477,False,0.381,41.3
C_00312,LOT_007,168,11.263,False,0.381,41.3
C_00313,LOT_007,0,12.572,False,0.372,38.0
C_00313,LOT_007,24,12.644,False,0.372,38.0
C_00313,LOT_007,96,13.148,False,0.372,38.0
C_00313,LOT_007,168,13.322,False,0.372,38.0
C_00314,LOT_007,0,11.581,False,0.386,43.6
C_00314,LOT_007,24,12.348,False,0.386,43.6
C_00314,LOT_007,96,12.361,False,0.386,43.6
C_00314,LOT_007,168,12.777,False,0.386,43.6
C_00315,LOT_007,0,11.194,True,0.7,941.0
C_00315,LOT_007,24,15.691,True,0.7,941.0
C_00315,LOT_007,96,24.064,True,0.7,941.0
C_00315,LOT_007,168,30.669,True,0.7,941.0
C_00316,LOT_007,0,12.298,False,0.341,28.2
C_00316,LOT_007,24,12.172,False,0.341,28.2
C_00316,LOT_007,96,12.251,False,0.341,28.2
C_00316,LOT_007,168,12.378,False,0.341,28.2
C_00317,LOT_007,0,11.156,False,0.396,48.0
C_00317,LOT_007,24,11.37,False,0.396,48.0
C_00317,LOT_007,96,11.677,False,0.396,48.0
C_00317,LOT_007,168,12.238,False,0.396,48.0
C_00318,LOT_007,0,10.458,False,0.375,38.9
C_00318,LOT_007,24,10.641,False,0.375,38.9
C_00318,LOT_007,96,10.808,False,0.375,38.9
C_00318,LOT_007,168,11.281,False,0.375,38.9
C_00319,LOT_007,0,10.753,False,0.338,27.1
C_00319,LOT_007,24,11.39,False,0.338,27.1
C_00319,LOT_007,96,11.129,False,0.338,27.1
C_00319,LOT_007,168,11.65,False,0.338,27.1
C_00320,LOT_007,0,9.618,False,0.366,35.6
C_00320,LOT_007,24,10.362,False,0.366,35.6
C_00320,LOT_007,96,10.729,False,0.366,35.6
C_00320,LOT_007,168,10.93,False,0.366,35.6
C_00321,LOT_008,0,11.53,False,0.395,47.7
C_00321,LOT_008,24,11.863,False,0.395,47.7
C_00321,LOT_008,96,11.83,False,0.395,47.7
C_00321,LOT_008,168,12.735,False,0.395,47.7
C_00322,LOT_008,0,10.815,False,0.409,54.5
C_00322,LOT_008,24,11.233,False,0.409,54.5
C_00322,LOT_008,96,11.526,False,0.409,54.5
C_00322,LOT_008,168,11.931,False,0.409,54.5
C_00323,LOT_008,0,11.27,False,0.31,20.8
C_00323,LOT_008,24,11.489,False,0.31,20.8
C_00323,LOT_008,96,11.729,False,0.31,20.8
C_00323,LOT_008,168,12.018,False,0.31,20.8
C_00324,LOT_008,0,11.125,False,0.362,34.6
C_00324,LOT_008,24,12.004,False,0.362,34.6
C_00324,LOT_008,96,11.973,False,0.362,34.6
C_00324,LOT_008,168,12.306,False,0.362,34.6
C_00325,LOT_008,0,9.536,False,0.4,49.7
C_00325,LOT_008,24,10.364,False,0.4,49.7
C_00325,LOT_008,96,10.469,False,0.4,49.7
C_00325,LOT_008,168,11.188,False,0.4,49.7
C_00326,LOT_008,0,10.349,False,0.397,48.6
C_00326,LOT_008,24,10.774,False,0.397,48.6
C_00326,LOT_008,96,11.435,False,0.397,48.6
C_00326,LOT_008,168,11.331,False,0.397,48.6
C_00327,LOT_008,0,10.54,False,0.326,24.2
C_00327,LOT_008,24,10.928,False,0.326,24.2
C_00327,LOT_008,96,11.3,False,0.326,24.2
C_00327,LOT_008,168,11.684,False,0.326,24.2
C_00328,LOT_008,0,11.821,False,0.323,23.4
C_00328,LOT_008,24,11.659,False,0.323,23.4
C_00328,LOT_008,96,11.732,False,0.323,23.4
C_00328,LOT_008,168,12.019,False,0.323,23.4
C_00329,LOT_008,0,11.369,False,0.317,22.2
C_00329,LOT_008,24,11.245,False,0.317,22.2
C_00329,LOT_008,96,11.665,False,0.317,22.2
C_00329,LOT_008,168,11.844,False,0.317,22.2
C_00330,LOT_008,0,11.335,False,0.337,26.9
C_00330,LOT_008,24,11.203,False,0.337,26.9
C_00330,LOT_008,96,11.722,False,0.337,26.9
C_00330,LOT_008,168,11.773,False,0.337,26.9
C_00331,LOT_008,0,10.154,False,0.408,53.9
C_00331,LOT_008,24,10.018,False,0.408,53.9
C_00331,LOT_008,96,10.673,False,0.408,53.9
C_00331,LOT_008,168,11.479,False,0.408,53.9
C_00332,LOT_008,0,9.239,False,0.401,50.6
C_00332,LOT_008,24,9.357,False,0.401,50.6
C_00332,LOT_008,96,9.899,False,0.401,50.6
C_00332,LOT_008,168,9.978,False,0.401,50.6
C_00333,LOT_008,0,10.638,False,0.31,20.6
C_00333,LOT_008,24,10.515,False,0.31,20.6
C_00333,LOT_008,96,10.919,False,0.31,20.6
C_00333,LOT_008,168,11.185,False,0.31,20.6
C_00334,LOT_008,0,10.403,False,0.349,30.4
C_00334,LOT_008,24,10.706,False,0.349,30.4
C_00334,LOT_008,96,10.576,False,0.349,30.4
C_00334,LOT_008,168,10.976,False,0.349,30.4
C_00335,LOT_008,0,10.281,False,0.413,56.5
C_00335,LOT_008,24,11.063,False,0.413,56.5
C_00335,LOT_008,96,11.76,False,0.413,56.5
C_00335,LOT_008,168,11.87,False,0.413,56.5
C_00336,LOT_008,0,9.648,False,0.291,17.1
C_00336,LOT_008,24,10.031,False,0.291,17.1
C_00336,LOT_008,96,10.476,False,0.291,17.1
C_00336,LOT_008,168,9.947,False,0.291,17.1
C_00337,LOT_008,0,10.059,False,0.347,29.9
C_00337,LOT_008,24,10.127,False,0.347,29.9
C_00337,LOT_008,96,10.306,False,0.347,29.9
C_00337,LOT_008,168,10.451,False,0.347,29.9
C_00338,LOT_008,0,10.057,False,0.384,42.8
C_00338,LOT_008,24,10.33,False,0.384,42.8
C_00338,LOT_008,96,10.492,False,0.384,42.8
C_00338,LOT_008,168,10.696,False,0.384,42.8
C_00339,LOT_008,0,8.631,False,0.362,34.5
C_00339,LOT_008,24,8.92,False,0.362,34.5
C_00339,LOT_008,96,9.06,False,0.362,34.5
C_00339,LOT_008,168,9.092,False,0.362,34.5
C_00340,LOT_008,0,10.691,False,0.355,32.0
C_00340,LOT_008,24,10.401,False,0.355,32.0
C_00340,LOT_008,96,10.936,False,0.355,32.0
C_00340,LOT_008,168,11.383,False,0.355,32.0
C_00341,LOT_008,0,10.352,False,0.327,24.4
C_00341,LOT_008,24,10.637,False,0.327,24.4
C_00341,LOT_008,96,11.286,False,0.327,24.4
C_00341,LOT_008,168,10.809,False,0.327,24.4
C_00342,LOT_008,0,9.611,False,0.419,60.2
C_00342,LOT_008,24,9.833,False,0.419,60.2
C_00342,LOT_008,96,10.24,False,0.419,60.2
C_00342,LOT_008,168,10.78,False,0.419,60.2
C_00343,LOT_008,0,11.114,False,0.316,21.9
C_00343,LOT_008,24,11.027,False,0.316,21.9
C_00343,LOT_008,96,11.879,False,0.316,21.9
C_00343,LOT_008,168,12.084,False,0.316,21.9
C_00344,LOT_008,0,9.923,False,0.343,28.7
C_00344,LOT_008,24,10.373,False,0.343,28.7
C_00344,LOT_008,96,10.485,False,0.343,28.7
C_00344,LOT_008,168,10.451,False,0.343,28.7
C_00345,LOT_008,0,11.18,False,0.302,19.2
C_00345,LOT_008,24,11.388,False,0.302,19.2
C_00345,LOT_008,96,11.616,False,0.302,19.2
C_00345,LOT_008,168,11.427,False,0.302,19.2
C_00346,LOT_008,0,9.957,False,0.386,43.3
C_00346,LOT_008,24,9.936,False,0.386,43.3
C_00346,LOT_008,96,11.017,False,0.386,43.3
C_00346,LOT_008,168,11.114,False,0.386,43.3
C_00347,LOT_008,0,11.0,False,0.373,38.4
C_00347,LOT_008,24,11.16,False,0.373,38.4
C_00347,LOT_008,96,12.215,False,0.373,38.4
C_00347,LOT_008,168,12.055,False,0.373,38.4
C_00348,LOT_008,0,10.58,False,0.31,20.6
C_00348,LOT_008,24,10.935,False,0.31,20.6
C_00348,LOT_008,96,11.238,False,0.31,20.6
C_00348,LOT_008,168,11.236,False,0.31,20.6
C_00349,LOT_008,0,10.344,False,0.348,30.0
C_00349,LOT_008,24,10.901,False,0.348,30.0
C_00349,LOT_008,96,10.838,False,0.348,30.0
C_00349,LOT_008,168,10.908,False,0.348,30.0
C_00350,LOT_008,0,11.062,False,0.377,39.9
C_00350,LOT_008,24,11.465,False,0.377,39.9
C_00350,LOT_008,96,11.574,False,0.377,39.9
C_00350,LOT_008,168,11.959,False,0.377,39.9
C_00351,LOT_008,0,11.002,False,0.311,20.9
C_00351,LOT_008,24,11.482,False,0.311,20.9
C_00351,LOT_008,96,10.898,False,0.311,20.9
C_00351,LOT_008,168,11.551,False,0.311,20.9
C_00352,LOT_008,0,9.989,False,0.325,23.9
C_00352,LOT_008,24,10.082,False,0.325,23.9
C_00352,LOT_008,96,10.391,False,0.325,23.9
C_00352,LOT_008,168,10.439,False,0.325,23.9
C_00353,LOT_008,0,10.582,False,0.38,41.1
C_00353,LOT_008,24,11.211,False,0.38,41.1
C_00353,LOT_008,96,11.688,False,0.38,41.1
C_00353,LOT_008,168,11.626,False,0.38,41.1
C_00354,LOT_008,0,10.013,False,0.424,62.9
C_00354,LOT_008,24,11.209,False,0.424,62.9
C_00354,LOT_008,96,11.083,False,0.424,62.9
C_00354,LOT_008,168,11.934,False,0.424,62.9
C_00355,LOT_008,0,9.916,False,0.37,37.1
C_00355,LOT_008,24,10.031,False,0.37,37.1
C_00355,LOT_008,96,10.53,False,0.37,37.1
C_00355,LOT_008,168,10.554,False,0.37,37.1
C_00356,LOT_008,0,10.969,False,0.373,38.4
C_00356,LOT_008,24,11.117,False,0.373,38.4
C_00356,LOT_008,96,11.626,False,0.373,38.4
C_00356,LOT_008,168,11.932,False,0.373,38.4
C_00357,LOT_008,0,11.344,False,0.344,28.8
C_00357,LOT_008,24,11.247,False,0.344,28.8
C_00357,LOT_008,96,11.274,False,0.344,28.8
C_00357,LOT_008,168,12.011,False,0.344,28.8
C_00358,LOT_008,0,10.201,True,0.688,834.7
C_00358,LOT_008,24,14.655,True,0.688,834.7
C_00358,LOT_008,96,21.315,True,0.688,834.7
C_00358,LOT_008,168,27.616,True,0.688,834.7
C_00359,LOT_008,0,9.656,False,0.37,37.4
C_00359,LOT_008,24,9.937,False,0.37,37.4
C_00359,LOT_008,96,9.789,False,0.37,37.4
C_00359,LOT_008,168,10.264,False,0.37,37.4
C_00360,LOT_008,0,9.0,False,0.355,32.1
C_00360,LOT_008,24,9.308,False,0.355,32.1
C_00360,LOT_008,96,9.537,False,0.355,32.1
C_00360,LOT_008,168,9.987,False,0.355,32.1
C_00361,LOT_009,0,11.19,False,0.35,30.6
C_00361,LOT_009,24,11.219,False,0.35,30.6
C_00361,LOT_009,96,11.249,False,0.35,30.6
C_00361,LOT_009,168,11.371,False,0.35,30.6
C_00362,LOT_009,0,10.493,False,0.346,29.5
C_00362,LOT_009,24,10.593,False,0.346,29.5
C_00362,LOT_009,96,10.735,False,0.346,29.5
C_00362,LOT_009,168,10.719,False,0.346,29.5
C_00363,LOT_009,0,10.299,False,0.315,21.9
C_00363,LOT_009,24,10.2,False,0.315,21.9
C_00363,LOT_009,96,10.81,False,0.315,21.9
C_00363,LOT_009,168,10.56,False,0.315,21.9
C_00364,LOT_009,0,10.143,False,0.396,47.9
C_00364,LOT_009,24,10.681,False,0.396,47.9
C_00364,LOT_009,96,10.704,False,0.396,47.9
C_00364,LOT_009,168,11.366,False,0.396,47.9
C_00365,LOT_009,0,9.259,False,0.364,35.2
C_00365,LOT_009,24,9.408,False,0.364,35.2
C_00365,LOT_009,96,9.034,False,0.364,35.2
C_00365,LOT_009,168,9.48,False,0.364,35.2
C_00366,LOT_009,0,10.364,False,0.299,18.6
C_00366,LOT_009,24,10.768,False,0.299,18.6
C_00366,LOT_009,96,10.846,False,0.299,18.6
C_00366,LOT_009,168,10.806,False,0.299,18.6
C_00367,LOT_009,0,10.413,False,0.32,22.9
C_00367,LOT_009,24,10.478,False,0.32,22.9
C_00367,LOT_009,96,10.23,False,0.32,22.9
C_00367,LOT_009,168,9.913,False,0.32,22.9
C_00368,LOT_009,0,11.621,False,0.334,26.2
C_00368,LOT_009,24,11.641,False,0.334,26.2
C_00368,LOT_009,96,11.505,False,0.334,26.2
C_00368,LOT_009,168,11.535,False,0.334,26.2
C_00369,LOT_009,0,10.661,False,0.414,57.2
C_00369,LOT_009,24,10.957,False,0.414,57.2
C_00369,LOT_009,96,10.738,False,0.414,57.2
C_00369,LOT_009,168,11.338,False,0.414,57.2
C_00370,LOT_009,0,9.956,False,0.249,11.4
C_00370,LOT_009,24,10.311,False,0.249,11.4
C_00370,LOT_009,96,10.282,False,0.249,11.4
C_00370,LOT_009,168,10.335,False,0.249,11.4
C_00371,LOT_009,0,9.436,False,0.349,30.3
C_00371,LOT_009,24,9.691,False,0.349,30.3
C_00371,LOT_009,96,9.525,False,0.349,30.3
C_00371,LOT_009,168,10.206,False,0.349,30.3
C_00372,LOT_009,0,11.618,False,0.349,30.2
C_00372,LOT_009,24,11.739,False,0.349,30.2
C_00372,LOT_009,96,11.767,False,0.349,30.2
C_00372,LOT_009,168,12.043,False,0.349,30.2
C_00373,LOT_009,0,10.333,False,0.345,29.2
C_00373,LOT_009,24,9.971,False,0.345,29.2
C_00373,LOT_009,96,10.443,False,0.345,29.2
C_00373,LOT_009,168,10.205,False,0.345,29.2
C_00374,LOT_009,0,9.848,False,0.332,25.7
C_00374,LOT_009,24,9.668,False,0.332,25.7
C_00374,LOT_009,96,9.998,False,0.332,25.7
C_00374,LOT_009,168,9.934,False,0.332,25.7
C_00375,LOT_009,0,10.172,False,0.446,78.0
C_00375,LOT_009,24,10.361,False,0.446,78.0
C_00375,LOT_009,96,11.471,False,0.446,78.0
C_00375,LOT_009,168,11.429,False,0.446,78.0
C_00376,LOT_009,0,10.799,True,0.724,1186.2
C_00376,LOT_009,24,15.958,True,0.724,1186.2
C_00376,LOT_009,96,22.47,True,0.724,1186.2
C_00376,LOT_009,168,26.827,True,0.724,1186.2
C_00377,LOT_009,0,10.126,False,0.38,40.9
C_00377,LOT_009,24,10.248,False,0.38,40.9
C_00377,LOT_009,96,10.541,False,0.38,40.9
C_00377,LOT_009,168,10.849,False,0.38,40.9
C_00378,LOT_009,0,9.566,False,0.392,46.3
C_00378,LOT_009,24,9.906,False,0.392,46.3
C_00378,LOT_009,96,10.688,False,0.392,46.3
C_00378,LOT_009,168,10.639,False,0.392,46.3
C_00379,LOT_009,0,9.982,False,0.351,30.8
C_00379,LOT_009,24,10.21,False,0.351,30.8
C_00379,LOT_009,96,10.602,False,0.351,30.8
C_00379,LOT_009,168,10.642,False,0.351,30.8
C_00380,LOT_009,0,9.695,False,0.364,35.2
C_00380,LOT_009,24,9.74,False,0.364,35.2
C_00380,LOT_009,96,9.846,False,0.364,35.2
C_00380,LOT_009,168,9.812,False,0.364,35.2
C_00381,LOT_009,0,11.04,False,0.345,29.2
C_00381,LOT_009,24,11.302,False,0.345,29.2
C_00381,LOT_009,96,11.318,False,0.345,29.2
C_00381,LOT_009,168,11.613,False,0.345,29.2
C_00382,LOT_009,0,10.716,False,0.407,53.4
C_00382,LOT_009,24,10.915,False,0.407,53.4
C_00382,LOT_009,96,11.356,False,0.407,53.4
C_00382,LOT_009,168,11.46,False,0.407,53.4
C_00383,LOT_009,0,10.028,False,0.331,25.4
C_00383,LOT_009,24,10.413,False,0.331,25.4
C_00383,LOT_009,96,10.328,False,0.331,25.4
C_00383,LOT_009,168,10.866,False,0.331,25.4
C_00384,LOT_009,0,10.275,True,0.7,938.8
C_00384,LOT_009,24,13.851,True,0.7,938.8
C_00384,LOT_009,96,17.617,True,0.7,938.8
C_00384,LOT_009,168,21.087,True,0.7,938.8
C_00385,LOT_009,0,9.229,False,0.381,41.4
C_00385,LOT_009,24,9.535,False,0.381,41.4
C_00385,LOT_009,96,9.41,False,0.381,41.4
C_00385,LOT_009,168,9.639,False,0.381,41.4
C_00386,LOT_009,0,9.971,False,0.306,19.8
C_00386,LOT_009,24,10.046,False,0.306,19.8
C_00386,LOT_009,96,10.377,False,0.306,19.8
C_00386,LOT_009,168,10.056,False,0.306,19.8
C_00387,LOT_009,0,10.323,False,0.389,44.7
C_00387,LOT_009,24,10.827,False,0.389,44.7
C_00387,LOT_009,96,10.694,False,0.389,44.7
C_00387,LOT_009,168,11.402,False,0.389,44.7
C_00388,LOT_009,0,11.325,False,0.324,23.7
C_00388,LOT_009,24,11.063,False,0.324,23.7
C_00388,LOT_009,96,11.305,False,0.324,23.7
C_00388,LOT_009,168,11.69,False,0.324,23.7
C_00389,LOT_009,0,10.35,False,0.352,31.2
C_00389,LOT_009,24,10.179,False,0.352,31.2
C_00389,LOT_009,96,10.444,False,0.352,31.2
C_00389,LOT_009,168,10.78,False,0.352,31.2
C_00390,LOT_009,0,11.542,False,0.381,41.5
C_00390,LOT_009,24,11.375,False,0.381,41.5
C_00390,LOT_009,96,11.7,False,0.381,41.5
C_00390,LOT_009,168,11.696,False,0.381,41.5
C_00391,LOT_009,0,10.69,False,0.357,32.9
C_00391,LOT_009,24,10.75,False,0.357,32.9
C_00391,LOT_009,96,10.983,False,0.357,32.9
C_00391,LOT_009,168,10.976,False,0.357,32.9
C_00392,LOT_009,0,9.782,False,0.365,35.4
C_00392,LOT_009,24,10.06,False,0.365,35.4
C_00392,LOT_009,96,10.107,False,0.365,35.4
C_00392,LOT_009,168,10.255,False,0.365,35.4
C_00393,LOT_009,0,11.594,False,0.393,46.4
C_00393,LOT_009,24,11.305,False,0.393,46.4
C_00393,LOT_009,96,12.284,False,0.393,46.4
C_00393,LOT_009,168,11.743,False,0.393,46.4
C_00394,LOT_009,0,10.096,False,0.365,35.4
C_00394,LOT_009,24,10.613,False,0.365,35.4
C_00394,LOT_009,96,10.483,False,0.365,35.4
C_00394,LOT_009,168,10.619,False,0.365,35.4
C_00395,LOT_009,0,10.462,False,0.345,29.1
C_00395,LOT_009,24,11.303,False,0.345,29.1
C_00395,LOT_009,96,10.826,False,0.345,29.1
C_00395,LOT_009,168,10.677,False,0.345,29.1
C_00396,LOT_009,0,10.474,False,0.372,37.9
C_00396,LOT_009,24,10.334,False,0.372,37.9
C_00396,LOT_009,96,10.715,False,0.372,37.9
C_00396,LOT_009,168,10.591,False,0.372,37.9
C_00397,LOT_009,0,9.931,False,0.302,19.2
C_00397,LOT_009,24,10.054,False,0.302,19.2
C_00397,LOT_009,96,9.961,False,0.302,19.2
C_00397,LOT_009,168,10.171,False,0.302,19.2
C_00398,LOT_009,0,10.986,False,0.357,32.8
C_00398,LOT_009,24,10.814,False,0.357,32.8
C_00398,LOT_009,96,10.872,False,0.357,32.8
C_00398,LOT_009,168,11.165,False,0.357,32.8
C_00399,LOT_009,0,10.64,False,0.295,17.9
C_00399,LOT_009,24,10.79,False,0.295,17.9
C_00399,LOT_009,96,10.668,False,0.295,17.9
C_00399,LOT_009,168,10.724,False,0.295,17.9
C_00400,LOT_009,0,10.641,False,0.303,19.3
C_00400,LOT_009,24,10.215,False,0.303,19.3
C_00400,LOT_009,96,10.532,False,0.303,19.3
C_00400,LOT_009,168,10.852,False,0.303,19.3
C_00401,LOT_010,0,9.26,False,0.394,47.2
C_00401,LOT_010,24,9.609,False,0.394,47.2
C_00401,LOT_010,96,9.91,False,0.394,47.2
C_00401,LOT_010,168,10.3,False,0.394,47.2
C_00402,LOT_010,0,9.326,False,0.348,29.9
C_00402,LOT_010,24,9.851,False,0.348,29.9
C_00402,LOT_010,96,9.975,False,0.348,29.9
C_00402,LOT_010,168,9.814,False,0.348,29.9
C_00403,LOT_010,0,10.79,False,0.39,45.3
C_00403,LOT_010,24,10.671,False,0.39,45.3
C_00403,LOT_010,96,11.068,False,0.39,45.3
C_00403,LOT_010,168,11.861,False,0.39,45.3
C_00404,LOT_010,0,8.744,False,0.347,29.9
C_00404,LOT_010,24,9.23,False,0.347,29.9
C_00404,LOT_010,96,9.1,False,0.347,29.9
C_00404,LOT_010,168,9.468,False,0.347,29.9
C_00405,LOT_010,0,8.982,False,0.385,43.0
C_00405,LOT_010,24,9.281,False,0.385,43.0
C_00405,LOT_010,96,9.558,False,0.385,43.0
C_00405,LOT_010,168,9.853,False,0.385,43.0
C_00406,LOT_010,0,10.185,False,0.316,21.9
C_00406,LOT_010,24,10.334,False,0.316,21.9
C_00406,LOT_010,96,10.479,False,0.316,21.9
C_00406,LOT_010,168,10.377,False,0.316,21.9
C_00407,LOT_010,0,9.986,False,0.357,32.9
C_00407,LOT_010,24,9.885,False,0.357,32.9
C_00407,LOT_010,96,10.646,False,0.357,32.9
C_00407,LOT_010,168,10.604,False,0.357,32.9
C_00408,LOT_010,0,9.067,True,0.758,1645.6
C_00408,LOT_010,24,16.196,True,0.758,1645.6
C_00408,LOT_010,96,27.891,True,0.758,1645.6
C_00408,LOT_010,168,37.464,True,0.758,1645.6
C_00409,LOT_010,0,9.211,False,0.366,35.7
C_00409,LOT_010,24,9.307,False,0.366,35.7
C_00409,LOT_010,96,9.462,False,0.366,35.7
C_00409,LOT_010,168,10.006,False,0.366,35.7
C_00410,LOT_010,0,9.184,False,0.335,26.4
C_00410,LOT_010,24,9.688,False,0.335,26.4
C_00410,LOT_010,96,9.299,False,0.335,26.4
C_00410,LOT_010,168,9.698,False,0.335,26.4
C_00411,LOT_010,0,10.765,False,0.381,41.4
C_00411,LOT_010,24,10.553,False,0.381,41.4
C_00411,LOT_010,96,11.287,False,0.381,41.4
C_00411,LOT_010,168,11.076,False,0.381,41.4
C_00412,LOT_010,0,9.318,False,0.309,20.5
C_00412,LOT_010,24,9.269,False,0.309,20.5
C_00412,LOT_010,96,9.623,False,0.309,20.5
C_00412,LOT_010,168,9.538,False,0.309,20.5
C_00413,LOT_010,0,9.78,False,0.348,29.9
C_00413,LOT_010,24,9.996,False,0.348,29.9
C_00413,LOT_010,96,10.526,False,0.348,29.9
C_00413,LOT_010,168,10.49,False,0.348,29.9
C_00414,LOT_010,0,11.417,False,0.371,37.5
C_00414,LOT_010,24,11.237,False,0.371,37.5
C_00414,LOT_010,96,11.713,False,0.371,37.5
C_00414,LOT_010,168,11.972,False,0.371,37.5
C_00415,LOT_010,0,9.561,False,0.356,32.3
C_00415,LOT_010,24,9.521,False,0.356,32.3
C_00415,LOT_010,96,9.684,False,0.356,32.3
C_00415,LOT_010,168,10.225,False,0.356,32.3
C_00416,LOT_010,0,8.716,False,0.337,27.1
C_00416,LOT_010,24,8.855,False,0.337,27.1
C_00416,LOT_010,96,8.943,False,0.337,27.1
C_00416,LOT_010,168,9.148,False,0.337,27.1
C_00417,LOT_010,0,9.108,False,0.34,27.6
C_00417,LOT_010,24,8.886,False,0.34,27.6
C_00417,LOT_010,96,9.353,False,0.34,27.6
C_00417,LOT_010,168,9.589,False,0.34,27.6
C_00418,LOT_010,0,9.053,False,0.37,37.1
C_00418,LOT_010,24,9.451,False,0.37,37.1
C_00418,LOT_010,96,9.927,False,0.37,37.1
C_00418,LOT_010,168,10.31,False,0.37,37.1
C_00419,LOT_010,0,8.692,False,0.341,28.0
C_00419,LOT_010,24,8.87,False,0.341,28.0
C_00419,LOT_010,96,8.811,False,0.341,28.0
C_00419,LOT_010,168,9.133,False,0.341,28.0
C_00420,LOT_010,0,9.43,False,0.318,22.3
C_00420,LOT_010,24,9.954,False,0.318,22.3
C_00420,LOT_010,96,10.157,False,0.318,22.3
C_00420,LOT_010,168,10.202,False,0.318,22.3
C_00421,LOT_010,0,9.29,False,0.26,12.7
C_00421,LOT_010,24,9.613,False,0.26,12.7
C_00421,LOT_010,96,9.372,False,0.26,12.7
C_00421,LOT_010,168,9.693,False,0.26,12.7
C_00422,LOT_010,0,9.374,False,0.355,32.1
C_00422,LOT_010,24,9.53,False,0.355,32.1
C_00422,LOT_010,96,9.948,False,0.355,32.1
C_00422,LOT_010,168,10.252,False,0.355,32.1
C_00423,LOT_010,0,9.8,True,0.69,852.1
C_00423,LOT_010,24,14.314,True,0.69,852.1
C_00423,LOT_010,96,21.797,True,0.69,852.1
C_00423,LOT_010,168,27.938,True,0.69,852.1
C_00424,LOT_010,0,9.362,False,0.367,36.2
C_00424,LOT_010,24,9.337,False,0.367,36.2
C_00424,LOT_010,96,9.827,False,0.367,36.2
C_00424,LOT_010,168,9.95,False,0.367,36.2
C_00425,LOT_010,0,9.153,False,0.308,20.3
C_00425,LOT_010,24,8.971,False,0.308,20.3
C_00425,LOT_010,96,9.239,False,0.308,20.3
C_00425,LOT_010,168,9.069,False,0.308,20.3
C_00426,LOT_010,0,9.93,False,0.383,42.3
C_00426,LOT_010,24,9.627,False,0.383,42.3
C_00426,LOT_010,96,10.011,False,0.383,42.3
C_00426,LOT_010,168,10.652,False,0.383,42.3
C_00427,LOT_010,0,9.282,False,0.417,58.9
C_00427,LOT_010,24,9.13,False,0.417,58.9
C_00427,LOT_010,96,9.583,False,0.417,58.9
C_00427,LOT_010,168,10.312,False,0.417,58.9
C_00428,LOT_010,0,9.035,False,0.353,31.4
C_00428,LOT_010,24,9.024,False,0.353,31.4
C_00428,LOT_010,96,9.44,False,0.353,31.4
C_00428,LOT_010,168,9.398,False,0.353,31.4
C_00429,LOT_010,0,10.18,False,0.311,20.9
C_00429,LOT_010,24,10.284,False,0.311,20.9
C_00429,LOT_010,96,10.485,False,0.311,20.9
C_00429,LOT_010,168,10.893,False,0.311,20.9
C_00430,LOT_010,0,8.602,False,0.406,53.0
C_00430,LOT_010,24,8.602,False,0.406,53.0
C_00430,LOT_010,96,9.315,False,0.406,53.0
C_00430,LOT_010,168,9.428,False,0.406,53.0
C_00431,LOT_010,0,9.345,False,0.427,65.0
C_00431,LOT_010,24,9.619,False,0.427,65.0
C_00431,LOT_010,96,9.994,False,0.427,65.0
C_00431,LOT_010,168,10.628,False,0.427,65.0
C_00432,LOT_010,0,9.251,False,0.389,44.9
C_00432,LOT_010,24,9.148,False,0.389,44.9
C_00432,LOT_010,96,9.88,False,0.389,44.9
C_00432,LOT_010,168,10.351,False,0.389,44.9
C_00433,LOT_010,0,10.136,False,0.316,22.0
C_00433,LOT_010,24,10.386,False,0.316,22.0
C_00433,LOT_010,96,10.766,False,0.316,22.0
C_00433,LOT_010,168,10.762,False,0.316,22.0
C_00434,LOT_010,0,9.11,False,0.295,17.8
C_00434,LOT_010,24,9.062,False,0.295,17.8
C_00434,LOT_010,96,8.619,False,0.295,17.8
C_00434,LOT_010,168,9.299,False,0.295,17.8
C_00435,LOT_010,0,8.712,False,0.338,27.2
C_00435,LOT_010,24,8.5,False,0.338,27.2
C_00435,LOT_010,96,9.015,False,0.338,27.2
C_00435,LOT_010,168,8.685,False,0.338,27.2
C_00436,LOT_010,0,10.327,False,0.351,30.8
C_00436,LOT_010,24,10.508,False,0.351,30.8
C_00436,LOT_010,96,10.852,False,0.351,30.8
C_00436,LOT_010,168,10.98,False,0.351,30.8
C_00437,LOT_010,0,9.869,False,0.361,34.0
C_00437,LOT_010,24,9.847,False,0.361,34.0
C_00437,LOT_010,96,10.187,False,0.361,34.0
C_00437,LOT_010,168,10.547,False,0.361,34.0
C_00438,LOT_010,0,10.542,False,0.348,30.1
C_00438,LOT_010,24,10.429,False,0.348,30.1
C_00438,LOT_010,96,10.866,False,0.348,30.1
C_00438,LOT_010,168,10.901,False,0.348,30.1
C_00439,LOT_010,0,10.185,False,0.302,19.2
C_00439,LOT_010,24,9.914,False,0.302,19.2
C_00439,LOT_010,96,10.19,False,0.302,19.2
C_00439,LOT_010,168,10.328,False,0.302,19.2
C_00440,LOT_010,0,10.0,False,0.294,17.8
C_00440,LOT_010,24,9.935,False,0.294,17.8
C_00440,LOT_010,96,9.935,False,0.294,17.8
C_00440,LOT_010,168,10.183,False,0.294,17.8
C_00441,LOT_011,0,9.194,False,0.352,31.1
C_00441,LOT_011,24,9.428,False,0.352,31.1
C_00441,LOT_011,96,10.059,False,0.352,31.1
C_00441,LOT_011,168,9.951,False,0.352,31.1
C_00442,LOT_011,0,8.977,False,0.346,29.3
C_00442,LOT_011,24,9.352,False,0.346,29.3
C_00442,LOT_011,96,9.336,False,0.346,29.3
C_00442,LOT_011,168,9.472,False,0.346,29.3
C_00443,LOT_011,0,10.316,False,0.337,26.9
C_00443,LOT_011,24,10.634,False,0.337,26.9
C_00443,LOT_011,96,10.831,False,0.337,26.9
C_00443,LOT_011,168,10.844,False,0.337,26.9
C_00444,LOT_011,0,9.974,False,0.324,23.8
C_00444,LOT_011,24,9.705,False,0.324,23.8
C_00444,LOT_011,96,10.088,False,0.324,23.8
C_00444,LOT_011,168,9.923,False,0.324,23.8
C_00445,LOT_011,0,10.49,False,0.282,15.7
C_00445,LOT_011,24,10.569,False,0.282,15.7
C_00445,LOT_011,96,10.801,False,0.282,15.7
C_00445,LOT_011,168,10.912,False,0.282,15.7
C_00446,LOT_011,0,10.32,False,0.355,32.0
C_00446,LOT_011,24,10.768,False,0.355,32.0
C_00446,LOT_011,96,11.015,False,0.355,32.0
C_00446,LOT_011,168,10.954,False,0.355,32.0
C_00447,LOT_011,0,10.381,False,0.384,42.7
C_00447,LOT_011,24,10.46,False,0.384,42.7
C_00447,LOT_011,96,10.614,False,0.384,42.7
C_00447,LOT_011,168,10.684,False,0.384,42.7
C_00448,LOT_011,0,9.859,False,0.357,32.9
C_00448,LOT_011,24,10.397,False,0.357,32.9
C_00448,LOT_011,96,10.883,False,0.357,32.9
C_00448,LOT_011,168,10.63,False,0.357,32.9
C_00449,LOT_011,0,10.153,False,0.431,67.8
C_00449,LOT_011,24,10.227,False,0.431,67.8
C_00449,LOT_011,96,10.683,False,0.431,67.8
C_00449,LOT_011,168,11.082,False,0.431,67.8
C_00450,LOT_011,0,11.549,False,0.368,36.5
C_00450,LOT_011,24,11.051,False,0.368,36.5
C_00450,LOT_011,96,11.23,False,0.368,36.5
C_00450,LOT_011,168,11.122,False,0.368,36.5
C_00451,LOT_011,0,10.811,False,0.447,78.8
C_00451,LOT_011,24,10.876,False,0.447,78.8
C_00451,LOT_011,96,11.552,False,0.447,78.8
C_00451,LOT_011,168,11.422,False,0.447,78.8
C_00452,LOT_011,0,10.237,False,0.348,30.2
C_00452,LOT_011,24,10.398,False,0.348,30.2
C_00452,LOT_011,96,10.6,False,0.348,30.2
C_00452,LOT_011,168,10.443,False,0.348,30.2
C_00453,LOT_011,0,10.581,False,0.322,23.3
C_00453,LOT_011,24,10.799,False,0.322,23.3
C_00453,LOT_011,96,10.728,False,0.322,23.3
C_00453,LOT_011,168,10.772,False,0.322,23.3
C_00454,LOT_011,0,9.707,False,0.431,67.5
C_00454,LOT_011,24,10.41,False,0.431,67.5
C_00454,LOT_011,96,10.697,False,0.431,67.5
C_00454,LOT_011,168,11.016,False,0.431,67.5
C_00455,LOT_011,0,9.293,False,0.345,29.1
C_00455,LOT_011,24,9.599,False,0.345,29.1
C_00455,LOT_011,96,10.065,False,0.345,29.1
C_00455,LOT_011,168,9.974,False,0.345,29.1
C_00456,LOT_011,0,8.885,False,0.417,58.7
C_00456,LOT_011,24,9.171,False,0.417,58.7
C_00456,LOT_011,96,9.276,False,0.417,58.7
C_00456,LOT_011,168,10.035,False,0.417,58.7
C_00457,LOT_011,0,10.798,False,0.352,31.2
C_00457,LOT_011,24,11.064,False,0.352,31.2
C_00457,LOT_011,96,11.238,False,0.352,31.2
C_00457,LOT_011,168,11.367,False,0.352,31.2
C_00458,LOT_011,0,9.79,False,0.427,64.8
C_00458,LOT_011,24,10.053,False,0.427,64.8
C_00458,LOT_011,96,10.511,False,0.427,64.8
C_00458,LOT_011,168,10.631,False,0.427,64.8
C_00459,LOT_011,0,9.611,False,0.287,16.5
C_00459,LOT_011,24,9.554,False,0.287,16.5
C_00459,LOT_011,96,10.02,False,0.287,16.5
C_00459,LOT_011,168,10.161,False,0.287,16.5
C_00460,LOT_011,0,10.671,False,0.273,14.4
C_00460,LOT_011,24,10.107,False,0.273,14.4
C_00460,LOT_011,96,10.53,False,0.273,14.4
C_00460,LOT_011,168,10.324,False,0.273,14.4
C_00461,LOT_011,0,9.465,False,0.372,38.1
C_00461,LOT_011,24,9.498,False,0.372,38.1
C_00461,LOT_011,96,9.965,False,0.372,38.1
C_00461,LOT_011,168,9.842,False,0.372,38.1
C_00462,LOT_011,0,11.473,False,0.404,51.9
C_00462,LOT_011,24,11.263,False,0.404,51.9
C_00462,LOT_011,96,11.72,False,0.404,51.9
C_00462,LOT_011,168,12.552,False,0.404,51.9
C_00463,LOT_011,0,9.278,False,0.343,28.7
C_00463,LOT_011,24,9.619,False,0.343,28.7
C_00463,LOT_011,96,9.63,False,0.343,28.7
C_00463,LOT_011,168,9.785,False,0.343,28.7
C_00464,LOT_011,0,10.361,False,0.341,28.0
C_00464,LOT_011,24,10.315,False,0.341,28.0
C_00464,LOT_011,96,10.441,False,0.341,28.0
C_00464,LOT_011,168,10.708,False,0.341,28.0
C_00465,LOT_011,0,9.671,False,0.353,31.6
C_00465,LOT_011,24,10.107,False,0.353,31.6
C_00465,LOT_011,96,10.213,False,0.353,31.6
C_00465,LOT_011,168,10.34,False,0.353,31.6
C_00466,LOT_011,0,10.137,False,0.378,40.2
C_00466,LOT_011,24,10.103,False,0.378,40.2
C_00466,LOT_011,96,10.644,False,0.378,40.2
C_00466,LOT_011,168,10.594,False,0.378,40.2
C_00467,LOT_011,0,10.238,False,0.36,33.7
C_00467,LOT_011,24,10.799,False,0.36,33.7
C_00467,LOT_011,96,10.337,False,0.36,33.7
C_00467,LOT_011,168,10.566,False,0.36,33.7
C_00468,LOT_011,0,9.546,False,0.412,56.0
C_00468,LOT_011,24,9.546,False,0.412,56.0
C_00468,LOT_011,96,10.021,False,0.412,56.0
C_00468,LOT_011,168,10.07,False,0.412,56.0
C_00469,LOT_011,0,11.804,False,0.335,26.5
C_00469,LOT_011,24,11.548,False,0.335,26.5
C_00469,LOT_011,96,12.194,False,0.335,26.5
C_00469,LOT_011,168,11.958,False,0.335,26.5
C_00470,LOT_011,0,9.724,False,0.38,41.2
C_00470,LOT_011,24,9.947,False,0.38,41.2
C_00470,LOT_011,96,9.977,False,0.38,41.2
C_00470,LOT_011,168,10.482,False,0.38,41.2
C_00471,LOT_011,0,9.777,False,0.38,41.2
C_00471,LOT_011,24,9.801,False,0.38,41.2
C_00471,LOT_011,96,10.259,False,0.38,41.2
C_00471,LOT_011,168,10.375,False,0.38,41.2
C_00472,LOT_011,0,10.199,False,0.38,41.1
C_00472,LOT_011,24,10.724,False,0.38,41.1
C_00472,LOT_011,96,10.978,False,0.38,41.1
C_00472,LOT_011,168,11.261,False,0.38,41.1
C_00473,LOT_011,0,9.034,False,0.368,36.7
C_00473,LOT_011,24,9.588,False,0.368,36.7
C_00473,LOT_011,96,9.359,False,0.368,36.7
C_00473,LOT_011,168,9.669,False,0.368,36.7
C_00474,LOT_011,0,11.024,False,0.301,19.0
C_00474,LOT_011,24,11.489,False,0.301,19.0
C_00474,LOT_011,96,11.107,False,0.301,19.0
C_00474,LOT_011,168,11.198,False,0.301,19.0
C_00475,LOT_011,0,9.671,False,0.379,40.6
C_00475,LOT_011,24,9.537,False,0.379,40.6
C_00475,LOT_011,96,9.88,False,0.379,40.6
C_00475,LOT_011,168,10.415,False,0.379,40.6
C_00476,LOT_011,0,9.796,False,0.32,22.8
C_00476,LOT_011,24,10.017,False,0.32,22.8
C_00476,LOT_011,96,9.444,False,0.32,22.8
C_00476,LOT_011,168,9.888,False,0.32,22.8
C_00477,LOT_011,0,9.809,False,0.366,35.9
C_00477,LOT_011,24,9.895,False,0.366,35.9
C_00477,LOT_011,96,10.14,False,0.366,35.9
C_00477,LOT_011,168,10.556,False,0.366,35.9
C_00478,LOT_011,0,9.831,False,0.357,32.9
C_00478,LOT_011,24,10.217,False,0.357,32.9
C_00478,LOT_011,96,10.471,False,0.357,32.9
C_00478,LOT_011,168,10.362,False,0.357,32.9
C_00479,LOT_011,0,9.777,False,0.34,27.7
C_00479,LOT_011,24,9.885,False,0.34,27.7
C_00479,LOT_011,96,9.777,False,0.34,27.7
C_00479,LOT_011,168,9.924,False,0.34,27.7
C_00480,LOT_011,0,9.877,False,0.319,22.6
C_00480,LOT_011,24,10.024,False,0.319,22.6
C_00480,LOT_011,96,10.013,False,0.319,22.6
C_00480,LOT_011,168,10.074,False,0.319,22.6
C_00481,LOT_012,0,9.505,False,0.424,63.1
C_00481,LOT_012,24,10.202,False,0.424,63.1
C_00481,LOT_012,96,11.147,False,0.424,63.1
C_00481,LOT_012,168,11.059,False,0.424,63.1
C_00482,LOT_012,0,10.073,False,0.32,22.9
C_00482,LOT_012,24,10.261,False,0.32,22.9
C_00482,LOT_012,96,10.014,False,0.32,22.9
C_00482,LOT_012,168,10.273,False,0.32,22.9
C_00483,LOT_012,0,9.693,False,0.366,35.7
C_00483,LOT_012,24,9.486,False,0.366,35.7
C_00483,LOT_012,96,10.262,False,0.366,35.7
C_00483,LOT_012,168,9.798,False,0.366,35.7
C_00484,LOT_012,0,10.155,False,0.417,58.7
C_00484,LOT_012,24,10.286,False,0.417,58.7
C_00484,LOT_012,96,10.442,False,0.417,58.7
C_00484,LOT_012,168,10.825,False,0.417,58.7
C_00485,LOT_012,0,9.103,False,0.366,35.8
C_00485,LOT_012,24,8.943,False,0.366,35.8
C_00485,LOT_012,96,9.434,False,0.366,35.8
C_00485,LOT_012,168,9.444,False,0.366,35.8
C_00486,LOT_012,0,9.998,False,0.399,49.6
C_00486,LOT_012,24,9.979,False,0.399,49.6
C_00486,LOT_012,96,10.379,False,0.399,49.6
C_00486,LOT_012,168,10.624,False,0.399,49.6
C_00487,LOT_012,0,8.89,False,0.293,17.6
C_00487,LOT_012,24,9.261,False,0.293,17.6
C_00487,LOT_012,96,8.956,False,0.293,17.6
C_00487,LOT_012,168,9.072,False,0.293,17.6
C_00488,LOT_012,0,9.547,False,0.363,34.7
C_00488,LOT_012,24,9.26,False,0.363,34.7
C_00488,LOT_012,96,9.694,False,0.363,34.7
C_00488,LOT_012,168,9.575,False,0.363,34.7
C_00489,LOT_012,0,8.594,False,0.308,20.3
C_00489,LOT_012,24,9.177,False,0.308,20.3
C_00489,LOT_012,96,9.486,False,0.308,20.3
C_00489,LOT_012,168,9.062,False,0.308,20.3
C_00490,LOT_012,0,8.371,False,0.34,27.8
C_00490,LOT_012,24,8.611,False,0.34,27.8
C_00490,LOT_012,96,8.78,False,0.34,27.8
C_00490,LOT_012,168,8.872,False,0.34,27.8
C_00491,LOT_012,0,9.312,True,0.723,1177.4
C_00491,LOT_012,24,13.559,True,0.723,1177.4
C_00491,LOT_012,96,19.645,True,0.723,1177.4
C_00491,LOT_012,168,24.511,True,0.723,1177.4
C_00492,LOT_012,0,9.377,False,0.38,41.1
C_00492,LOT_012,24,9.415,False,0.38,41.1
C_00492,LOT_012,96,9.634,False,0.38,41.1
C_00492,LOT_012,168,10.006,False,0.38,41.1
C_00493,LOT_012,0,9.777,False,0.409,54.6
C_00493,LOT_012,24,9.902,False,0.409,54.6
C_00493,LOT_012,96,10.555,False,0.409,54.6
C_00493,LOT_012,168,10.923,False,0.409,54.6
C_00494,LOT_012,0,10.557,False,0.271,14.2
C_00494,LOT_012,24,10.477,False,0.271,14.2
C_00494,LOT_012,96,11.234,False,0.271,14.2
C_00494,LOT_012,168,10.791,False,0.271,14.2
C_00495,LOT_012,0,10.005,False,0.27,14.0
C_00495,LOT_012,24,9.751,False,0.27,14.0
C_00495,LOT_012,96,9.806,False,0.27,14.0
C_00495,LOT_012,168,10.297,False,0.27,14.0
C_00496,LOT_012,0,9.938,False,0.332,25.6
C_00496,LOT_012,24,10.005,False,0.332,25.6
C_00496,LOT_012,96,10.156,False,0.332,25.6
C_00496,LOT_012,168,10.362,False,0.332,25.6
C_00497,LOT_012,0,9.179,False,0.359,33.4
C_00497,LOT_012,24,8.877,False,0.359,33.4
C_00497,LOT_012,96,9.228,False,0.359,33.4
C_00497,LOT_012,168,9.365,False,0.359,33.4
C_00498,LOT_012,0,10.182,False,0.381,41.5
C_00498,LOT_012,24,10.321,False,0.381,41.5
C_00498,LOT_012,96,10.358,False,0.381,41.5
C_00498,LOT_012,168,10.656,False,0.381,41.5
C_00499,LOT_012,0,8.97,False,0.368,36.4
C_00499,LOT_012,24,9.332,False,0.368,36.4
C_00499,LOT_012,96,9.312,False,0.368,36.4
C_00499,LOT_012,168,9.611,False,0.368,36.4
C_00500,LOT_012,0,10.1,False,0.323,23.5
C_00500,LOT_012,24,10.11,False,0.323,23.5
C_00500,LOT_012,96,10.126,False,0.323,23.5
C_00500,LOT_012,168,10.537,False,0.323,23.5
C_00501,LOT_012,0,9.896,False,0.44,73.5
C_00501,LOT_012,24,10.21,False,0.44,73.5
C_00501,LOT_012,96,10.848,False,0.44,73.5
C_00501,LOT_012,168,10.949,False,0.44,73.5
C_00502,LOT_012,0,10.354,False,0.36,33.8
C_00502,LOT_012,24,10.19,False,0.36,33.8
C_00502,LOT_012,96,10.358,False,0.36,33.8
C_00502,LOT_012,168,10.85,False,0.36,33.8
C_00503,LOT_012,0,9.677,False,0.35,30.7
C_00503,LOT_012,24,9.477,False,0.35,30.7
C_00503,LOT_012,96,9.638,False,0.35,30.7
C_00503,LOT_012,168,9.911,False,0.35,30.7
C_00504,LOT_012,0,9.455,False,0.375,39.2
C_00504,LOT_012,24,9.353,False,0.375,39.2
C_00504,LOT_012,96,9.75,False,0.375,39.2
C_00504,LOT_012,168,10.137,False,0.375,39.2
C_00505,LOT_012,0,9.367,False,0.356,32.6
C_00505,LOT_012,24,9.374,False,0.356,32.6
C_00505,LOT_012,96,9.674,False,0.356,32.6
C_00505,LOT_012,168,9.876,False,0.356,32.6
C_00506,LOT_012,0,9.749,True,0.649,572.1
C_00506,LOT_012,24,12.175,True,0.649,572.1
C_00506,LOT_012,96,15.793,True,0.649,572.1
C_00506,LOT_012,168,18.641,True,0.649,572.1
C_00507,LOT_012,0,10.208,False,0.346,29.5
C_00507,LOT_012,24,10.552,False,0.346,29.5
C_00507,LOT_012,96,10.686,False,0.346,29.5
C_00507,LOT_012,168,10.918,False,0.346,29.5
C_00508,LOT_012,0,10.358,False,0.346,29.5
C_00508,LOT_012,24,10.145,False,0.346,29.5
C_00508,LOT_012,96,10.355,False,0.346,29.5
C_00508,LOT_012,168,10.673,False,0.346,29.5
C_00509,LOT_012,0,8.9,False,0.347,29.7
C_00509,LOT_012,24,9.39,False,0.347,29.7
C_00509,LOT_012,96,9.582,False,0.347,29.7
C_00509,LOT_012,168,9.717,False,0.347,29.7
C_00510,LOT_012,0,8.995,False,0.317,22.2
C_00510,LOT_012,24,9.102,False,0.317,22.2
C_00510,LOT_012,96,9.222,False,0.317,22.2
C_00510,LOT_012,168,9.621,False,0.317,22.2
C_00511,LOT_012,0,9.838,False,0.335,26.5
C_00511,LOT_012,24,9.795,False,0.335,26.5
C_00511,LOT_012,96,9.791,False,0.335,26.5
C_00511,LOT_012,168,10.171,False,0.335,26.5
C_00512,LOT_012,0,10.871,False,0.352,31.4
C_00512,LOT_012,24,11.391,False,0.352,31.4
C_00512,LOT_012,96,11.077,False,0.352,31.4
C_00512,LOT_012,168,11.744,False,0.352,31.4
C_00513,LOT_012,0,10.087,False,0.341,28.1
C_00513,LOT_012,24,10.005,False,0.341,28.1
C_00513,LOT_012,96,10.699,False,0.341,28.1
C_00513,LOT_012,168,10.38,False,0.341,28.1
C_00514,LOT_012,0,8.38,False,0.401,50.4
C_00514,LOT_012,24,8.653,False,0.401,50.4
C_00514,LOT_012,96,8.934,False,0.401,50.4
C_00514,LOT_012,168,8.944,False,0.401,50.4
C_00515,LOT_012,0,9.503,False,0.326,24.1
C_00515,LOT_012,24,9.282,False,0.326,24.1
C_00515,LOT_012,96,9.418,False,0.326,24.1
C_00515,LOT_012,168,9.541,False,0.326,24.1
C_00516,LOT_012,0,9.192,False,0.364,35.2
C_00516,LOT_012,24,9.521,False,0.364,35.2
C_00516,LOT_012,96,9.472,False,0.364,35.2
C_00516,LOT_012,168,9.633,False,0.364,35.2
C_00517,LOT_012,0,10.38,False,0.319,22.7
C_00517,LOT_012,24,10.275,False,0.319,22.7
C_00517,LOT_012,96,10.518,False,0.319,22.7
C_00517,LOT_012,168,11.046,False,0.319,22.7
C_00518,LOT_012,0,9.839,False,0.362,34.5
C_00518,LOT_012,24,9.385,False,0.362,34.5
C_00518,LOT_012,96,9.459,False,0.362,34.5
C_00518,LOT_012,168,9.938,False,0.362,34.5
C_00519,LOT_012,0,9.51,False,0.43,66.8
C_00519,LOT_012,24,10.035,False,0.43,66.8
C_00519,LOT_012,96,10.797,False,0.43,66.8
C_00519,LOT_012,168,10.883,False,0.43,66.8
C_00520,LOT_012,0,9.645,False,0.328,24.6
C_00520,LOT_012,24,9.688,False,0.328,24.6
C_00520,LOT_012,96,9.724,False,0.328,24.6
C_00520,LOT_012,168,9.498,False,0.328,24.6
C_00521,LOT_013,0,8.123,False,0.362,34.5
C_00521,LOT_013,24,8.381,False,0.362,34.5
C_00521,LOT_013,96,8.618,False,0.362,34.5
C_00521,LOT_013,168,8.808,False,0.362,34.5
C_00522,LOT_013,0,8.357,False,0.32,22.9
C_00522,LOT_013,24,8.584,False,0.32,22.9
C_00522,LOT_013,96,8.665,False,0.32,22.9
C_00522,LOT_013,168,8.32,False,0.32,22.9
C_00523,LOT_013,0,9.439,False,0.353,31.6
C_00523,LOT_013,24,9.104,False,0.353,31.6
C_00523,LOT_013,96,9.303,False,0.353,31.6
C_00523,LOT_013,168,9.394,False,0.353,31.6
C_00524,LOT_013,0,8.172,False,0.435,70.2
C_00524,LOT_013,24,8.33,False,0.435,70.2
C_00524,LOT_013,96,8.336,False,0.435,70.2
C_00524,LOT_013,168,8.887,False,0.435,70.2
C_00525,LOT_013,0,8.604,False,0.284,16.1
C_00525,LOT_013,24,8.459,False,0.284,16.1
C_00525,LOT_013,96,8.321,False,0.284,16.1
C_00525,LOT_013,168,8.798,False,0.284,16.1
C_00526,LOT_013,0,9.269,False,0.34,27.7
C_00526,LOT_013,24,9.392,False,0.34,27.7
C_00526,LOT_013,96,9.23,False,0.34,27.7
C_00526,LOT_013,168,9.374,False,0.34,27.7
C_00527,LOT_013,0,8.695,False,0.345,29.1
C_00527,LOT_013,24,9.018,False,0.345,29.1
C_00527,LOT_013,96,9.109,False,0.345,29.1
C_00527,LOT_013,168,9.068,False,0.345,29.1
C_00528,LOT_013,0,8.749,False,0.415,57.8
C_00528,LOT_013,24,8.18,False,0.415,57.8
C_00528,LOT_013,96,8.479,False,0.415,57.8
C_00528,LOT_013,168,8.814,False,0.415,57.8
C_00529,LOT_013,0,9.608,True,0.677,745.9
C_00529,LOT_013,24,12.126,True,0.677,745.9
C_00529,LOT_013,96,15.238,True,0.677,745.9
C_00529,LOT_013,168,18.116,True,0.677,745.9
C_00530,LOT_013,0,8.695,False,0.358,33.2
C_00530,LOT_013,24,8.91,False,0.358,33.2
C_00530,LOT_013,96,8.922,False,0.358,33.2
C_00530,LOT_013,168,8.852,False,0.358,33.2
C_00531,LOT_013,0,8.062,False,0.359,33.4
C_00531,LOT_013,24,8.206,False,0.359,33.4
C_00531,LOT_013,96,8.155,False,0.359,33.4
C_00531,LOT_013,168,8.584,False,0.359,33.4
C_00532,LOT_013,0,8.058,False,0.369,37.0
C_00532,LOT_013,24,8.456,False,0.369,37.0
C_00532,LOT_013,96,8.153,False,0.369,37.0
C_00532,LOT_013,168,8.721,False,0.369,37.0
C_00533,LOT_013,0,8.143,False,0.362,34.3
C_00533,LOT_013,24,8.469,False,0.362,34.3
C_00533,LOT_013,96,8.355,False,0.362,34.3
C_00533,LOT_013,168,8.486,False,0.362,34.3
C_00534,LOT_013,0,8.361,False,0.396,48.2
C_00534,LOT_013,24,8.536,False,0.396,48.2
C_00534,LOT_013,96,8.976,False,0.396,48.2
C_00534,LOT_013,168,9.357,False,0.396,48.2
C_00535,LOT_013,0,8.149,False,0.381,41.3
C_00535,LOT_013,24,8.171,False,0.381,41.3
C_00535,LOT_013,96,8.713,False,0.381,41.3
C_00535,LOT_013,168,8.174,False,0.381,41.3
C_00536,LOT_013,0,8.056,False,0.334,26.1
C_00536,LOT_013,24,8.138,False,0.334,26.1
C_00536,LOT_013,96,8.328,False,0.334,26.1
C_00536,LOT_013,168,8.488,False,0.334,26.1
C_00537,LOT_013,0,7.624,False,0.315,21.8
C_00537,LOT_013,24,7.735,False,0.315,21.8
C_00537,LOT_013,96,7.696,False,0.315,21.8
C_00537,LOT_013,168,7.686,False,0.315,21.8
C_00538,LOT_013,0,8.191,False,0.332,25.7
C_00538,LOT_013,24,8.286,False,0.332,25.7
C_00538,LOT_013,96,8.482,False,0.332,25.7
C_00538,LOT_013,168,8.549,False,0.332,25.7
C_00539,LOT_013,0,9.523,False,0.363,34.9
C_00539,LOT_013,24,9.587,False,0.363,34.9
C_00539,LOT_013,96,9.745,False,0.363,34.9
C_00539,LOT_013,168,9.894,False,0.363,34.9
C_00540,LOT_013,0,8.221,True,0.721,1156.3
C_00540,LOT_013,24,11.996,True,0.721,1156.3
C_00540,LOT_013,96,15.462,True,0.721,1156.3
C_00540,LOT_013,168,18.505,True,0.721,1156.3
C_00541,LOT_013,0,8.642,False,0.313,21.3
C_00541,LOT_013,24,8.601,False,0.313,21.3
C_00541,LOT_013,96,8.691,False,0.313,21.3
C_00541,LOT_013,168,8.347,False,0.313,21.3
C_00542,LOT_013,0,7.895,False,0.411,55.7
C_00542,LOT_013,24,7.813,False,0.411,55.7
C_00542,LOT_013,96,8.156,False,0.411,55.7
C_00542,LOT_013,168,8.19,False,0.411,55.7
C_00543,LOT_013,0,8.267,False,0.268,13.8
C_00543,LOT_013,24,8.239,False,0.268,13.8
C_00543,LOT_013,96,8.278,False,0.268,13.8
C_00543,LOT_013,168,8.466,False,0.268,13.8
C_00544,LOT_013,0,7.24,False,0.366,35.9
C_00544,LOT_013,24,7.194,False,0.366,35.9
C_00544,LOT_013,96,7.496,False,0.366,35.9
C_00544,LOT_013,168,7.356,False,0.366,35.9
C_00545,LOT_013,0,7.956,True,0.73,1251.4
C_00545,LOT_013,24,11.727,True,0.73,1251.4
C_00545,LOT_013,96,15.925,True,0.73,1251.4
C_00545,LOT_013,168,19.087,True,0.73,1251.4
C_00546,LOT_013,0,8.178,False,0.263,13.0
C_00546,LOT_013,24,8.111,False,0.263,13.0
C_00546,LOT_013,96,8.163,False,0.263,13.0
C_00546,LOT_013,168,8.336,False,0.263,13.0
C_00547,LOT_013,0,8.251,False,0.305,19.6
C_00547,LOT_013,24,7.803,False,0.305,19.6
C_00547,LOT_013,96,7.983,False,0.305,19.6
C_00547,LOT_013,168,8.256,False,0.305,19.6
C_00548,LOT_013,0,7.812,False,0.428,65.5
C_00548,LOT_013,24,7.798,False,0.428,65.5
C_00548,LOT_013,96,8.235,False,0.428,65.5
C_00548,LOT_013,168,8.22,False,0.428,65.5
C_00549,LOT_013,0,8.746,False,0.285,16.2
C_00549,LOT_013,24,8.983,False,0.285,16.2
C_00549,LOT_013,96,8.63,False,0.285,16.2
C_00549,LOT_013,168,8.699,False,0.285,16.2
C_00550,LOT_013,0,8.36,False,0.353,31.4
C_00550,LOT_013,24,8.408,False,0.353,31.4
C_00550,LOT_013,96,8.735,False,0.353,31.4
C_00550,LOT_013,168,8.749,False,0.353,31.4
C_00551,LOT_013,0,9.089,False,0.347,29.6
C_00551,LOT_013,24,9.322,False,0.347,29.6
C_00551,LOT_013,96,9.385,False,0.347,29.6
C_00551,LOT_013,168,9.168,False,0.347,29.6
C_00552,LOT_013,0,8.311,False,0.38,41.0
C_00552,LOT_013,24,8.306,False,0.38,41.0
C_00552,LOT_013,96,8.805,False,0.38,41.0
C_00552,LOT_013,168,8.756,False,0.38,41.0
C_00553,LOT_013,0,8.833,False,0.396,48.1
C_00553,LOT_013,24,9.117,False,0.396,48.1
C_00553,LOT_013,96,9.26,False,0.396,48.1
C_00553,LOT_013,168,9.717,False,0.396,48.1
C_00554,LOT_013,0,7.697,False,0.342,28.4
C_00554,LOT_013,24,7.525,False,0.342,28.4
C_00554,LOT_013,96,7.96,False,0.342,28.4
C_00554,LOT_013,168,8.007,False,0.342,28.4
C_00555,LOT_013,0,8.587,False,0.333,26.0
C_00555,LOT_013,24,8.75,False,0.333,26.0
C_00555,LOT_013,96,9.093,False,0.333,26.0
C_00555,LOT_013,168,8.733,False,0.333,26.0
C_00556,LOT_013,0,7.959,False,0.354,31.9
C_00556,LOT_013,24,7.974,False,0.354,31.9
C_00556,LOT_013,96,8.295,False,0.354,31.9
C_00556,LOT_013,168,8.149,False,0.354,31.9
C_00557,LOT_013,0,8.38,False,0.296,18.1
C_00557,LOT_013,24,8.737,False,0.296,18.1
C_00557,LOT_013,96,8.287,False,0.296,18.1
C_00557,LOT_013,168,8.389,False,0.296,18.1
C_00558,LOT_013,0,8.698,False,0.365,35.5
C_00558,LOT_013,24,8.517,False,0.365,35.5
C_00558,LOT_013,96,8.934,False,0.365,35.5
C_00558,LOT_013,168,8.96,False,0.365,35.5
C_00559,LOT_013,0,8.297,False,0.447,79.1
C_00559,LOT_013,24,8.363,False,0.447,79.1
C_00559,LOT_013,96,9.096,False,0.447,79.1
C_00559,LOT_013,168,9.172,False,0.447,79.1
C_00560,LOT_013,0,8.796,False,0.36,33.9
C_00560,LOT_013,24,8.84,False,0.36,33.9
C_00560,LOT_013,96,8.952,False,0.36,33.9
C_00560,LOT_013,168,9.008,False,0.36,33.9
C_00561,LOT_014,0,10.199,False,0.418,59.4
C_00561,LOT_014,24,10.32,False,0.418,59.4
C_00561,LOT_014,96,11.164,False,0.418,59.4
C_00561,LOT_014,168,10.947,False,0.418,59.4
C_00562,LOT_014,0,9.81,False,0.363,34.7
C_00562,LOT_014,24,9.631,False,0.363,34.7
C_00562,LOT_014,96,10.344,False,0.363,34.7
C_00562,LOT_014,168,10.377,False,0.363,34.7
C_00563,LOT_014,0,11.045,False,0.298,18.4
C_00563,LOT_014,24,11.643,False,0.298,18.4
C_00563,LOT_014,96,11.58,False,0.298,18.4
C_00563,LOT_014,168,11.283,False,0.298,18.4
C_00564,LOT_014,0,11.177,False,0.34,27.6
C_00564,LOT_014,24,10.857,False,0.34,27.6
C_00564,LOT_014,96,11.229,False,0.34,27.6
C_00564,LOT_014,168,11.56,False,0.34,27.6
C_00565,LOT_014,0,10.196,False,0.338,27.3
C_00565,LOT_014,24,10.596,False,0.338,27.3
C_00565,LOT_014,96,10.679,False,0.338,27.3
C_00565,LOT_014,168,10.857,False,0.338,27.3
C_00566,LOT_014,0,9.63,False,0.341,27.9
C_00566,LOT_014,24,10.169,False,0.341,27.9
C_00566,LOT_014,96,10.257,False,0.341,27.9
C_00566,LOT_014,168,10.279,False,0.341,27.9
C_00567,LOT_014,0,9.396,False,0.35,30.5
C_00567,LOT_014,24,9.755,False,0.35,30.5
C_00567,LOT_014,96,9.682,False,0.35,30.5
C_00567,LOT_014,168,10.174,False,0.35,30.5
C_00568,LOT_014,0,10.81,False,0.276,14.8
C_00568,LOT_014,24,10.767,False,0.276,14.8
C_00568,LOT_014,96,10.301,False,0.276,14.8
C_00568,LOT_014,168,11.229,False,0.276,14.8
C_00569,LOT_014,0,9.863,False,0.39,45.2
C_00569,LOT_014,24,10.254,False,0.39,45.2
C_00569,LOT_014,96,10.823,False,0.39,45.2
C_00569,LOT_014,168,11.007,False,0.39,45.2
C_00570,LOT_014,0,10.948,False,0.382,41.7
C_00570,LOT_014,24,10.839,False,0.382,41.7
C_00570,LOT_014,96,11.362,False,0.382,41.7
C_00570,LOT_014,168,11.467,False,0.382,41.7
C_00571,LOT_014,0,10.728,False,0.227,9.2
C_00571,LOT_014,24,10.725,False,0.227,9.2
C_00571,LOT_014,96,10.67,False,0.227,9.2
C_00571,LOT_014,168,11.086,False,0.227,9.2
C_00572,LOT_014,0,9.871,False,0.362,34.6
C_00572,LOT_014,24,9.882,False,0.362,34.6
C_00572,LOT_014,96,9.862,False,0.362,34.6
C_00572,LOT_014,168,9.734,False,0.362,34.6
C_00573,LOT_014,0,11.03,False,0.336,26.7
C_00573,LOT_014,24,11.412,False,0.336,26.7
C_00573,LOT_014,96,11.268,False,0.336,26.7
C_00573,LOT_014,168,11.591,False,0.336,26.7
C_00574,LOT_014,0,11.424,False,0.282,15.7
C_00574,LOT_014,24,11.735,False,0.282,15.7
C_00574,LOT_014,96,12.014,False,0.282,15.7
C_00574,LOT_014,168,11.804,False,0.282,15.7
C_00575,LOT_014,0,11.068,False,0.385,43.0
C_00575,LOT_014,24,11.475,False,0.385,43.0
C_00575,LOT_014,96,11.977,False,0.385,43.0
C_00575,LOT_014,168,11.986,False,0.385,43.0
C_00576,LOT_014,0,10.523,False,0.372,38.1
C_00576,LOT_014,24,10.435,False,0.372,38.1
C_00576,LOT_014,96,11.201,False,0.372,38.1
C_00576,LOT_014,168,10.896,False,0.372,38.1
C_00577,LOT_014,0,10.438,False,0.43,66.7
C_00577,LOT_014,24,10.762,False,0.43,66.7
C_00577,LOT_014,96,11.697,False,0.43,66.7
C_00577,LOT_014,168,11.106,False,0.43,66.7
C_00578,LOT_014,0,12.231,False,0.374,38.6
C_00578,LOT_014,24,12.443,False,0.374,38.6
C_00578,LOT_014,96,12.924,False,0.374,38.6
C_00578,LOT_014,168,13.387,False,0.374,38.6
C_00579,LOT_014,0,9.966,False,0.381,41.7
C_00579,LOT_014,24,9.985,False,0.381,41.7
C_00579,LOT_014,96,10.284,False,0.381,41.7
C_00579,LOT_014,168,10.617,False,0.381,41.7
C_00580,LOT_014,0,10.491,False,0.302,19.2
C_00580,LOT_014,24,10.702,False,0.302,19.2
C_00580,LOT_014,96,10.812,False,0.302,19.2
C_00580,LOT_014,168,11.372,False,0.302,19.2
C_00581,LOT_014,0,10.888,False,0.349,30.4
C_00581,LOT_014,24,11.206,False,0.349,30.4
C_00581,LOT_014,96,11.277,False,0.349,30.4
C_00581,LOT_014,168,11.656,False,0.349,30.4
C_00582,LOT_014,0,9.832,False,0.39,45.1
C_00582,LOT_014,24,10.152,False,0.39,45.1
C_00582,LOT_014,96,10.421,False,0.39,45.1
C_00582,LOT_014,168,10.504,False,0.39,45.1
C_00583,LOT_014,0,10.053,True,0.667,678.5
C_00583,LOT_014,24,12.962,True,0.667,678.5
C_00583,LOT_014,96,16.959,True,0.667,678.5
C_00583,LOT_014,168,20.832,True,0.667,678.5
C_00584,LOT_014,0,11.162,False,0.382,41.8
C_00584,LOT_014,24,10.979,False,0.382,41.8
C_00584,LOT_014,96,11.803,False,0.382,41.8
C_00584,LOT_014,168,12.291,False,0.382,41.8
C_00585,LOT_014,0,10.862,True,0.746,1473.2
C_00585,LOT_014,24,17.048,True,0.746,1473.2
C_00585,LOT_014,96,27.261,True,0.746,1473.2
C_00585,LOT_014,168,35.605,True,0.746,1473.2
C_00586,LOT_014,0,9.98,False,0.325,24.0
C_00586,LOT_014,24,9.96,False,0.325,24.0
C_00586,LOT_014,96,10.065,False,0.325,24.0
C_00586,LOT_014,168,10.442,False,0.325,24.0
C_00587,LOT_014,0,11.049,False,0.362,34.3
C_00587,LOT_014,24,11.356,False,0.362,34.3
C_00587,LOT_014,96,11.725,False,0.362,34.3
C_00587,LOT_014,168,12.002,False,0.362,34.3
C_00588,LOT_014,0,11.089,True,0.7,940.1
C_00588,LOT_014,24,15.38,True,0.7,940.1
C_00588,LOT_014,96,23.014,True,0.7,940.1
C_00588,LOT_014,168,28.549,True,0.7,940.1
C_00589,LOT_014,0,10.903,False,0.336,26.7
C_00589,LOT_014,24,10.992,False,0.336,26.7
C_00589,LOT_014,96,10.961,False,0.336,26.7
C_00589,LOT_014,168,11.46,False,0.336,26.7
C_00590,LOT_014,0,10.076,False,0.415,58.1
C_00590,LOT_014,24,10.454,False,0.415,58.1
C_00590,LOT_014,96,10.811,False,0.415,58.1
C_00590,LOT_014,168,10.514,False,0.415,58.1
C_00591,LOT_014,0,10.722,False,0.336,26.6
C_00591,LOT_014,24,10.533,False,0.336,26.6
C_00591,LOT_014,96,10.559,False,0.336,26.6
C_00591,LOT_014,168,10.985,False,0.336,26.6
C_00592,LOT_014,0,9.952,False,0.338,27.3
C_00592,LOT_014,24,10.454,False,0.338,27.3
C_00592,LOT_014,96,10.714,False,0.338,27.3
C_00592,LOT_014,168,10.689,False,0.338,27.3
C_00593,LOT_014,0,11.006,False,0.348,30.1
C_00593,LOT_014,24,11.137,False,0.348,30.1
C_00593,LOT_014,96,11.345,False,0.348,30.1
C_00593,LOT_014,168,11.475,False,0.348,30.1
C_00594,LOT_014,0,10.608,False,0.301,18.9
C_00594,LOT_014,24,11.269,False,0.301,18.9
C_00594,LOT_014,96,11.269,False,0.301,18.9
C_00594,LOT_014,168,11.427,False,0.301,18.9
C_00595,LOT_014,0,11.843,False,0.326,24.1
C_00595,LOT_014,24,11.536,False,0.326,24.1
C_00595,LOT_014,96,11.829,False,0.326,24.1
C_00595,LOT_014,168,12.142,False,0.326,24.1
C_00596,LOT_014,0,10.786,False,0.414,57.4
C_00596,LOT_014,24,10.767,False,0.414,57.4
C_00596,LOT_014,96,11.629,False,0.414,57.4
C_00596,LOT_014,168,11.402,False,0.414,57.4
C_00597,LOT_014,0,10.783,False,0.244,10.9
C_00597,LOT_014,24,10.641,False,0.244,10.9
C_00597,LOT_014,96,10.918,False,0.244,10.9
C_00597,LOT_014,168,10.642,False,0.244,10.9
C_00598,LOT_014,0,10.729,False,0.351,31.0
C_00598,LOT_014,24,10.443,False,0.351,31.0
C_00598,LOT_014,96,10.918,False,0.351,31.0
C_00598,LOT_014,168,11.043,False,0.351,31.0
C_00599,LOT_014,0,9.797,False,0.35,30.8
C_00599,LOT_014,24,9.47,False,0.35,30.8
C_00599,LOT_014,96,9.387,False,0.35,30.8
C_00599,LOT_014,168,10.273,False,0.35,30.8
C_00600,LOT_014,0,11.428,False,0.315,21.7
C_00600,LOT_014,24,11.249,False,0.315,21.7
C_00600,LOT_014,96,11.429,False,0.315,21.7
C_00600,LOT_014,168,11.663,False,0.315,21.7
C_00601,LOT_015,0,10.231,False,0.297,18.2
C_00601,LOT_015,24,10.333,False,0.297,18.2
C_00601,LOT_015,96,10.601,False,0.297,18.2
C_00601,LOT_015,168,10.758,False,0.297,18.2
C_00602,LOT_015,0,10.138,False,0.348,30.1
C_00602,LOT_015,24,11.19,False,0.348,30.1
C_00602,LOT_015,96,11.019,False,0.348,30.1
C_00602,LOT_015,168,11.379,False,0.348,30.1
C_00603,LOT_015,0,10.229,False,0.323,23.5
C_00603,LOT_015,24,10.641,False,0.323,23.5
C_00603,LOT_015,96,10.583,False,0.323,23.5
C_00603,LOT_015,168,10.808,False,0.323,23.5
C_00604,LOT_015,0,11.025,False,0.274,14.6
C_00604,LOT_015,24,11.311,False,0.274,14.6
C_00604,LOT_015,96,11.527,False,0.274,14.6
C_00604,LOT_015,168,11.464,False,0.274,14.6
C_00605,LOT_015,0,9.439,False,0.309,20.6
C_00605,LOT_015,24,9.5,False,0.309,20.6
C_00605,LOT_015,96,9.452,False,0.309,20.6
C_00605,LOT_015,168,9.49,False,0.309,20.6
C_00606,LOT_015,0,10.758,False,0.385,43.0
C_00606,LOT_015,24,10.688,False,0.385,43.0
C_00606,LOT_015,96,11.234,False,0.385,43.0
C_00606,LOT_015,168,11.463,False,0.385,43.0
C_00607,LOT_015,0,12.243,False,0.28,15.4
C_00607,LOT_015,24,11.693,False,0.28,15.4
C_00607,LOT_015,96,12.047,False,0.28,15.4
C_00607,LOT_015,168,12.199,False,0.28,15.4
C_00608,LOT_015,0,9.729,False,0.374,38.6
C_00608,LOT_015,24,9.638,False,0.374,38.6
C_00608,LOT_015,96,10.125,False,0.374,38.6
C_00608,LOT_015,168,10.174,False,0.374,38.6
C_00609,LOT_015,0,12.071,False,0.354,31.8
C_00609,LOT_015,24,11.908,False,0.354,31.8
C_00609,LOT_015,96,12.302,False,0.354,31.8
C_00609,LOT_015,168,12.622,False,0.354,31.8
C_00610,LOT_015,0,11.003,False,0.373,38.4
C_00610,LOT_015,24,11.35,False,0.373,38.4
C_00610,LOT_015,96,11.918,False,0.373,38.4
C_00610,LOT_015,168,12.02,False,0.373,38.4
C_00611,LOT_015,0,11.282,True,0.688,832.0
C_00611,LOT_015,24,15.603,True,0.688,832.0
C_00611,LOT_015,96,24.068,True,0.688,832.0
C_00611,LOT_015,168,30.386,True,0.688,832.0
C_00612,LOT_015,0,9.929,False,0.317,22.1
C_00612,LOT_015,24,10.175,False,0.317,22.1
C_00612,LOT_015,96,10.486,False,0.317,22.1
C_00612,LOT_015,168,10.443,False,0.317,22.1
C_00613,LOT_015,0,9.355,False,0.353,31.5
C_00613,LOT_015,24,9.864,False,0.353,31.5
C_00613,LOT_015,96,9.965,False,0.353,31.5
C_00613,LOT_015,168,10.088,False,0.353,31.5
C_00614,LOT_015,0,10.427,False,0.346,29.5
C_00614,LOT_015,24,10.561,False,0.346,29.5
C_00614,LOT_015,96,10.547,False,0.346,29.5
C_00614,LOT_015,168,11.243,False,0.346,29.5
C_00615,LOT_015,0,9.732,False,0.348,30.0
C_00615,LOT_015,24,9.633,False,0.348,30.0
C_00615,LOT_015,96,10.119,False,0.348,30.0
C_00615,LOT_015,168,10.204,False,0.348,30.0
C_00616,LOT_015,0,9.81,False,0.395,47.5
C_00616,LOT_015,24,10.286,False,0.395,47.5
C_00616,LOT_015,96,10.631,False,0.395,47.5
C_00616,LOT_015,168,10.898,False,0.395,47.5
C_00617,LOT_015,0,11.601,False,0.371,37.8
C_00617,LOT_015,24,12.031,False,0.371,37.8
C_00617,LOT_015,96,11.947,False,0.371,37.8
C_00617,LOT_015,168,12.797,False,0.371,37.8
C_00618,LOT_015,0,10.723,False,0.329,25.0
C_00618,LOT_015,24,10.98,False,0.329,25.0
C_00618,LOT_015,96,11.647,False,0.329,25.0
C_00618,LOT_015,168,11.711,False,0.329,25.0
C_00619,LOT_015,0,10.459,False,0.384,42.6
C_00619,LOT_015,24,10.839,False,0.384,42.6
C_00619,LOT_015,96,10.85,False,0.384,42.6
C_00619,LOT_015,168,11.779,False,0.384,42.6
C_00620,LOT_015,0,10.509,False,0.265,13.3
C_00620,LOT_015,24,10.635,False,0.265,13.3
C_00620,LOT_015,96,11.041,False,0.265,13.3
C_00620,LOT_015,168,11.064,False,0.265,13.3
C_00621,LOT_015,0,10.009,False,0.355,32.2
C_00621,LOT_015,24,10.331,False,0.355,32.2
C_00621,LOT_015,96,10.75,False,0.355,32.2
C_00621,LOT_015,168,10.867,False,0.355,32.2
C_00622,LOT_015,0,11.143,False,0.24,10.5
C_00622,LOT_015,24,11.377,False,0.24,10.5
C_00622,LOT_015,96,11.575,False,0.24,10.5
C_00622,LOT_015,168,11.784,False,0.24,10.5
C_00623,LOT_015,0,11.445,False,0.358,33.1
C_00623,LOT_015,24,10.896,False,0.358,33.1
C_00623,LOT_015,96,11.631,False,0.358,33.1
C_00623,LOT_015,168,11.881,False,0.358,33.1
C_00624,LOT_015,0,10.322,False,0.383,42.3
C_00624,LOT_015,24,10.443,False,0.383,42.3
C_00624,LOT_015,96,10.81,False,0.383,42.3
C_00624,LOT_015,168,11.346,False,0.383,42.3
C_00625,LOT_015,0,10.246,False,0.381,41.5
C_00625,LOT_015,24,10.596,False,0.381,41.5
C_00625,LOT_015,96,10.966,False,0.381,41.5
C_00625,LOT_015,168,11.182,False,0.381,41.5
C_00626,LOT_015,0,10.893,False,0.286,16.4
C_00626,LOT_015,24,10.709,False,0.286,16.4
C_00626,LOT_015,96,11.096,False,0.286,16.4
C_00626,LOT_015,168,11.315,False,0.286,16.4
C_00627,LOT_015,0,9.667,False,0.417,58.9
C_00627,LOT_015,24,9.83,False,0.417,58.9
C_00627,LOT_015,96,10.369,False,0.417,58.9
C_00627,LOT_015,168,10.597,False,0.417,58.9
C_00628,LOT_015,0,9.943,False,0.394,47.0
C_00628,LOT_015,24,10.3,False,0.394,47.0
C_00628,LOT_015,96,10.255,False,0.394,47.0
C_00628,LOT_015,168,11.081,False,0.394,47.0
C_00629,LOT_015,0,11.362,False,0.275,14.6
C_00629,LOT_015,24,11.54,False,0.275,14.6
C_00629,LOT_015,96,11.39,False,0.275,14.6
C_00629,LOT_015,168,11.741,False,0.275,14.6
C_00630,LOT_015,0,10.857,False,0.319,22.6
C_00630,LOT_015,24,11.247,False,0.319,22.6
C_00630,LOT_015,96,11.303,False,0.319,22.6
C_00630,LOT_015,168,11.76,False,0.319,22.6
C_00631,LOT_015,0,9.104,False,0.405,52.4
C_00631,LOT_015,24,9.323,False,0.405,52.4
C_00631,LOT_015,96,9.91,False,0.405,52.4
C_00631,LOT_015,168,10.41,False,0.405,52.4
C_00632,LOT_015,0,10.753,True,0.738,1363.7
C_00632,LOT_015,24,17.649,True,0.738,1363.7
C_00632,LOT_015,96,29.583,True,0.738,1363.7
C_00632,LOT_015,168,39.028,True,0.738,1363.7
C_00633,LOT_015,0,10.465,False,0.308,20.3
C_00633,LOT_015,24,10.726,False,0.308,20.3
C_00633,LOT_015,96,10.882,False,0.308,20.3
C_00633,LOT_015,168,11.157,False,0.308,20.3
C_00634,LOT_015,0,11.113,False,0.323,23.5
C_00634,LOT_015,24,11.332,False,0.323,23.5
C_00634,LOT_015,96,11.985,False,0.323,23.5
C_00634,LOT_015,168,11.661,False,0.323,23.5
C_00635,LOT_015,0,10.857,False,0.367,36.0
C_00635,LOT_015,24,10.714,False,0.367,36.0
C_00635,LOT_015,96,10.969,False,0.367,36.0
C_00635,LOT_015,168,11.295,False,0.367,36.0
C_00636,LOT_015,0,10.305,True,0.725,1195.4
C_00636,LOT_015,24,16.127,True,0.725,1195.4
C_00636,LOT_015,96,25.997,True,0.725,1195.4
C_00636,LOT_015,168,34.64,True,0.725,1195.4
C_00637,LOT_015,0,11.069,False,0.296,18.1
C_00637,LOT_015,24,11.0,False,0.296,18.1
C_00637,LOT_015,96,11.46,False,0.296,18.1
C_00637,LOT_015,168,11.864,False,0.296,18.1
C_00638,LOT_015,0,10.206,False,0.315,21.7
C_00638,LOT_015,24,10.08,False,0.315,21.7
C_00638,LOT_015,96,10.303,False,0.315,21.7
C_00638,LOT_015,168,10.281,False,0.315,21.7
C_00639,LOT_015,0,10.369,False,0.34,27.7
C_00639,LOT_015,24,10.501,False,0.34,27.7
C_00639,LOT_015,96,10.799,False,0.34,27.7
C_00639,LOT_015,168,11.157,False,0.34,27.7
C_00640,LOT_015,0,10.869,False,0.382,41.9
C_00640,LOT_015,24,11.385,False,0.382,41.9
C_00640,LOT_015,96,11.652,False,0.382,41.9
C_00640,LOT_015,168,11.596,False,0.382,41.9
C_00641,LOT_016,0,10.515,False,0.369,36.9
C_00641,LOT_016,24,10.63,False,0.369,36.9
C_00641,LOT_016,96,10.641,False,0.369,36.9
C_00641,LOT_016,168,11.006,False,0.369,36.9
C_00642,LOT_016,0,8.891,False,0.328,24.8
C_00642,LOT_016,24,8.985,False,0.328,24.8
C_00642,LOT_016,96,8.927,False,0.328,24.8
C_00642,LOT_016,168,9.205,False,0.328,24.8
C_00643,LOT_016,0,7.685,False,0.331,25.3
C_00643,LOT_016,24,8.047,False,0.331,25.3
C_00643,LOT_016,96,8.395,False,0.331,25.3
C_00643,LOT_016,168,8.106,False,0.331,25.3
C_00644,LOT_016,0,8.863,False,0.415,57.9
C_00644,LOT_016,24,9.293,False,0.415,57.9
C_00644,LOT_016,96,9.462,False,0.415,57.9
C_00644,LOT_016,168,9.406,False,0.415,57.9
C_00645,LOT_016,0,9.881,False,0.325,24.0
C_00645,LOT_016,24,9.702,False,0.325,24.0
C_00645,LOT_016,96,10.466,False,0.325,24.0
C_00645,LOT_016,168,10.294,False,0.325,24.0
C_00646,LOT_016,0,9.391,False,0.274,14.6
C_00646,LOT_016,24,9.666,False,0.274,14.6
C_00646,LOT_016,96,9.465,False,0.274,14.6
C_00646,LOT_016,168,9.37,False,0.274,14.6
C_00647,LOT_016,0,9.438,False,0.432,68.5
C_00647,LOT_016,24,9.542,False,0.432,68.5
C_00647,LOT_016,96,9.319,False,0.432,68.5
C_00647,LOT_016,168,9.768,False,0.432,68.5
C_00648,LOT_016,0,9.634,False,0.348,29.9
C_00648,LOT_016,24,9.479,False,0.348,29.9
C_00648,LOT_016,96,9.912,False,0.348,29.9
C_00648,LOT_016,168,10.122,False,0.348,29.9
C_00649,LOT_016,0,10.062,False,0.354,32.0
C_00649,LOT_016,24,10.266,False,0.354,32.0
C_00649,LOT_016,96,10.411,False,0.354,32.0
C_00649,LOT_016,168,10.594,False,0.354,32.0
C_00650,LOT_016,0,10.025,False,0.353,31.5
C_00650,LOT_016,24,10.238,False,0.353,31.5
C_00650,LOT_016,96,10.533,False,0.353,31.5
C_00650,LOT_016,168,10.533,False,0.353,31.5
C_00651,LOT_016,0,8.659,False,0.284,16.1
C_00651,LOT_016,24,8.803,False,0.284,16.1
C_00651,LOT_016,96,8.999,False,0.284,16.1
C_00651,LOT_016,168,8.896,False,0.284,16.1
C_00652,LOT_016,0,10.141,False,0.328,24.7
C_00652,LOT_016,24,9.995,False,0.328,24.7
C_00652,LOT_016,96,10.135,False,0.328,24.7
C_00652,LOT_016,168,10.646,False,0.328,24.7
C_00653,LOT_016,0,10.223,False,0.387,44.0
C_00653,LOT_016,24,10.213,False,0.387,44.0
C_00653,LOT_016,96,10.602,False,0.387,44.0
C_00653,LOT_016,168,10.675,False,0.387,44.0
C_00654,LOT_016,0,9.612,False,0.365,35.3
C_00654,LOT_016,24,9.291,False,0.365,35.3
C_00654,LOT_016,96,9.699,False,0.365,35.3
C_00654,LOT_016,168,10.343,False,0.365,35.3
C_00655,LOT_016,0,9.329,False,0.315,21.7
C_00655,LOT_016,24,9.509,False,0.315,21.7
C_00655,LOT_016,96,9.816,False,0.315,21.7
C_00655,LOT_016,168,9.605,False,0.315,21.7
C_00656,LOT_016,0,10.734,False,0.392,46.3
C_00656,LOT_016,24,10.465,False,0.392,46.3
C_00656,LOT_016,96,10.57,False,0.392,46.3
C_00656,LOT_016,168,10.515,False,0.392,46.3
C_00657,LOT_016,0,10.592,False,0.418,59.7
C_00657,LOT_016,24,10.43,False,0.418,59.7
C_00657,LOT_016,96,11.181,False,0.418,59.7
C_00657,LOT_016,168,11.107,False,0.418,59.7
C_00658,LOT_016,0,9.841,False,0.371,37.6
C_00658,LOT_016,24,9.984,False,0.371,37.6
C_00658,LOT_016,96,9.889,False,0.371,37.6
C_00658,LOT_016,168,10.208,False,0.371,37.6
C_00659,LOT_016,0,8.599,False,0.38,40.9
C_00659,LOT_016,24,8.774,False,0.38,40.9
C_00659,LOT_016,96,8.68,False,0.38,40.9
C_00659,LOT_016,168,9.031,False,0.38,40.9
C_00660,LOT_016,0,8.467,False,0.355,32.1
C_00660,LOT_016,24,8.981,False,0.355,32.1
C_00660,LOT_016,96,8.532,False,0.355,32.1
C_00660,LOT_016,168,8.968,False,0.355,32.1
C_00661,LOT_016,0,9.938,False,0.362,34.4
C_00661,LOT_016,24,10.121,False,0.362,34.4
C_00661,LOT_016,96,10.678,False,0.362,34.4
C_00661,LOT_016,168,11.007,False,0.362,34.4
C_00662,LOT_016,0,9.108,True,0.712,1052.8
C_00662,LOT_016,24,13.041,True,0.712,1052.8
C_00662,LOT_016,96,18.056,True,0.712,1052.8
C_00662,LOT_016,168,22.189,True,0.712,1052.8
C_00663,LOT_016,0,10.03,False,0.319,22.7
C_00663,LOT_016,24,10.164,False,0.319,22.7
C_00663,LOT_016,96,10.365,False,0.319,22.7
C_00663,LOT_016,168,10.525,False,0.319,22.7
C_00664,LOT_016,0,9.242,False,0.404,51.9
C_00664,LOT_016,24,9.411,False,0.404,51.9
C_00664,LOT_016,96,9.96,False,0.404,51.9
C_00664,LOT_016,168,10.028,False,0.404,51.9
C_00665,LOT_016,0,9.83,False,0.38,41.2
C_00665,LOT_016,24,10.452,False,0.38,41.2
C_00665,LOT_016,96,10.799,False,0.38,41.2
C_00665,LOT_016,168,10.535,False,0.38,41.2
C_00666,LOT_016,0,9.491,False,0.351,30.9
C_00666,LOT_016,24,9.087,False,0.351,30.9
C_00666,LOT_016,96,9.498,False,0.351,30.9
C_00666,LOT_016,168,9.627,False,0.351,30.9
C_00667,LOT_016,0,10.053,False,0.362,34.5
C_00667,LOT_016,24,9.751,False,0.362,34.5
C_00667,LOT_016,96,10.296,False,0.362,34.5
C_00667,LOT_016,168,10.449,False,0.362,34.5
C_00668,LOT_016,0,10.283,True,0.707,999.8
C_00668,LOT_016,24,13.623,True,0.707,999.8
C_00668,LOT_016,96,19.571,True,0.707,999.8
C_00668,LOT_016,168,23.558,True,0.707,999.8
C_00669,LOT_016,0,10.315,False,0.37,37.3
C_00669,LOT_016,24,10.638,False,0.37,37.3
C_00669,LOT_016,96,10.993,False,0.37,37.3
C_00669,LOT_016,168,10.769,False,0.37,37.3
C_00670,LOT_016,0,10.02,True,0.632,483.4
C_00670,LOT_016,24,12.168,True,0.632,483.4
C_00670,LOT_016,96,15.16,True,0.632,483.4
C_00670,LOT_016,168,17.558,True,0.632,483.4
C_00671,LOT_016,0,9.316,False,0.362,34.3
C_00671,LOT_016,24,9.883,False,0.362,34.3
C_00671,LOT_016,96,9.721,False,0.362,34.3
C_00671,LOT_016,168,10.188,False,0.362,34.3
C_00672,LOT_016,0,9.798,False,0.347,29.8
C_00672,LOT_016,24,10.067,False,0.347,29.8
C_00672,LOT_016,96,10.048,False,0.347,29.8
C_00672,LOT_016,168,10.106,False,0.347,29.8
C_00673,LOT_016,0,10.042,False,0.399,49.4
C_00673,LOT_016,24,10.439,False,0.399,49.4
C_00673,LOT_016,96,10.943,False,0.399,49.4
C_00673,LOT_016,168,11.065,False,0.399,49.4
C_00674,LOT_016,0,9.757,False,0.313,21.3
C_00674,LOT_016,24,9.259,False,0.313,21.3
C_00674,LOT_016,96,9.331,False,0.313,21.3
C_00674,LOT_016,168,9.561,False,0.313,21.3
C_00675,LOT_016,0,10.081,False,0.367,36.3
C_00675,LOT_016,24,10.333,False,0.367,36.3
C_00675,LOT_016,96,9.946,False,0.367,36.3
C_00675,LOT_016,168,10.681,False,0.367,36.3
C_00676,LOT_016,0,10.075,False,0.297,18.2
C_00676,LOT_016,24,10.336,False,0.297,18.2
C_00676,LOT_016,96,9.898,False,0.297,18.2
C_00676,LOT_016,168,10.305,False,0.297,18.2
C_00677,LOT_016,0,9.792,False,0.381,41.5
C_00677,LOT_016,24,10.247,False,0.381,41.5
C_00677,LOT_016,96,10.578,False,0.381,41.5
C_00677,LOT_016,168,10.164,False,0.381,41.5
C_00678,LOT_016,0,10.35,False,0.34,27.7
C_00678,LOT_016,24,10.017,False,0.34,27.7
C_00678,LOT_016,96,10.374,False,0.34,27.7
C_00678,LOT_016,168,10.513,False,0.34,27.7
C_00679,LOT_016,0,9.431,False,0.323,23.4
C_00679,LOT_016,24,9.748,False,0.323,23.4
C_00679,LOT_016,96,9.164,False,0.323,23.4
C_00679,LOT_016,168,9.588,False,0.323,23.4
C_00680,LOT_016,0,10.073,False,0.312,21.2
C_00680,LOT_016,24,10.258,False,0.312,21.2
C_00680,LOT_016,96,10.457,False,0.312,21.2
C_00680,LOT_016,168,10.576,False,0.312,21.2
C_00681,LOT_017,0,9.642,False,0.396,48.2
C_00681,LOT_017,24,10.202,False,0.396,48.2
C_00681,LOT_017,96,10.892,False,0.396,48.2
C_00681,LOT_017,168,11.002,False,0.396,48.2
C_00682,LOT_017,0,9.334,False,0.42,60.9
C_00682,LOT_017,24,9.892,False,0.42,60.9
C_00682,LOT_017,96,9.97,False,0.42,60.9
C_00682,LOT_017,168,10.987,False,0.42,60.9
C_00683,LOT_017,0,10.308,False,0.372,38.1
C_00683,LOT_017,24,10.682,False,0.372,38.1
C_00683,LOT_017,96,10.816,False,0.372,38.1
C_00683,LOT_017,168,11.368,False,0.372,38.1
C_00684,LOT_017,0,10.814,False,0.365,35.4
C_00684,LOT_017,24,10.949,False,0.365,35.4
C_00684,LOT_017,96,11.458,False,0.365,35.4
C_00684,LOT_017,168,11.508,False,0.365,35.4
C_00685,LOT_017,0,9.523,True,0.669,693.4
C_00685,LOT_017,24,12.531,True,0.669,693.4
C_00685,LOT_017,96,18.626,True,0.669,693.4
C_00685,LOT_017,168,22.958,True,0.669,693.4
C_00686,LOT_017,0,11.257,False,0.382,42.0
C_00686,LOT_017,24,10.931,False,0.382,42.0
C_00686,LOT_017,96,11.286,False,0.382,42.0
C_00686,LOT_017,168,11.671,False,0.382,42.0
C_00687,LOT_017,0,8.716,False,0.342,28.2
C_00687,LOT_017,24,8.765,False,0.342,28.2
C_00687,LOT_017,96,8.813,False,0.342,28.2
C_00687,LOT_017,168,9.184,False,0.342,28.2
C_00688,LOT_017,0,9.324,False,0.33,25.2
C_00688,LOT_017,24,9.5,False,0.33,25.2
C_00688,LOT_017,96,9.844,False,0.33,25.2
C_00688,LOT_017,168,9.798,False,0.33,25.2
C_00689,LOT_017,0,9.333,True,0.706,994.0
C_00689,LOT_017,24,14.105,True,0.706,994.0
C_00689,LOT_017,96,22.163,True,0.706,994.0
C_00689,LOT_017,168,28.906,True,0.706,994.0
C_00690,LOT_017,0,9.91,False,0.353,31.5
C_00690,LOT_017,24,9.71,False,0.353,31.5
C_00690,LOT_017,96,10.295,False,0.353,31.5
C_00690,LOT_017,168,10.492,False,0.353,31.5
C_00691,LOT_017,0,10.598,False,0.344,28.8
C_00691,LOT_017,24,10.705,False,0.344,28.8
C_00691,LOT_017,96,10.883,False,0.344,28.8
C_00691,LOT_017,168,11.137,False,0.344,28.8
C_00692,LOT_017,0,10.433,False,0.348,30.1
C_00692,LOT_017,24,10.287,False,0.348,30.1
C_00692,LOT_017,96,10.629,False,0.348,30.1
C_00692,LOT_017,168,10.583,False,0.348,30.1
C_00693,LOT_017,0,9.378,False,0.355,32.2
C_00693,LOT_017,24,9.204,False,0.355,32.2
C_00693,LOT_017,96,9.691,False,0.355,32.2
C_00693,LOT_017,168,10.23,False,0.355,32.2
C_00694,LOT_017,0,10.737,False,0.363,34.9
C_00694,LOT_017,24,10.738,False,0.363,34.9
C_00694,LOT_017,96,11.212,False,0.363,34.9
C_00694,LOT_017,168,11.213,False,0.363,34.9
C_00695,LOT_017,0,9.975,False,0.36,33.7
C_00695,LOT_017,24,9.976,False,0.36,33.7
C_00695,LOT_017,96,10.843,False,0.36,33.7
C_00695,LOT_017,168,11.229,False,0.36,33.7
C_00696,LOT_017,0,9.446,False,0.319,22.6
C_00696,LOT_017,24,9.086,False,0.319,22.6
C_00696,LOT_017,96,9.476,False,0.319,22.6
C_00696,LOT_017,168,9.685,False,0.319,22.6
C_00697,LOT_017,0,10.007,False,0.287,16.6
C_00697,LOT_017,24,9.845,False,0.287,16.6
C_00697,LOT_017,96,10.067,False,0.287,16.6
C_00697,LOT_017,168,9.995,False,0.287,16.6
C_00698,LOT_017,0,10.927,False,0.365,35.6
C_00698,LOT_017,24,10.585,False,0.365,35.6
C_00698,LOT_017,96,11.036,False,0.365,35.6
C_00698,LOT_017,168,11.458,False,0.365,35.6
C_00699,LOT_017,0,10.476,False,0.343,28.5
C_00699,LOT_017,24,10.655,False,0.343,28.5
C_00699,LOT_017,96,11.085,False,0.343,28.5
C_00699,LOT_017,168,11.185,False,0.343,28.5
C_00700,LOT_017,0,10.244,False,0.342,28.4
C_00700,LOT_017,24,10.266,False,0.342,28.4
C_00700,LOT_017,96,10.935,False,0.342,28.4
C_00700,LOT_017,168,11.067,False,0.342,28.4
C_00701,LOT_017,0,10.176,False,0.346,29.6
C_00701,LOT_017,24,10.398,False,0.346,29.6
C_00701,LOT_017,96,10.694,False,0.346,29.6
C_00701,LOT_017,168,10.956,False,0.346,29.6
C_00702,LOT_017,0,9.726,False,0.323,23.4
C_00702,LOT_017,24,9.625,False,0.323,23.4
C_00702,LOT_017,96,9.89,False,0.323,23.4
C_00702,LOT_017,168,10.056,False,0.323,23.4
C_00703,LOT_017,0,10.413,False,0.451,82.5
C_00703,LOT_017,24,10.321,False,0.451,82.5
C_00703,LOT_017,96,11.242,False,0.451,82.5
C_00703,LOT_017,168,12.125,False,0.451,82.5
C_00704,LOT_017,0,7.068,False,0.377,39.9
C_00704,LOT_017,24,7.727,False,0.377,39.9
C_00704,LOT_017,96,7.339,False,0.377,39.9
C_00704,LOT_017,168,8.077,False,0.377,39.9
C_00705,LOT_017,0,8.647,False,0.368,36.5
C_00705,LOT_017,24,8.831,False,0.368,36.5
C_00705,LOT_017,96,8.913,False,0.368,36.5
C_00705,LOT_017,168,8.864,False,0.368,36.5
C_00706,LOT_017,0,10.708,False,0.395,47.6
C_00706,LOT_017,24,11.115,False,0.395,47.6
C_00706,LOT_017,96,11.397,False,0.395,47.6
C_00706,LOT_017,168,12.11,False,0.395,47.6
C_00707,LOT_017,0,9.035,False,0.381,41.5
C_00707,LOT_017,24,9.304,False,0.381,41.5
C_00707,LOT_017,96,9.325,False,0.381,41.5
C_00707,LOT_017,168,9.892,False,0.381,41.5
C_00708,LOT_017,0,10.041,False,0.365,35.5
C_00708,LOT_017,24,10.336,False,0.365,35.5
C_00708,LOT_017,96,10.797,False,0.365,35.5
C_00708,LOT_017,168,10.825,False,0.365,35.5
C_00709,LOT_017,0,9.772,False,0.324,23.8
C_00709,LOT_017,24,10.079,False,0.324,23.8
C_00709,LOT_017,96,10.218,False,0.324,23.8
C_00709,LOT_017,168,10.317,False,0.324,23.8
C_00710,LOT_017,0,9.733,False,0.284,16.1
C_00710,LOT_017,24,9.931,False,0.284,16.1
C_00710,LOT_017,96,9.797,False,0.284,16.1
C_00710,LOT_017,168,10.373,False,0.284,16.1
C_00711,LOT_017,0,9.759,False,0.31,20.8
C_00711,LOT_017,24,9.83,False,0.31,20.8
C_00711,LOT_017,96,9.86,False,0.31,20.8
C_00711,LOT_017,168,9.715,False,0.31,20.8
C_00712,LOT_017,0,9.911,False,0.339,27.6
C_00712,LOT_017,24,10.351,False,0.339,27.6
C_00712,LOT_017,96,10.208,False,0.339,27.6
C_00712,LOT_017,168,10.27,False,0.339,27.6
C_00713,LOT_017,0,8.992,False,0.339,27.5
C_00713,LOT_017,24,9.01,False,0.339,27.5
C_00713,LOT_017,96,9.037,False,0.339,27.5
C_00713,LOT_017,168,9.418,False,0.339,27.5
C_00714,LOT_017,0,10.429,False,0.357,32.7
C_00714,LOT_017,24,9.79,False,0.357,32.7
C_00714,LOT_017,96,10.823,False,0.357,32.7
C_00714,LOT_017,168,11.517,False,0.357,32.7
C_00715,LOT_017,0,10.052,False,0.35,30.5
C_00715,LOT_017,24,10.077,False,0.35,30.5
C_00715,LOT_017,96,10.248,False,0.35,30.5
C_00715,LOT_017,168,10.559,False,0.35,30.5
C_00716,LOT_017,0,11.493,False,0.356,32.5
C_00716,LOT_017,24,11.968,False,0.356,32.5
C_00716,LOT_017,96,12.711,False,0.356,32.5
C_00716,LOT_017,168,12.388,False,0.356,32.5
C_00717,LOT_017,0,9.945,False,0.405,52.3
C_00717,LOT_017,24,9.908,False,0.405,52.3
C_00717,LOT_017,96,10.831,False,0.405,52.3
C_00717,LOT_017,168,11.236,False,0.405,52.3
C_00718,LOT_017,0,10.798,False,0.381,41.3
C_00718,LOT_017,24,11.041,False,0.381,41.3
C_00718,LOT_017,96,11.406,False,0.381,41.3
C_00718,LOT_017,168,11.79,False,0.381,41.3
C_00719,LOT_017,0,9.164,False,0.321,23.0
C_00719,LOT_017,24,9.251,False,0.321,23.0
C_00719,LOT_017,96,9.565,False,0.321,23.0
C_00719,LOT_017,168,9.705,False,0.321,23.0
C_00720,LOT_017,0,10.201,False,0.316,22.0
C_00720,LOT_017,24,9.545,False,0.316,22.0
C_00720,LOT_017,96,10.898,False,0.316,22.0
C_00720,LOT_017,168,10.66,False,0.316,22.0
C_00721,LOT_018,0,9.339,True,0.683,793.6
C_00721,LOT_018,24,12.983,True,0.683,793.6
C_00721,LOT_018,96,19.296,True,0.683,793.6
C_00721,LOT_018,168,23.973,True,0.683,793.6
C_00722,LOT_018,0,9.927,False,0.452,82.6
C_00722,LOT_018,24,10.339,False,0.452,82.6
C_00722,LOT_018,96,11.247,False,0.452,82.6
C_00722,LOT_018,168,11.404,False,0.452,82.6
C_00723,LOT_018,0,8.419,False,0.303,19.3
C_00723,LOT_018,24,8.806,False,0.303,19.3
C_00723,LOT_018,96,8.731,False,0.303,19.3
C_00723,LOT_018,168,8.592,False,0.303,19.3
C_00724,LOT_018,0,9.962,False,0.395,47.6
C_00724,LOT_018,24,10.528,False,0.395,47.6
C_00724,LOT_018,96,10.529,False,0.395,47.6
C_00724,LOT_018,168,11.141,False,0.395,47.6
C_00725,LOT_018,0,9.221,False,0.358,33.2
C_00725,LOT_018,24,9.201,False,0.358,33.2
C_00725,LOT_018,96,9.27,False,0.358,33.2
C_00725,LOT_018,168,9.84,False,0.358,33.2
C_00726,LOT_018,0,9.085,False,0.335,26.4
C_00726,LOT_018,24,9.116,False,0.335,26.4
C_00726,LOT_018,96,9.215,False,0.335,26.4
C_00726,LOT_018,168,9.886,False,0.335,26.4
C_00727,LOT_018,0,9.525,False,0.385,43.3
C_00727,LOT_018,24,9.857,False,0.385,43.3
C_00727,LOT_018,96,10.095,False,0.385,43.3
C_00727,LOT_018,168,10.498,False,0.385,43.3
C_00728,LOT_018,0,9.035,False,0.297,18.2
C_00728,LOT_018,24,8.802,False,0.297,18.2
C_00728,LOT_018,96,9.36,False,0.297,18.2
C_00728,LOT_018,168,9.54,False,0.297,18.2
C_00729,LOT_018,0,9.105,False,0.328,24.8
C_00729,LOT_018,24,9.216,False,0.328,24.8
C_00729,LOT_018,96,9.223,False,0.328,24.8
C_00729,LOT_018,168,9.488,False,0.328,24.8
C_00730,LOT_018,0,9.522,False,0.319,22.7
C_00730,LOT_018,24,9.801,False,0.319,22.7
C_00730,LOT_018,96,10.054,False,0.319,22.7
C_00730,LOT_018,168,10.258,False,0.319,22.7
C_00731,LOT_018,0,10.379,False,0.379,40.8
C_00731,LOT_018,24,10.409,False,0.379,40.8
C_00731,LOT_018,96,10.639,False,0.379,40.8
C_00731,LOT_018,168,11.126,False,0.379,40.8
C_00732,LOT_018,0,9.593,False,0.292,17.3
C_00732,LOT_018,24,9.886,False,0.292,17.3
C_00732,LOT_018,96,9.883,False,0.292,17.3
C_00732,LOT_018,168,10.225,False,0.292,17.3
C_00733,LOT_018,0,10.049,False,0.398,49.1
C_00733,LOT_018,24,10.068,False,0.398,49.1
C_00733,LOT_018,96,10.262,False,0.398,49.1
C_00733,LOT_018,168,10.848,False,0.398,49.1
C_00734,LOT_018,0,10.009,False,0.431,67.4
C_00734,LOT_018,24,9.906,False,0.431,67.4
C_00734,LOT_018,96,10.437,False,0.431,67.4
C_00734,LOT_018,168,10.628,False,0.431,67.4
C_00735,LOT_018,0,9.214,True,0.677,751.3
C_00735,LOT_018,24,12.67,True,0.677,751.3
C_00735,LOT_018,96,18.285,True,0.677,751.3
C_00735,LOT_018,168,22.952,True,0.677,751.3
C_00736,LOT_018,0,10.105,False,0.412,56.2
C_00736,LOT_018,24,10.143,False,0.412,56.2
C_00736,LOT_018,96,10.345,False,0.412,56.2
C_00736,LOT_018,168,10.882,False,0.412,56.2
C_00737,LOT_018,0,10.353,False,0.397,48.7
C_00737,LOT_018,24,10.784,False,0.397,48.7
C_00737,LOT_018,96,11.464,False,0.397,48.7
C_00737,LOT_018,168,11.56,False,0.397,48.7
C_00738,LOT_018,0,9.211,False,0.337,26.9
C_00738,LOT_018,24,9.418,False,0.337,26.9
C_00738,LOT_018,96,9.702,False,0.337,26.9
C_00738,LOT_018,168,10.176,False,0.337,26.9
C_00739,LOT_018,0,9.569,False,0.315,21.8
C_00739,LOT_018,24,9.717,False,0.315,21.8
C_00739,LOT_018,96,9.623,False,0.315,21.8
C_00739,LOT_018,168,9.825,False,0.315,21.8
C_00740,LOT_018,0,9.606,False,0.363,34.6
C_00740,LOT_018,24,9.84,False,0.363,34.6
C_00740,LOT_018,96,9.993,False,0.363,34.6
C_00740,LOT_018,168,10.236,False,0.363,34.6
C_00741,LOT_018,0,10.589,False,0.302,19.1
C_00741,LOT_018,24,10.868,False,0.302,19.1
C_00741,LOT_018,96,11.246,False,0.302,19.1
C_00741,LOT_018,168,11.307,False,0.302,19.1
C_00742,LOT_018,0,9.576,True,0.676,739.8
C_00742,LOT_018,24,12.749,True,0.676,739.8
C_00742,LOT_018,96,18.735,True,0.676,739.8
C_00742,LOT_018,168,23.369,True,0.676,739.8
C_00743,LOT_018,0,9.142,False,0.374,38.9
C_00743,LOT_018,24,9.711,False,0.374,38.9
C_00743,LOT_018,96,9.34,False,0.374,38.9
C_00743,LOT_018,168,10.313,False,0.374,38.9
C_00744,LOT_018,0,10.381,False,0.314,21.6
C_00744,LOT_018,24,9.406,False,0.314,21.6
C_00744,LOT_018,96,10.147,False,0.314,21.6
C_00744,LOT_018,168,9.785,False,0.314,21.6
C_00745,LOT_018,0,9.313,False,0.355,32.2
C_00745,LOT_018,24,9.05,False,0.355,32.2
C_00745,LOT_018,96,9.791,False,0.355,32.2
C_00745,LOT_018,168,9.682,False,0.355,32.2
C_00746,LOT_018,0,10.422,False,0.347,29.8
C_00746,LOT_018,24,10.155,False,0.347,29.8
C_00746,LOT_018,96,10.545,False,0.347,29.8
C_00746,LOT_018,168,10.779,False,0.347,29.8
C_00747,LOT_018,0,9.519,False,0.357,32.8
C_00747,LOT_018,24,9.927,False,0.357,32.8
C_00747,LOT_018,96,9.932,False,0.357,32.8
C_00747,LOT_018,168,10.054,False,0.357,32.8
C_00748,LOT_018,0,9.246,False,0.294,17.7
C_00748,LOT_018,24,9.01,False,0.294,17.7
C_00748,LOT_018,96,9.294,False,0.294,17.7
C_00748,LOT_018,168,8.817,False,0.294,17.7
C_00749,LOT_018,0,9.104,False,0.331,25.4
C_00749,LOT_018,24,8.913,False,0.331,25.4
C_00749,LOT_018,96,9.657,False,0.331,25.4
C_00749,LOT_018,168,9.677,False,0.331,25.4
C_00750,LOT_018,0,9.029,False,0.291,17.2
C_00750,LOT_018,24,8.851,False,0.291,17.2
C_00750,LOT_018,96,8.69,False,0.291,17.2
C_00750,LOT_018,168,9.062,False,0.291,17.2
C_00751,LOT_018,0,9.873,False,0.374,38.8
C_00751,LOT_018,24,9.764,False,0.374,38.8
C_00751,LOT_018,96,10.011,False,0.374,38.8
C_00751,LOT_018,168,10.51,False,0.374,38.8
C_00752,LOT_018,0,8.379,False,0.378,40.3
C_00752,LOT_018,24,8.375,False,0.378,40.3
C_00752,LOT_018,96,8.611,False,0.378,40.3
C_00752,LOT_018,168,9.146,False,0.378,40.3
C_00753,LOT_018,0,9.541,False,0.343,28.7
C_00753,LOT_018,24,9.992,False,0.343,28.7
C_00753,LOT_018,96,10.384,False,0.343,28.7
C_00753,LOT_018,168,10.189,False,0.343,28.7
C_00754,LOT_018,0,8.924,False,0.324,23.8
C_00754,LOT_018,24,9.506,False,0.324,23.8
C_00754,LOT_018,96,9.925,False,0.324,23.8
C_00754,LOT_018,168,10.034,False,0.324,23.8
C_00755,LOT_018,0,9.216,False,0.325,23.9
C_00755,LOT_018,24,9.083,False,0.325,23.9
C_00755,LOT_018,96,9.56,False,0.325,23.9
C_00755,LOT_018,168,9.961,False,0.325,23.9
C_00756,LOT_018,0,8.526,False,0.296,18.1
C_00756,LOT_018,24,8.766,False,0.296,18.1
C_00756,LOT_018,96,8.662,False,0.296,18.1
C_00756,LOT_018,168,9.002,False,0.296,18.1
C_00757,LOT_018,0,9.23,False,0.334,26.2
C_00757,LOT_018,24,8.972,False,0.334,26.2
C_00757,LOT_018,96,9.295,False,0.334,26.2
C_00757,LOT_018,168,9.235,False,0.334,26.2
C_00758,LOT_018,0,8.995,False,0.394,47.1
C_00758,LOT_018,24,9.374,False,0.394,47.1
C_00758,LOT_018,96,9.761,False,0.394,47.1
C_00758,LOT_018,168,10.224,False,0.394,47.1
C_00759,LOT_018,0,9.458,False,0.379,40.6
C_00759,LOT_018,24,9.614,False,0.379,40.6
C_00759,LOT_018,96,9.871,False,0.379,40.6
C_00759,LOT_018,168,10.52,False,0.379,40.6
C_00760,LOT_018,0,9.163,False,0.246,11.1
C_00760,LOT_018,24,9.763,False,0.246,11.1
C_00760,LOT_018,96,9.195,False,0.246,11.1
C_00760,LOT_018,168,9.381,False,0.246,11.1
C_00761,LOT_019,0,6.981,False,0.295,17.9
C_00761,LOT_019,24,7.191,False,0.295,17.9
C_00761,LOT_019,96,6.946,False,0.295,17.9
C_00761,LOT_019,168,7.148,False,0.295,17.9
C_00762,LOT_019,0,7.355,False,0.329,25.0
C_00762,LOT_019,24,7.433,False,0.329,25.0
C_00762,LOT_019,96,7.306,False,0.329,25.0
C_00762,LOT_019,168,7.678,False,0.329,25.0
C_00763,LOT_019,0,7.465,False,0.322,23.2
C_00763,LOT_019,24,7.337,False,0.322,23.2
C_00763,LOT_019,96,7.453,False,0.322,23.2
C_00763,LOT_019,168,7.495,False,0.322,23.2
C_00764,LOT_019,0,7.899,False,0.321,23.1
C_00764,LOT_019,24,8.051,False,0.321,23.1
C_00764,LOT_019,96,8.078,False,0.321,23.1
C_00764,LOT_019,168,8.384,False,0.321,23.1
C_00765,LOT_019,0,6.718,False,0.305,19.7
C_00765,LOT_019,24,7.106,False,0.305,19.7
C_00765,LOT_019,96,7.07,False,0.305,19.7
C_00765,LOT_019,168,7.139,False,0.305,19.7
C_00766,LOT_019,0,7.301,True,0.649,570.5
C_00766,LOT_019,24,9.293,True,0.649,570.5
C_00766,LOT_019,96,12.248,True,0.649,570.5
C_00766,LOT_019,168,14.737,True,0.649,570.5
C_00767,LOT_019,0,7.747,False,0.291,17.2
C_00767,LOT_019,24,7.651,False,0.291,17.2
C_00767,LOT_019,96,7.603,False,0.291,17.2
C_00767,LOT_019,168,7.991,False,0.291,17.2
C_00768,LOT_019,0,8.089,False,0.364,35.2
C_00768,LOT_019,24,8.401,False,0.364,35.2
C_00768,LOT_019,96,8.429,False,0.364,35.2
C_00768,LOT_019,168,8.618,False,0.364,35.2
C_00769,LOT_019,0,6.409,False,0.401,50.6
C_00769,LOT_019,24,6.522,False,0.401,50.6
C_00769,LOT_019,96,6.768,False,0.401,50.6
C_00769,LOT_019,168,6.927,False,0.401,50.6
C_00770,LOT_019,0,8.077,False,0.434,69.4
C_00770,LOT_019,24,8.251,False,0.434,69.4
C_00770,LOT_019,96,9.06,False,0.434,69.4
C_00770,LOT_019,168,9.322,False,0.434,69.4
C_00771,LOT_019,0,7.469,False,0.331,25.4
C_00771,LOT_019,24,7.582,False,0.331,25.4
C_00771,LOT_019,96,7.248,False,0.331,25.4
C_00771,LOT_019,168,7.757,False,0.331,25.4
C_00772,LOT_019,0,7.751,False,0.276,14.9
C_00772,LOT_019,24,8.267,False,0.276,14.9
C_00772,LOT_019,96,8.124,False,0.276,14.9
C_00772,LOT_019,168,8.034,False,0.276,14.9
C_00773,LOT_019,0,6.311,False,0.307,20.0
C_00773,LOT_019,24,6.023,False,0.307,20.0
C_00773,LOT_019,96,6.316,False,0.307,20.0
C_00773,LOT_019,168,6.566,False,0.307,20.0
C_00774,LOT_019,0,7.423,False,0.353,31.4
C_00774,LOT_019,24,7.544,False,0.353,31.4
C_00774,LOT_019,96,7.887,False,0.353,31.4
C_00774,LOT_019,168,7.709,False,0.353,31.4
C_00775,LOT_019,0,7.57,False,0.341,28.1
C_00775,LOT_019,24,7.832,False,0.341,28.1
C_00775,LOT_019,96,7.976,False,0.341,28.1
C_00775,LOT_019,168,7.926,False,0.341,28.1
C_00776,LOT_019,0,7.983,False,0.317,22.1
C_00776,LOT_019,24,8.092,False,0.317,22.1
C_00776,LOT_019,96,7.99,False,0.317,22.1
C_00776,LOT_019,168,8.594,False,0.317,22.1
C_00777,LOT_019,0,7.79,False,0.325,24.0
C_00777,LOT_019,24,7.806,False,0.325,24.0
C_00777,LOT_019,96,8.252,False,0.325,24.0
C_00777,LOT_019,168,8.343,False,0.325,24.0
C_00778,LOT_019,0,7.591,False,0.338,27.4
C_00778,LOT_019,24,7.941,False,0.338,27.4
C_00778,LOT_019,96,7.88,False,0.338,27.4
C_00778,LOT_019,168,8.359,False,0.338,27.4
C_00779,LOT_019,0,7.322,False,0.38,41.2
C_00779,LOT_019,24,7.519,False,0.38,41.2
C_00779,LOT_019,96,7.921,False,0.38,41.2
C_00779,LOT_019,168,7.9,False,0.38,41.2
C_00780,LOT_019,0,7.627,False,0.385,42.9
C_00780,LOT_019,24,7.48,False,0.385,42.9
C_00780,LOT_019,96,7.707,False,0.385,42.9
C_00780,LOT_019,168,7.903,False,0.385,42.9
C_00781,LOT_019,0,6.894,False,0.329,24.9
C_00781,LOT_019,24,6.91,False,0.329,24.9
C_00781,LOT_019,96,7.278,False,0.329,24.9
C_00781,LOT_019,168,7.426,False,0.329,24.9
C_00782,LOT_019,0,7.014,False,0.33,25.2
C_00782,LOT_019,24,7.023,False,0.33,25.2
C_00782,LOT_019,96,7.296,False,0.33,25.2
C_00782,LOT_019,168,7.442,False,0.33,25.2
C_00783,LOT_019,0,7.455,False,0.387,44.0
C_00783,LOT_019,24,7.436,False,0.387,44.0
C_00783,LOT_019,96,7.708,False,0.387,44.0
C_00783,LOT_019,168,7.967,False,0.387,44.0
C_00784,LOT_019,0,7.049,False,0.324,23.8
C_00784,LOT_019,24,7.351,False,0.324,23.8
C_00784,LOT_019,96,7.579,False,0.324,23.8
C_00784,LOT_019,168,7.503,False,0.324,23.8
C_00785,LOT_019,0,7.988,False,0.269,13.9
C_00785,LOT_019,24,7.557,False,0.269,13.9
C_00785,LOT_019,96,7.65,False,0.269,13.9
C_00785,LOT_019,168,7.852,False,0.269,13.9
C_00786,LOT_019,0,8.187,False,0.264,13.2
C_00786,LOT_019,24,7.938,False,0.264,13.2
C_00786,LOT_019,96,7.751,False,0.264,13.2
C_00786,LOT_019,168,8.046,False,0.264,13.2
C_00787,LOT_019,0,7.765,False,0.312,21.1
C_00787,LOT_019,24,7.899,False,0.312,21.1
C_00787,LOT_019,96,8.363,False,0.312,21.1
C_00787,LOT_019,168,8.256,False,0.312,21.1
C_00788,LOT_019,0,6.866,False,0.275,14.7
C_00788,LOT_019,24,7.036,False,0.275,14.7
C_00788,LOT_019,96,6.911,False,0.275,14.7
C_00788,LOT_019,168,7.27,False,0.275,14.7
C_00789,LOT_019,0,7.556,False,0.307,20.1
C_00789,LOT_019,24,7.071,False,0.307,20.1
C_00789,LOT_019,96,7.404,False,0.307,20.1
C_00789,LOT_019,168,7.737,False,0.307,20.1
C_00790,LOT_019,0,7.652,False,0.399,49.4
C_00790,LOT_019,24,7.855,False,0.399,49.4
C_00790,LOT_019,96,8.318,False,0.399,49.4
C_00790,LOT_019,168,8.564,False,0.399,49.4
C_00791,LOT_019,0,6.926,False,0.313,21.4
C_00791,LOT_019,24,7.163,False,0.313,21.4
C_00791,LOT_019,96,7.343,False,0.313,21.4
C_00791,LOT_019,168,7.359,False,0.313,21.4
C_00792,LOT_019,0,8.661,True,0.696,899.3
C_00792,LOT_019,24,12.339,True,0.696,899.3
C_00792,LOT_019,96,18.978,True,0.696,899.3
C_00792,LOT_019,168,23.792,True,0.696,899.3
C_00793,LOT_019,0,6.619,False,0.285,16.3
C_00793,LOT_019,24,6.443,False,0.285,16.3
C_00793,LOT_019,96,6.875,False,0.285,16.3
C_00793,LOT_019,168,6.784,False,0.285,16.3
C_00794,LOT_019,0,6.846,False,0.375,39.1
C_00794,LOT_019,24,7.27,False,0.375,39.1
C_00794,LOT_019,96,7.356,False,0.375,39.1
C_00794,LOT_019,168,7.432,False,0.375,39.1
C_00795,LOT_019,0,7.665,False,0.365,35.6
C_00795,LOT_019,24,7.401,False,0.365,35.6
C_00795,LOT_019,96,7.928,False,0.365,35.6
C_00795,LOT_019,168,7.837,False,0.365,35.6
C_00796,LOT_019,0,7.846,False,0.396,47.9
C_00796,LOT_019,24,8.132,False,0.396,47.9
C_00796,LOT_019,96,8.093,False,0.396,47.9
C_00796,LOT_019,168,8.359,False,0.396,47.9
C_00797,LOT_019,0,7.068,False,0.418,59.8
C_00797,LOT_019,24,7.652,False,0.418,59.8
C_00797,LOT_019,96,7.876,False,0.418,59.8
C_00797,LOT_019,168,8.378,False,0.418,59.8
C_00798,LOT_019,0,7.149,False,0.324,23.6
C_00798,LOT_019,24,7.605,False,0.324,23.6
C_00798,LOT_019,96,7.706,False,0.324,23.6
C_00798,LOT_019,168,7.77,False,0.324,23.6
C_00799,LOT_019,0,7.033,False,0.379,40.7
C_00799,LOT_019,24,7.393,False,0.379,40.7
C_00799,LOT_019,96,7.553,False,0.379,40.7
C_00799,LOT_019,168,7.325,False,0.379,40.7
C_00800,LOT_019,0,7.601,False,0.347,29.8
C_00800,LOT_019,24,7.657,False,0.347,29.8
C_00800,LOT_019,96,8.144,False,0.347,29.8
C_00800,LOT_019,168,7.97,False,0.347,29.8
C_00801,LOT_020,0,11.901,False,0.393,46.8
C_00801,LOT_020,24,11.741,False,0.393,46.8
C_00801,LOT_020,96,12.239,False,0.393,46.8
C_00801,LOT_020,168,12.628,False,0.393,46.8
C_00802,LOT_020,0,11.626,False,0.305,19.7
C_00802,LOT_020,24,11.315,False,0.305,19.7
C_00802,LOT_020,96,11.156,False,0.305,19.7
C_00802,LOT_020,168,11.367,False,0.305,19.7
C_00803,LOT_020,0,11.113,False,0.404,52.1
C_00803,LOT_020,24,10.849,False,0.404,52.1
C_00803,LOT_020,96,11.058,False,0.404,52.1
C_00803,LOT_020,168,11.339,False,0.404,52.1
C_00804,LOT_020,0,11.764,False,0.348,30.0
C_00804,LOT_020,24,11.392,False,0.348,30.0
C_00804,LOT_020,96,12.075,False,0.348,30.0
C_00804,LOT_020,168,11.822,False,0.348,30.0
C_00805,LOT_020,0,11.615,False,0.342,28.3
C_00805,LOT_020,24,11.677,False,0.342,28.3
C_00805,LOT_020,96,11.951,False,0.342,28.3
C_00805,LOT_020,168,12.073,False,0.342,28.3
C_00806,LOT_020,0,12.679,False,0.374,38.8
C_00806,LOT_020,24,12.484,False,0.374,38.8
C_00806,LOT_020,96,12.678,False,0.374,38.8
C_00806,LOT_020,168,13.208,False,0.374,38.8
C_00807,LOT_020,0,11.578,False,0.332,25.6
C_00807,LOT_020,24,11.565,False,0.332,25.6
C_00807,LOT_020,96,11.537,False,0.332,25.6
C_00807,LOT_020,168,11.767,False,0.332,25.6
C_00808,LOT_020,0,10.865,True,0.705,979.8
C_00808,LOT_020,24,14.737,True,0.705,979.8
C_00808,LOT_020,96,19.186,True,0.705,979.8
C_00808,LOT_020,168,22.127,True,0.705,979.8
C_00809,LOT_020,0,12.079,False,0.353,31.6
C_00809,LOT_020,24,12.072,False,0.353,31.6
C_00809,LOT_020,96,12.799,False,0.353,31.6
C_00809,LOT_020,168,12.627,False,0.353,31.6
C_00810,LOT_020,0,11.17,False,0.357,32.6
C_00810,LOT_020,24,11.494,False,0.357,32.6
C_00810,LOT_020,96,11.836,False,0.357,32.6
C_00810,LOT_020,168,11.464,False,0.357,32.6
C_00811,LOT_020,0,11.155,False,0.341,28.1
C_00811,LOT_020,24,11.714,False,0.341,28.1
C_00811,LOT_020,96,11.59,False,0.341,28.1
C_00811,LOT_020,168,11.394,False,0.341,28.1
C_00812,LOT_020,0,11.612,False,0.319,22.7
C_00812,LOT_020,24,11.374,False,0.319,22.7
C_00812,LOT_020,96,11.326,False,0.319,22.7
C_00812,LOT_020,168,11.639,False,0.319,22.7
C_00813,LOT_020,0,10.143,False,0.348,30.1
C_00813,LOT_020,24,10.598,False,0.348,30.1
C_00813,LOT_020,96,10.52,False,0.348,30.1
C_00813,LOT_020,168,10.642,False,0.348,30.1
C_00814,LOT_020,0,11.787,False,0.357,32.6
C_00814,LOT_020,24,12.065,False,0.357,32.6
C_00814,LOT_020,96,12.029,False,0.357,32.6
C_00814,LOT_020,168,12.378,False,0.357,32.6
C_00815,LOT_020,0,10.51,True,0.714,1080.0
C_00815,LOT_020,24,14.551,True,0.714,1080.0
C_00815,LOT_020,96,19.402,True,0.714,1080.0
C_00815,LOT_020,168,22.761,True,0.714,1080.0
C_00816,LOT_020,0,11.799,False,0.393,46.4
C_00816,LOT_020,24,11.857,False,0.393,46.4
C_00816,LOT_020,96,11.966,False,0.393,46.4
C_00816,LOT_020,168,12.31,False,0.393,46.4
C_00817,LOT_020,0,11.591,False,0.401,50.3
C_00817,LOT_020,24,11.756,False,0.401,50.3
C_00817,LOT_020,96,12.3,False,0.401,50.3
C_00817,LOT_020,168,12.538,False,0.401,50.3
C_00818,LOT_020,0,12.309,False,0.303,19.4
C_00818,LOT_020,24,12.362,False,0.303,19.4
C_00818,LOT_020,96,12.146,False,0.303,19.4
C_00818,LOT_020,168,12.754,False,0.303,19.4
C_00819,LOT_020,0,12.115,False,0.333,25.8
C_00819,LOT_020,24,12.631,False,0.333,25.8
C_00819,LOT_020,96,11.656,False,0.333,25.8
C_00819,LOT_020,168,12.194,False,0.333,25.8
C_00820,LOT_020,0,10.519,False,0.34,27.7
C_00820,LOT_020,24,10.762,False,0.34,27.7
C_00820,LOT_020,96,10.99,False,0.34,27.7
C_00820,LOT_020,168,10.881,False,0.34,27.7
C_00821,LOT_020,0,11.392,True,0.7,935.1
C_00821,LOT_020,24,14.505,True,0.7,935.1
C_00821,LOT_020,96,18.923,True,0.7,935.1
C_00821,LOT_020,168,21.553,True,0.7,935.1
C_00822,LOT_020,0,10.559,False,0.335,26.5
C_00822,LOT_020,24,11.068,False,0.335,26.5
C_00822,LOT_020,96,11.227,False,0.335,26.5
C_00822,LOT_020,168,10.737,False,0.335,26.5
C_00823,LOT_020,0,10.986,False,0.373,38.5
C_00823,LOT_020,24,11.585,False,0.373,38.5
C_00823,LOT_020,96,11.183,False,0.373,38.5
C_00823,LOT_020,168,11.628,False,0.373,38.5
C_00824,LOT_020,0,11.883,True,0.695,893.1
C_00824,LOT_020,24,15.248,True,0.695,893.1
C_00824,LOT_020,96,19.277,True,0.695,893.1
C_00824,LOT_020,168,22.367,True,0.695,893.1
C_00825,LOT_020,0,12.423,False,0.381,41.6
C_00825,LOT_020,24,12.61,False,0.381,41.6
C_00825,LOT_020,96,12.883,False,0.381,41.6
C_00825,LOT_020,168,13.045,False,0.381,41.6
C_00826,LOT_020,0,12.425,False,0.385,43.3
C_00826,LOT_020,24,12.483,False,0.385,43.3
C_00826,LOT_020,96,12.8,False,0.385,43.3
C_00826,LOT_020,168,12.428,False,0.385,43.3
C_00827,LOT_020,0,10.794,False,0.375,39.1
C_00827,LOT_020,24,11.255,False,0.375,39.1
C_00827,LOT_020,96,11.655,False,0.375,39.1
C_00827,LOT_020,168,11.8,False,0.375,39.1
C_00828,LOT_020,0,12.061,False,0.353,31.6
C_00828,LOT_020,24,11.777,False,0.353,31.6
C_00828,LOT_020,96,12.023,False,0.353,31.6
C_00828,LOT_020,168,11.896,False,0.353,31.6
C_00829,LOT_020,0,13.021,False,0.366,35.7
C_00829,LOT_020,24,13.33,False,0.366,35.7
C_00829,LOT_020,96,13.31,False,0.366,35.7
C_00829,LOT_020,168,13.358,False,0.366,35.7
C_00830,LOT_020,0,11.323,False,0.336,26.6
C_00830,LOT_020,24,11.751,False,0.336,26.6
C_00830,LOT_020,96,11.811,False,0.336,26.6
C_00830,LOT_020,168,11.861,False,0.336,26.6
C_00831,LOT_020,0,11.856,False,0.378,40.3
C_00831,LOT_020,24,11.935,False,0.378,40.3
C_00831,LOT_020,96,12.013,False,0.378,40.3
C_00831,LOT_020,168,12.252,False,0.378,40.3
C_00832,LOT_020,0,10.503,False,0.354,31.8
C_00832,LOT_020,24,11.142,False,0.354,31.8
C_00832,LOT_020,96,10.983,False,0.354,31.8
C_00832,LOT_020,168,10.988,False,0.354,31.8
C_00833,LOT_020,0,11.641,False,0.405,52.4
C_00833,LOT_020,24,12.133,False,0.405,52.4
C_00833,LOT_020,96,11.693,False,0.405,52.4
C_00833,LOT_020,168,12.737,False,0.405,52.4
C_00834,LOT_020,0,9.5,False,0.346,29.5
C_00834,LOT_020,24,9.566,False,0.346,29.5
C_00834,LOT_020,96,9.917,False,0.346,29.5
C_00834,LOT_020,168,9.82,False,0.346,29.5
C_00835,LOT_020,0,10.912,False,0.371,37.4
C_00835,LOT_020,24,11.877,False,0.371,37.4
C_00835,LOT_020,96,11.457,False,0.371,37.4
C_00835,LOT_020,168,11.691,False,0.371,37.4
C_00836,LOT_020,0,11.419,False,0.421,61.2
C_00836,LOT_020,24,11.696,False,0.421,61.2
C_00836,LOT_020,96,12.226,False,0.421,61.2
C_00836,LOT_020,168,12.463,False,0.421,61.2
C_00837,LOT_020,0,12.398,False,0.307,20.0
C_00837,LOT_020,24,11.973,False,0.307,20.0
C_00837,LOT_020,96,12.222,False,0.307,20.0
C_00837,LOT_020,168,11.881,False,0.307,20.0
C_00838,LOT_020,0,10.958,False,0.307,20.0
C_00838,LOT_020,24,11.058,False,0.307,20.0
C_00838,LOT_020,96,11.423,False,0.307,20.0
C_00838,LOT_020,168,11.097,False,0.307,20.0
C_00839,LOT_020,0,10.495,False,0.415,57.6
C_00839,LOT_020,24,10.569,False,0.415,57.6
C_00839,LOT_020,96,10.815,False,0.415,57.6
C_00839,LOT_020,168,11.203,False,0.415,57.6
C_00840,LOT_020,0,12.025,False,0.334,26.1
C_00840,LOT_020,24,12.071,False,0.334,26.1
C_00840,LOT_020,96,12.15,False,0.334,26.1
C_00840,LOT_020,168,12.405,False,0.334,26.1
C_00841,LOT_021,0,10.922,False,0.395,47.5
C_00841,LOT_021,24,11.546,False,0.395,47.5
C_00841,LOT_021,96,11.238,False,0.395,47.5
C_00841,LOT_021,168,12.247,False,0.395,47.5
C_00842,LOT_021,0,11.408,True,0.64,519.2
C_00842,LOT_021,24,13.794,True,0.64,519.2
C_00842,LOT_021,96,17.307,True,0.64,519.2
C_00842,LOT_021,168,20.58,True,0.64,519.2
C_00843,LOT_021,0,11.174,False,0.39,45.4
C_00843,LOT_021,24,11.331,False,0.39,45.4
C_00843,LOT_021,96,12.348,False,0.39,45.4
C_00843,LOT_021,168,12.113,False,0.39,45.4
C_00844,LOT_021,0,10.764,False,0.363,34.8
C_00844,LOT_021,24,10.77,False,0.363,34.8
C_00844,LOT_021,96,10.925,False,0.363,34.8
C_00844,LOT_021,168,11.325,False,0.363,34.8
C_00845,LOT_021,0,9.902,False,0.374,38.7
C_00845,LOT_021,24,9.87,False,0.374,38.7
C_00845,LOT_021,96,9.957,False,0.374,38.7
C_00845,LOT_021,168,10.711,False,0.374,38.7
C_00846,LOT_021,0,11.146,False,0.334,26.3
C_00846,LOT_021,24,10.893,False,0.334,26.3
C_00846,LOT_021,96,11.023,False,0.334,26.3
C_00846,LOT_021,168,11.71,False,0.334,26.3
C_00847,LOT_021,0,11.864,False,0.294,17.7
C_00847,LOT_021,24,11.485,False,0.294,17.7
C_00847,LOT_021,96,11.551,False,0.294,17.7
C_00847,LOT_021,168,11.445,False,0.294,17.7
C_00848,LOT_021,0,10.129,False,0.346,29.5
C_00848,LOT_021,24,10.175,False,0.346,29.5
C_00848,LOT_021,96,10.134,False,0.346,29.5
C_00848,LOT_021,168,10.058,False,0.346,29.5
C_00849,LOT_021,0,9.943,False,0.306,19.9
C_00849,LOT_021,24,9.863,False,0.306,19.9
C_00849,LOT_021,96,10.157,False,0.306,19.9
C_00849,LOT_021,168,10.528,False,0.306,19.9
C_00850,LOT_021,0,10.414,False,0.321,23.1
C_00850,LOT_021,24,11.027,False,0.321,23.1
C_00850,LOT_021,96,10.708,False,0.321,23.1
C_00850,LOT_021,168,10.982,False,0.321,23.1
C_00851,LOT_021,0,11.211,False,0.331,25.4
C_00851,LOT_021,24,11.499,False,0.331,25.4
C_00851,LOT_021,96,11.7,False,0.331,25.4
C_00851,LOT_021,168,11.589,False,0.331,25.4
C_00852,LOT_021,0,9.899,False,0.381,41.5
C_00852,LOT_021,24,9.904,False,0.381,41.5
C_00852,LOT_021,96,10.258,False,0.381,41.5
C_00852,LOT_021,168,10.228,False,0.381,41.5
C_00853,LOT_021,0,10.355,True,0.681,779.3
C_00853,LOT_021,24,13.349,True,0.681,779.3
C_00853,LOT_021,96,18.291,True,0.681,779.3
C_00853,LOT_021,168,21.756,True,0.681,779.3
C_00854,LOT_021,0,10.52,False,0.361,34.1
C_00854,LOT_021,24,10.563,False,0.361,34.1
C_00854,LOT_021,96,11.296,False,0.361,34.1
C_00854,LOT_021,168,11.277,False,0.361,34.1
C_00855,LOT_021,0,10.51,False,0.387,43.9
C_00855,LOT_021,24,10.635,False,0.387,43.9
C_00855,LOT_021,96,11.021,False,0.387,43.9
C_00855,LOT_021,168,11.078,False,0.387,43.9
C_00856,LOT_021,0,10.388,False,0.421,61.3
C_00856,LOT_021,24,10.475,False,0.421,61.3
C_00856,LOT_021,96,10.807,False,0.421,61.3
C_00856,LOT_021,168,11.295,False,0.421,61.3
C_00857,LOT_021,0,8.867,False,0.227,9.2
C_00857,LOT_021,24,9.014,False,0.227,9.2
C_00857,LOT_021,96,8.734,False,0.227,9.2
C_00857,LOT_021,168,8.552,False,0.227,9.2
C_00858,LOT_021,0,10.768,False,0.31,20.7
C_00858,LOT_021,24,10.49,False,0.31,20.7
C_00858,LOT_021,96,10.519,False,0.31,20.7
C_00858,LOT_021,168,10.353,False,0.31,20.7
C_00859,LOT_021,0,10.225,False,0.338,27.3
C_00859,LOT_021,24,10.501,False,0.338,27.3
C_00859,LOT_021,96,10.361,False,0.338,27.3
C_00859,LOT_021,168,11.028,False,0.338,27.3
C_00860,LOT_021,0,10.749,False,0.342,28.3
C_00860,LOT_021,24,11.309,False,0.342,28.3
C_00860,LOT_021,96,11.143,False,0.342,28.3
C_00860,LOT_021,168,11.375,False,0.342,28.3
C_00861,LOT_021,0,10.539,False,0.282,15.7
C_00861,LOT_021,24,10.36,False,0.282,15.7
C_00861,LOT_021,96,10.49,False,0.282,15.7
C_00861,LOT_021,168,10.644,False,0.282,15.7
C_00862,LOT_021,0,9.46,False,0.349,30.2
C_00862,LOT_021,24,9.721,False,0.349,30.2
C_00862,LOT_021,96,9.728,False,0.349,30.2
C_00862,LOT_021,168,10.329,False,0.349,30.2
C_00863,LOT_021,0,9.572,False,0.354,31.7
C_00863,LOT_021,24,9.628,False,0.354,31.7
C_00863,LOT_021,96,9.918,False,0.354,31.7
C_00863,LOT_021,168,10.553,False,0.354,31.7
C_00864,LOT_021,0,10.37,False,0.317,22.1
C_00864,LOT_021,24,10.701,False,0.317,22.1
C_00864,LOT_021,96,10.864,False,0.317,22.1
C_00864,LOT_021,168,11.467,False,0.317,22.1
C_00865,LOT_021,0,9.609,False,0.377,40.0
C_00865,LOT_021,24,9.933,False,0.377,40.0
C_00865,LOT_021,96,10.311,False,0.377,40.0
C_00865,LOT_021,168,10.469,False,0.377,40.0
C_00866,LOT_021,0,9.456,False,0.406,53.0
C_00866,LOT_021,24,9.894,False,0.406,53.0
C_00866,LOT_021,96,9.999,False,0.406,53.0
C_00866,LOT_021,168,10.052,False,0.406,53.0
C_00867,LOT_021,0,9.873,False,0.32,22.8
C_00867,LOT_021,24,10.423,False,0.32,22.8
C_00867,LOT_021,96,10.436,False,0.32,22.8
C_00867,LOT_021,168,10.568,False,0.32,22.8
C_00868,LOT_021,0,9.99,False,0.321,23.1
C_00868,LOT_021,24,10.114,False,0.321,23.1
C_00868,LOT_021,96,10.126,False,0.321,23.1
C_00868,LOT_021,168,10.007,False,0.321,23.1
C_00869,LOT_021,0,10.933,False,0.355,32.3
C_00869,LOT_021,24,10.838,False,0.355,32.3
C_00869,LOT_021,96,11.211,False,0.355,32.3
C_00869,LOT_021,168,11.262,False,0.355,32.3
C_00870,LOT_021,0,11.396,False,0.388,44.4
C_00870,LOT_021,24,11.647,False,0.388,44.4
C_00870,LOT_021,96,11.906,False,0.388,44.4
C_00870,LOT_021,168,12.372,False,0.388,44.4
C_00871,LOT_021,0,10.137,False,0.256,12.2
C_00871,LOT_021,24,10.329,False,0.256,12.2
C_00871,LOT_021,96,10.617,False,0.256,12.2
C_00871,LOT_021,168,10.445,False,0.256,12.2
C_00872,LOT_021,0,9.572,False,0.446,78.2
C_00872,LOT_021,24,10.109,False,0.446,78.2
C_00872,LOT_021,96,10.083,False,0.446,78.2
C_00872,LOT_021,168,10.604,False,0.446,78.2
C_00873,LOT_021,0,9.506,False,0.372,38.1
C_00873,LOT_021,24,9.013,False,0.372,38.1
C_00873,LOT_021,96,9.837,False,0.372,38.1
C_00873,LOT_021,168,9.622,False,0.372,38.1
C_00874,LOT_021,0,9.332,False,0.306,20.0
C_00874,LOT_021,24,9.768,False,0.306,20.0
C_00874,LOT_021,96,9.626,False,0.306,20.0
C_00874,LOT_021,168,9.615,False,0.306,20.0
C_00875,LOT_021,0,10.654,False,0.339,27.5
C_00875,LOT_021,24,10.857,False,0.339,27.5
C_00875,LOT_021,96,10.752,False,0.339,27.5
C_00875,LOT_021,168,10.739,False,0.339,27.5
C_00876,LOT_021,0,10.438,True,0.649,568.7
C_00876,LOT_021,24,13.308,True,0.649,568.7
C_00876,LOT_021,96,17.436,True,0.649,568.7
C_00876,LOT_021,168,20.945,True,0.649,568.7
C_00877,LOT_021,0,9.052,False,0.337,26.9
C_00877,LOT_021,24,9.311,False,0.337,26.9
C_00877,LOT_021,96,9.504,False,0.337,26.9
C_00877,LOT_021,168,9.623,False,0.337,26.9
C_00878,LOT_021,0,9.731,False,0.409,54.6
C_00878,LOT_021,24,10.151,False,0.409,54.6
C_00878,LOT_021,96,10.529,False,0.409,54.6
C_00878,LOT_021,168,11.024,False,0.409,54.6
C_00879,LOT_021,0,11.052,False,0.352,31.1
C_00879,LOT_021,24,10.972,False,0.352,31.1
C_00879,LOT_021,96,11.112,False,0.352,31.1
C_00879,LOT_021,168,11.457,False,0.352,31.1
C_00880,LOT_021,0,11.234,False,0.353,31.6
C_00880,LOT_021,24,11.223,False,0.353,31.6
C_00880,LOT_021,96,11.87,False,0.353,31.6
C_00880,LOT_021,168,11.743,False,0.353,31.6
C_00881,LOT_022,0,11.996,False,0.264,13.2
C_00881,LOT_022,24,12.201,False,0.264,13.2
C_00881,LOT_022,96,12.415,False,0.264,13.2
C_00881,LOT_022,168,12.536,False,0.264,13.2
C_00882,LOT_022,0,12.12,True,0.718,1119.7
C_00882,LOT_022,24,19.138,True,0.718,1119.7
C_00882,LOT_022,96,29.65,True,0.718,1119.7
C_00882,LOT_022,168,37.264,True,0.718,1119.7
C_00883,LOT_022,0,11.16,False,0.41,55.0
C_00883,LOT_022,24,11.056,False,0.41,55.0
C_00883,LOT_022,96,11.793,False,0.41,55.0
C_00883,LOT_022,168,11.946,False,0.41,55.0
C_00884,LOT_022,0,11.596,False,0.387,44.2
C_00884,LOT_022,24,11.966,False,0.387,44.2
C_00884,LOT_022,96,12.333,False,0.387,44.2
C_00884,LOT_022,168,12.82,False,0.387,44.2
C_00885,LOT_022,0,11.485,False,0.397,48.6
C_00885,LOT_022,24,11.53,False,0.397,48.6
C_00885,LOT_022,96,11.811,False,0.397,48.6
C_00885,LOT_022,168,12.41,False,0.397,48.6
C_00886,LOT_022,0,12.232,False,0.345,29.0
C_00886,LOT_022,24,12.171,False,0.345,29.0
C_00886,LOT_022,96,12.297,False,0.345,29.0
C_00886,LOT_022,168,12.519,False,0.345,29.0
C_00887,LOT_022,0,11.477,False,0.308,20.3
C_00887,LOT_022,24,11.267,False,0.308,20.3
C_00887,LOT_022,96,11.628,False,0.308,20.3
C_00887,LOT_022,168,11.958,False,0.308,20.3
C_00888,LOT_022,0,11.567,False,0.343,28.6
C_00888,LOT_022,24,11.138,False,0.343,28.6
C_00888,LOT_022,96,11.81,False,0.343,28.6
C_00888,LOT_022,168,12.101,False,0.343,28.6
C_00889,LOT_022,0,11.355,False,0.367,36.1
C_00889,LOT_022,24,11.549,False,0.367,36.1
C_00889,LOT_022,96,11.522,False,0.367,36.1
C_00889,LOT_022,168,12.211,False,0.367,36.1
C_00890,LOT_022,0,11.489,False,0.29,17.1
C_00890,LOT_022,24,11.264,False,0.29,17.1
C_00890,LOT_022,96,11.576,False,0.29,17.1
C_00890,LOT_022,168,11.438,False,0.29,17.1
C_00891,LOT_022,0,11.418,False,0.284,16.1
C_00891,LOT_022,24,11.634,False,0.284,16.1
C_00891,LOT_022,96,11.565,False,0.284,16.1
C_00891,LOT_022,168,11.578,False,0.284,16.1
C_00892,LOT_022,0,10.911,False,0.351,30.8
C_00892,LOT_022,24,11.009,False,0.351,30.8
C_00892,LOT_022,96,11.267,False,0.351,30.8
C_00892,LOT_022,168,12.078,False,0.351,30.8
C_00893,LOT_022,0,10.637,False,0.482,111.0
C_00893,LOT_022,24,11.724,False,0.482,111.0
C_00893,LOT_022,96,12.311,False,0.482,111.0
C_00893,LOT_022,168,13.454,False,0.482,111.0
C_00894,LOT_022,0,11.234,False,0.414,57.4
C_00894,LOT_022,24,11.393,False,0.414,57.4
C_00894,LOT_022,96,11.647,False,0.414,57.4
C_00894,LOT_022,168,12.224,False,0.414,57.4
C_00895,LOT_022,0,11.458,False,0.422,61.9
C_00895,LOT_022,24,11.797,False,0.422,61.9
C_00895,LOT_022,96,12.303,False,0.422,61.9
C_00895,LOT_022,168,12.395,False,0.422,61.9
C_00896,LOT_022,0,11.473,False,0.333,26.0
C_00896,LOT_022,24,11.775,False,0.333,26.0
C_00896,LOT_022,96,11.958,False,0.333,26.0
C_00896,LOT_022,168,12.004,False,0.333,26.0
C_00897,LOT_022,0,12.448,False,0.344,29.0
C_00897,LOT_022,24,12.563,False,0.344,29.0
C_00897,LOT_022,96,13.319,False,0.344,29.0
C_00897,LOT_022,168,13.467,False,0.344,29.0
C_00898,LOT_022,0,11.202,False,0.375,39.0
C_00898,LOT_022,24,11.505,False,0.375,39.0
C_00898,LOT_022,96,11.627,False,0.375,39.0
C_00898,LOT_022,168,12.011,False,0.375,39.0
C_00899,LOT_022,0,11.515,False,0.325,24.0
C_00899,LOT_022,24,11.71,False,0.325,24.0
C_00899,LOT_022,96,11.909,False,0.325,24.0
C_00899,LOT_022,168,11.927,False,0.325,24.0
C_00900,LOT_022,0,10.538,False,0.322,23.3
C_00900,LOT_022,24,10.739,False,0.322,23.3
C_00900,LOT_022,96,10.757,False,0.322,23.3
C_00900,LOT_022,168,11.298,False,0.322,23.3
C_00901,LOT_022,0,11.696,False,0.372,37.8
C_00901,LOT_022,24,11.824,False,0.372,37.8
C_00901,LOT_022,96,12.64,False,0.372,37.8
C_00901,LOT_022,168,12.76,False,0.372,37.8
C_00902,LOT_022,0,11.385,False,0.338,27.2
C_00902,LOT_022,24,11.383,False,0.338,27.2
C_00902,LOT_022,96,11.474,False,0.338,27.2
C_00902,LOT_022,168,11.518,False,0.338,27.2
C_00903,LOT_022,0,11.21,False,0.347,29.6
C_00903,LOT_022,24,11.194,False,0.347,29.6
C_00903,LOT_022,96,11.567,False,0.347,29.6
C_00903,LOT_022,168,11.576,False,0.347,29.6
C_00904,LOT_022,0,11.182,False,0.299,18.7
C_00904,LOT_022,24,11.702,False,0.299,18.7
C_00904,LOT_022,96,11.574,False,0.299,18.7
C_00904,LOT_022,168,12.014,False,0.299,18.7
C_00905,LOT_022,0,11.219,False,0.365,35.5
C_00905,LOT_022,24,11.053,False,0.365,35.5
C_00905,LOT_022,96,11.744,False,0.365,35.5
C_00905,LOT_022,168,11.512,False,0.365,35.5
C_00906,LOT_022,0,10.438,False,0.367,36.1
C_00906,LOT_022,24,10.952,False,0.367,36.1
C_00906,LOT_022,96,10.853,False,0.367,36.1
C_00906,LOT_022,168,11.44,False,0.367,36.1
C_00907,LOT_022,0,10.765,False,0.311,21.0
C_00907,LOT_022,24,11.062,False,0.311,21.0
C_00907,LOT_022,96,11.28,False,0.311,21.0
C_00907,LOT_022,168,11.323,False,0.311,21.0
C_00908,LOT_022,0,10.845,False,0.406,52.8
C_00908,LOT_022,24,11.366,False,0.406,52.8
C_00908,LOT_022,96,11.806,False,0.406,52.8
C_00908,LOT_022,168,11.817,False,0.406,52.8
C_00909,LOT_022,0,11.464,True,0.681,779.4
C_00909,LOT_022,24,15.732,True,0.681,779.4
C_00909,LOT_022,96,22.454,True,0.681,779.4
C_00909,LOT_022,168,27.067,True,0.681,779.4
C_00910,LOT_022,0,11.535,False,0.292,17.3
C_00910,LOT_022,24,11.728,False,0.292,17.3
C_00910,LOT_022,96,12.526,False,0.292,17.3
C_00910,LOT_022,168,12.072,False,0.292,17.3
C_00911,LOT_022,0,12.403,False,0.312,21.1
C_00911,LOT_022,24,12.236,False,0.312,21.1
C_00911,LOT_022,96,12.05,False,0.312,21.1
C_00911,LOT_022,168,12.714,False,0.312,21.1
C_00912,LOT_022,0,12.803,False,0.326,24.2
C_00912,LOT_022,24,12.297,False,0.326,24.2
C_00912,LOT_022,96,12.691,False,0.326,24.2
C_00912,LOT_022,168,13.013,False,0.326,24.2
C_00913,LOT_022,0,11.513,False,0.341,28.0
C_00913,LOT_022,24,11.676,False,0.341,28.0
C_00913,LOT_022,96,11.952,False,0.341,28.0
C_00913,LOT_022,168,11.972,False,0.341,28.0
C_00914,LOT_022,0,11.31,False,0.348,30.1
C_00914,LOT_022,24,10.972,False,0.348,30.1
C_00914,LOT_022,96,11.446,False,0.348,30.1
C_00914,LOT_022,168,11.724,False,0.348,30.1
C_00915,LOT_022,0,12.304,False,0.351,30.8
C_00915,LOT_022,24,12.599,False,0.351,30.8
C_00915,LOT_022,96,12.59,False,0.351,30.8
C_00915,LOT_022,168,13.072,False,0.351,30.8
C_00916,LOT_022,0,11.455,False,0.248,11.3
C_00916,LOT_022,24,11.376,False,0.248,11.3
C_00916,LOT_022,96,11.585,False,0.248,11.3
C_00916,LOT_022,168,11.677,False,0.248,11.3
C_00917,LOT_022,0,11.024,False,0.309,20.4
C_00917,LOT_022,24,11.666,False,0.309,20.4
C_00917,LOT_022,96,11.207,False,0.309,20.4
C_00917,LOT_022,168,11.853,False,0.309,20.4
C_00918,LOT_022,0,12.106,True,0.759,1675.3
C_00918,LOT_022,24,21.17,True,0.759,1675.3
C_00918,LOT_022,96,35.966,True,0.759,1675.3
C_00918,LOT_022,168,47.822,True,0.759,1675.3
C_00919,LOT_022,0,11.646,False,0.372,38.1
C_00919,LOT_022,24,11.454,False,0.372,38.1
C_00919,LOT_022,96,11.946,False,0.372,38.1
C_00919,LOT_022,168,12.189,False,0.372,38.1
C_00920,LOT_022,0,11.292,False,0.265,13.3
C_00920,LOT_022,24,11.077,False,0.265,13.3
C_00920,LOT_022,96,11.444,False,0.265,13.3
C_00920,LOT_022,168,11.408,False,0.265,13.3
C_00921,LOT_023,0,8.177,False,0.331,25.6
C_00921,LOT_023,24,8.276,False,0.331,25.6
C_00921,LOT_023,96,8.308,False,0.331,25.6
C_00921,LOT_023,168,8.544,False,0.331,25.6
C_00922,LOT_023,0,8.474,False,0.377,40.1
C_00922,LOT_023,24,8.699,False,0.377,40.1
C_00922,LOT_023,96,9.02,False,0.377,40.1
C_00922,LOT_023,168,9.082,False,0.377,40.1
C_00923,LOT_023,0,7.436,False,0.296,18.1
C_00923,LOT_023,24,7.381,False,0.296,18.1
C_00923,LOT_023,96,7.59,False,0.296,18.1
C_00923,LOT_023,168,7.572,False,0.296,18.1
C_00924,LOT_023,0,8.074,False,0.378,40.2
C_00924,LOT_023,24,8.417,False,0.378,40.2
C_00924,LOT_023,96,8.413,False,0.378,40.2
C_00924,LOT_023,168,8.739,False,0.378,40.2
C_00925,LOT_023,0,8.162,True,0.653,592.2
C_00925,LOT_023,24,10.65,True,0.653,592.2
C_00925,LOT_023,96,13.658,True,0.653,592.2
C_00925,LOT_023,168,15.571,True,0.653,592.2
C_00926,LOT_023,0,8.327,False,0.412,56.1
C_00926,LOT_023,24,9.155,False,0.412,56.1
C_00926,LOT_023,96,8.93,False,0.412,56.1
C_00926,LOT_023,168,8.877,False,0.412,56.1
C_00927,LOT_023,0,6.868,False,0.36,33.6
C_00927,LOT_023,24,7.021,False,0.36,33.6
C_00927,LOT_023,96,7.354,False,0.36,33.6
C_00927,LOT_023,168,7.083,False,0.36,33.6
C_00928,LOT_023,0,8.065,False,0.32,22.8
C_00928,LOT_023,24,8.392,False,0.32,22.8
C_00928,LOT_023,96,8.457,False,0.32,22.8
C_00928,LOT_023,168,8.665,False,0.32,22.8
C_00929,LOT_023,0,8.437,False,0.292,17.4
C_00929,LOT_023,24,8.527,False,0.292,17.4
C_00929,LOT_023,96,8.826,False,0.292,17.4
C_00929,LOT_023,168,8.595,False,0.292,17.4
C_00930,LOT_023,0,8.717,False,0.38,41.1
C_00930,LOT_023,24,9.46,False,0.38,41.1
C_00930,LOT_023,96,9.504,False,0.38,41.1
C_00930,LOT_023,168,9.512,False,0.38,41.1
C_00931,LOT_023,0,7.778,True,0.685,810.9
C_00931,LOT_023,24,10.329,True,0.685,810.9
C_00931,LOT_023,96,14.1,True,0.685,810.9
C_00931,LOT_023,168,16.629,True,0.685,810.9
C_00932,LOT_023,0,8.761,False,0.35,30.7
C_00932,LOT_023,24,9.208,False,0.35,30.7
C_00932,LOT_023,96,8.961,False,0.35,30.7
C_00932,LOT_023,168,9.306,False,0.35,30.7
C_00933,LOT_023,0,9.119,False,0.327,24.5
C_00933,LOT_023,24,9.287,False,0.327,24.5
C_00933,LOT_023,96,9.336,False,0.327,24.5
C_00933,LOT_023,168,9.661,False,0.327,24.5
C_00934,LOT_023,0,8.591,False,0.368,36.4
C_00934,LOT_023,24,8.588,False,0.368,36.4
C_00934,LOT_023,96,8.867,False,0.368,36.4
C_00934,LOT_023,168,8.894,False,0.368,36.4
C_00935,LOT_023,0,8.173,False,0.325,23.9
C_00935,LOT_023,24,7.992,False,0.325,23.9
C_00935,LOT_023,96,8.315,False,0.325,23.9
C_00935,LOT_023,168,8.0,False,0.325,23.9
C_00936,LOT_023,0,8.337,False,0.345,29.2
C_00936,LOT_023,24,8.908,False,0.345,29.2
C_00936,LOT_023,96,9.196,False,0.345,29.2
C_00936,LOT_023,168,9.337,False,0.345,29.2
C_00937,LOT_023,0,8.249,False,0.343,28.7
C_00937,LOT_023,24,8.18,False,0.343,28.7
C_00937,LOT_023,96,8.241,False,0.343,28.7
C_00937,LOT_023,168,8.486,False,0.343,28.7
C_00938,LOT_023,0,7.957,False,0.359,33.4
C_00938,LOT_023,24,8.527,False,0.359,33.4
C_00938,LOT_023,96,8.193,False,0.359,33.4
C_00938,LOT_023,168,8.594,False,0.359,33.4
C_00939,LOT_023,0,7.785,True,0.708,1014.4
C_00939,LOT_023,24,11.109,True,0.708,1014.4
C_00939,LOT_023,96,15.844,True,0.708,1014.4
C_00939,LOT_023,168,19.364,True,0.708,1014.4
C_00940,LOT_023,0,7.927,False,0.362,34.4
C_00940,LOT_023,24,7.867,False,0.362,34.4
C_00940,LOT_023,96,8.175,False,0.362,34.4
C_00940,LOT_023,168,8.148,False,0.362,34.4
C_00941,LOT_023,0,7.698,False,0.244,10.9
C_00941,LOT_023,24,7.74,False,0.244,10.9
C_00941,LOT_023,96,7.64,False,0.244,10.9
C_00941,LOT_023,168,7.986,False,0.244,10.9
C_00942,LOT_023,0,8.546,False,0.374,38.6
C_00942,LOT_023,24,8.633,False,0.374,38.6
C_00942,LOT_023,96,8.703,False,0.374,38.6
C_00942,LOT_023,168,9.389,False,0.374,38.6
C_00943,LOT_023,0,8.392,True,0.809,2723.4
C_00943,LOT_023,24,17.941,True,0.809,2723.4
C_00943,LOT_023,96,31.819,True,0.809,2723.4
C_00943,LOT_023,168,42.363,True,0.809,2723.4
C_00944,LOT_023,0,8.142,False,0.294,17.8
C_00944,LOT_023,24,8.112,False,0.294,17.8
C_00944,LOT_023,96,8.355,False,0.294,17.8
C_00944,LOT_023,168,8.37,False,0.294,17.8
C_00945,LOT_023,0,8.865,False,0.355,32.3
C_00945,LOT_023,24,8.876,False,0.355,32.3
C_00945,LOT_023,96,8.979,False,0.355,32.3
C_00945,LOT_023,168,9.412,False,0.355,32.3
C_00946,LOT_023,0,8.447,False,0.367,36.0
C_00946,LOT_023,24,8.659,False,0.367,36.0
C_00946,LOT_023,96,8.835,False,0.367,36.0
C_00946,LOT_023,168,8.819,False,0.367,36.0
C_00947,LOT_023,0,8.08,False,0.401,50.2
C_00947,LOT_023,24,8.79,False,0.401,50.2
C_00947,LOT_023,96,8.822,False,0.401,50.2
C_00947,LOT_023,168,9.171,False,0.401,50.2
C_00948,LOT_023,0,8.515,False,0.346,29.4
C_00948,LOT_023,24,8.378,False,0.346,29.4
C_00948,LOT_023,96,8.695,False,0.346,29.4
C_00948,LOT_023,168,8.771,False,0.346,29.4
C_00949,LOT_023,0,7.597,True,0.739,1373.7
C_00949,LOT_023,24,11.916,True,0.739,1373.7
C_00949,LOT_023,96,18.729,True,0.739,1373.7
C_00949,LOT_023,168,24.306,True,0.739,1373.7
C_00950,LOT_023,0,8.958,False,0.355,32.1
C_00950,LOT_023,24,8.845,False,0.355,32.1
C_00950,LOT_023,96,9.244,False,0.355,32.1
C_00950,LOT_023,168,9.177,False,0.355,32.1
C_00951,LOT_023,0,9.005,False,0.36,33.8
C_00951,LOT_023,24,8.969,False,0.36,33.8
C_00951,LOT_023,96,9.047,False,0.36,33.8
C_00951,LOT_023,168,9.405,False,0.36,33.8
C_00952,LOT_023,0,7.789,False,0.424,63.1
C_00952,LOT_023,24,7.954,False,0.424,63.1
C_00952,LOT_023,96,8.524,False,0.424,63.1
C_00952,LOT_023,168,8.499,False,0.424,63.1
C_00953,LOT_023,0,8.006,False,0.403,51.4
C_00953,LOT_023,24,8.443,False,0.403,51.4
C_00953,LOT_023,96,8.604,False,0.403,51.4
C_00953,LOT_023,168,8.636,False,0.403,51.4
C_00954,LOT_023,0,8.607,False,0.317,22.1
C_00954,LOT_023,24,8.339,False,0.317,22.1
C_00954,LOT_023,96,8.705,False,0.317,22.1
C_00954,LOT_023,168,8.767,False,0.317,22.1
C_00955,LOT_023,0,7.604,False,0.335,26.4
C_00955,LOT_023,24,7.535,False,0.335,26.4
C_00955,LOT_023,96,7.932,False,0.335,26.4
C_00955,LOT_023,168,7.853,False,0.335,26.4
C_00956,LOT_023,0,8.283,False,0.336,26.7
C_00956,LOT_023,24,8.456,False,0.336,26.7
C_00956,LOT_023,96,8.803,False,0.336,26.7
C_00956,LOT_023,168,9.031,False,0.336,26.7
C_00957,LOT_023,0,8.535,False,0.344,29.0
C_00957,LOT_023,24,8.915,False,0.344,29.0
C_00957,LOT_023,96,9.356,False,0.344,29.0
C_00957,LOT_023,168,9.473,False,0.344,29.0
C_00958,LOT_023,0,8.118,False,0.306,19.9
C_00958,LOT_023,24,8.212,False,0.306,19.9
C_00958,LOT_023,96,8.141,False,0.306,19.9
C_00958,LOT_023,168,8.485,False,0.306,19.9
C_00959,LOT_023,0,7.93,False,0.328,24.8
C_00959,LOT_023,24,7.92,False,0.328,24.8
C_00959,LOT_023,96,8.298,False,0.328,24.8
C_00959,LOT_023,168,8.581,False,0.328,24.8
C_00960,LOT_023,0,9.015,False,0.391,45.9
C_00960,LOT_023,24,8.932,False,0.391,45.9
C_00960,LOT_023,96,9.355,False,0.391,45.9
C_00960,LOT_023,168,9.45,False,0.391,45.9
C_00961,LOT_024,0,9.674,True,0.696,899.9
C_00961,LOT_024,24,13.139,True,0.696,899.9
C_00961,LOT_024,96,19.266,True,0.696,899.9
C_00961,LOT_024,168,23.737,True,0.696,899.9
C_00962,LOT_024,0,8.861,False,0.36,33.7
C_00962,LOT_024,24,9.325,False,0.36,33.7
C_00962,LOT_024,96,9.537,False,0.36,33.7
C_00962,LOT_024,168,9.711,False,0.36,33.7
C_00963,LOT_024,0,10.086,False,0.33,25.2
C_00963,LOT_024,24,10.263,False,0.33,25.2
C_00963,LOT_024,96,10.004,False,0.33,25.2
C_00963,LOT_024,168,10.581,False,0.33,25.2
C_00964,LOT_024,0,9.178,False,0.42,60.8
C_00964,LOT_024,24,9.345,False,0.42,60.8
C_00964,LOT_024,96,9.777,False,0.42,60.8
C_00964,LOT_024,168,10.355,False,0.42,60.8
C_00965,LOT_024,0,9.355,False,0.321,23.1
C_00965,LOT_024,24,9.409,False,0.321,23.1
C_00965,LOT_024,96,9.326,False,0.321,23.1
C_00965,LOT_024,168,9.198,False,0.321,23.1
C_00966,LOT_024,0,9.552,False,0.372,38.0
C_00966,LOT_024,24,10.1,False,0.372,38.0
C_00966,LOT_024,96,10.027,False,0.372,38.0
C_00966,LOT_024,168,10.569,False,0.372,38.0
C_00967,LOT_024,0,8.728,False,0.338,27.3
C_00967,LOT_024,24,8.831,False,0.338,27.3
C_00967,LOT_024,96,9.441,False,0.338,27.3
C_00967,LOT_024,168,9.129,False,0.338,27.3
C_00968,LOT_024,0,9.156,False,0.349,30.3
C_00968,LOT_024,24,9.503,False,0.349,30.3
C_00968,LOT_024,96,9.226,False,0.349,30.3
C_00968,LOT_024,168,9.846,False,0.349,30.3
C_00969,LOT_024,0,9.143,False,0.384,42.8
C_00969,LOT_024,24,9.337,False,0.384,42.8
C_00969,LOT_024,96,9.698,False,0.384,42.8
C_00969,LOT_024,168,10.069,False,0.384,42.8
C_00970,LOT_024,0,9.609,False,0.362,34.6
C_00970,LOT_024,24,9.696,False,0.362,34.6
C_00970,LOT_024,96,9.781,False,0.362,34.6
C_00970,LOT_024,168,9.692,False,0.362,34.6
C_00971,LOT_024,0,9.227,False,0.327,24.4
C_00971,LOT_024,24,9.067,False,0.327,24.4
C_00971,LOT_024,96,9.335,False,0.327,24.4
C_00971,LOT_024,168,9.1,False,0.327,24.4
C_00972,LOT_024,0,9.437,False,0.399,49.5
C_00972,LOT_024,24,9.902,False,0.399,49.5
C_00972,LOT_024,96,10.032,False,0.399,49.5
C_00972,LOT_024,168,10.106,False,0.399,49.5
C_00973,LOT_024,0,8.948,False,0.347,29.9
C_00973,LOT_024,24,8.977,False,0.347,29.9
C_00973,LOT_024,96,9.154,False,0.347,29.9
C_00973,LOT_024,168,9.28,False,0.347,29.9
C_00974,LOT_024,0,10.672,False,0.341,28.1
C_00974,LOT_024,24,10.801,False,0.341,28.1
C_00974,LOT_024,96,10.993,False,0.341,28.1
C_00974,LOT_024,168,10.92,False,0.341,28.1
C_00975,LOT_024,0,9.177,False,0.397,48.4
C_00975,LOT_024,24,9.336,False,0.397,48.4
C_00975,LOT_024,96,10.12,False,0.397,48.4
C_00975,LOT_024,168,9.958,False,0.397,48.4
C_00976,LOT_024,0,9.796,True,0.695,891.8
C_00976,LOT_024,24,14.236,True,0.695,891.8
C_00976,LOT_024,96,20.19,True,0.695,891.8
C_00976,LOT_024,168,25.402,True,0.695,891.8
C_00977,LOT_024,0,9.542,False,0.369,36.8
C_00977,LOT_024,24,10.037,False,0.369,36.8
C_00977,LOT_024,96,10.042,False,0.369,36.8
C_00977,LOT_024,168,9.832,False,0.369,36.8
C_00978,LOT_024,0,8.928,False,0.369,36.8
C_00978,LOT_024,24,9.245,False,0.369,36.8
C_00978,LOT_024,96,9.322,False,0.369,36.8
C_00978,LOT_024,168,9.752,False,0.369,36.8
C_00979,LOT_024,0,9.731,False,0.377,39.8
C_00979,LOT_024,24,9.591,False,0.377,39.8
C_00979,LOT_024,96,10.324,False,0.377,39.8
C_00979,LOT_024,168,10.531,False,0.377,39.8
C_00980,LOT_024,0,9.574,False,0.398,48.8
C_00980,LOT_024,24,10.297,False,0.398,48.8
C_00980,LOT_024,96,10.453,False,0.398,48.8
C_00980,LOT_024,168,10.621,False,0.398,48.8
C_00981,LOT_024,0,8.304,True,0.693,878.3
C_00981,LOT_024,24,11.508,True,0.693,878.3
C_00981,LOT_024,96,16.543,True,0.693,878.3
C_00981,LOT_024,168,20.414,True,0.693,878.3
C_00982,LOT_024,0,10.271,False,0.375,39.2
C_00982,LOT_024,24,9.682,False,0.375,39.2
C_00982,LOT_024,96,10.199,False,0.375,39.2
C_00982,LOT_024,168,10.327,False,0.375,39.2
C_00983,LOT_024,0,9.314,False,0.341,27.9
C_00983,LOT_024,24,9.449,False,0.341,27.9
C_00983,LOT_024,96,9.65,False,0.341,27.9
C_00983,LOT_024,168,9.928,False,0.341,27.9
C_00984,LOT_024,0,9.655,False,0.343,28.7
C_00984,LOT_024,24,9.593,False,0.343,28.7
C_00984,LOT_024,96,9.989,False,0.343,28.7
C_00984,LOT_024,168,9.891,False,0.343,28.7
C_00985,LOT_024,0,9.12,False,0.35,30.5
C_00985,LOT_024,24,9.428,False,0.35,30.5
C_00985,LOT_024,96,9.403,False,0.35,30.5
C_00985,LOT_024,168,9.86,False,0.35,30.5
C_00986,LOT_024,0,9.772,False,0.352,31.4
C_00986,LOT_024,24,9.84,False,0.352,31.4
C_00986,LOT_024,96,10.225,False,0.352,31.4
C_00986,LOT_024,168,10.233,False,0.352,31.4
C_00987,LOT_024,0,9.795,False,0.35,30.6
C_00987,LOT_024,24,9.897,False,0.35,30.6
C_00987,LOT_024,96,10.57,False,0.35,30.6
C_00987,LOT_024,168,10.274,False,0.35,30.6
C_00988,LOT_024,0,9.866,False,0.341,28.1
C_00988,LOT_024,24,10.277,False,0.341,28.1
C_00988,LOT_024,96,10.544,False,0.341,28.1
C_00988,LOT_024,168,10.393,False,0.341,28.1
C_00989,LOT_024,0,9.716,False,0.373,38.3
C_00989,LOT_024,24,9.595,False,0.373,38.3
C_00989,LOT_024,96,10.472,False,0.373,38.3
C_00989,LOT_024,168,10.496,False,0.373,38.3
C_00990,LOT_024,0,8.436,False,0.306,19.9
C_00990,LOT_024,24,8.649,False,0.306,19.9
C_00990,LOT_024,96,8.852,False,0.306,19.9
C_00990,LOT_024,168,9.235,False,0.306,19.9
C_00991,LOT_024,0,10.082,False,0.317,22.1
C_00991,LOT_024,24,9.926,False,0.317,22.1
C_00991,LOT_024,96,10.408,False,0.317,22.1
C_00991,LOT_024,168,10.365,False,0.317,22.1
C_00992,LOT_024,0,10.697,False,0.328,24.8
C_00992,LOT_024,24,10.468,False,0.328,24.8
C_00992,LOT_024,96,11.031,False,0.328,24.8
C_00992,LOT_024,168,10.786,False,0.328,24.8
C_00993,LOT_024,0,9.696,False,0.374,38.6
C_00993,LOT_024,24,9.994,False,0.374,38.6
C_00993,LOT_024,96,10.322,False,0.374,38.6
C_00993,LOT_024,168,10.434,False,0.374,38.6
C_00994,LOT_024,0,8.619,False,0.374,38.7
C_00994,LOT_024,24,9.056,False,0.374,38.7
C_00994,LOT_024,96,8.814,False,0.374,38.7
C_00994,LOT_024,168,9.523,False,0.374,38.7
C_00995,LOT_024,0,9.671,False,0.334,26.2
C_00995,LOT_024,24,9.867,False,0.334,26.2
C_00995,LOT_024,96,10.1,False,0.334,26.2
C_00995,LOT_024,168,10.058,False,0.334,26.2
C_00996,LOT_024,0,8.883,False,0.432,68.3
C_00996,LOT_024,24,8.723,False,0.432,68.3
C_00996,LOT_024,96,9.25,False,0.432,68.3
C_00996,LOT_024,168,9.693,False,0.432,68.3
C_00997,LOT_024,0,10.37,False,0.353,31.5
C_00997,LOT_024,24,10.715,False,0.353,31.5
C_00997,LOT_024,96,11.149,False,0.353,31.5
C_00997,LOT_024,168,10.978,False,0.353,31.5
C_00998,LOT_024,0,8.971,False,0.381,41.3
C_00998,LOT_024,24,9.377,False,0.381,41.3
C_00998,LOT_024,96,9.611,False,0.381,41.3
C_00998,LOT_024,168,9.661,False,0.381,41.3
C_00999,LOT_024,0,9.583,False,0.347,29.8
C_00999,LOT_024,24,9.664,False,0.347,29.8
C_00999,LOT_024,96,9.975,False,0.347,29.8
C_00999,LOT_024,168,9.989,False,0.347,29.8
C_01000,LOT_024,0,9.599,False,0.294,17.6
C_01000,LOT_024,24,10.174,False,0.294,17.6
C_01000,LOT_024,96,9.652,False,0.294,17.6
C_01000,LOT_024,168,10.089,False,0.294,17.6
